HTS,clean_hts,Heading,s301_rate
0101.21.00,01012100,9903.88.15,7.5
0101.29.00,01012900,9903.88.15,7.5
0101.30.00,01013000,9903.88.15,7.5
0101.90.30,01019030,9903.88.15,7.5
0101.90.40,01019040,9903.88.15,7.5
0102.21.00,01022100,9903.88.15,7.5
0102.29.20,01022920,9903.88.15,7.5
0102.29.40,01022940,9903.88.15,7.5
0102.31.00,01023100,9903.88.15,7.5
0102.39.00,01023900,9903.88.15,7.5
0102.90.00,01029000,9903.88.15,7.5
0103.10.00,01031000,9903.88.15,7.5
0103.91.00,01039100,9903.88.15,7.5
0103.92.00,01039200,9903.88.15,7.5
0104.10.00,01041000,9903.88.15,7.5
0104.20.00,01042000,9903.88.15,7.5
0105.11.00,01051100,9903.88.15,7.5
0105.12.00,01051200,9903.88.15,7.5
0105.13.00,01051300,9903.88.15,7.5
0105.14.00,01051400,9903.88.15,7.5
0105.15.00,01051500,9903.88.15,7.5
0105.94.00,01059400,9903.88.15,7.5
0105.99.00,01059900,9903.88.15,7.5
0106.11.00,01061100,9903.88.15,7.5
0106.12.01,01061201,9903.88.15,7.5
0106.13.00,01061300,9903.88.15,7.5
0106.14.00,01061400,9903.88.15,7.5
0106.19.30,01061930,9903.88.15,7.5
0106.19.91,01061991,9903.88.15,7.5
0106.20.00,01062000,9903.88.15,7.5
0106.31.00,01063100,9903.88.15,7.5
0106.32.00,01063200,9903.88.15,7.5
0106.33.00,01063300,9903.88.15,7.5
0106.39.01,01063901,9903.88.15,7.5
0106.41.00,01064100,9903.88.15,7.5
0106.49.00,01064900,9903.88.15,7.5
0106.90.01,01069001,9903.88.15,7.5
0201.10.05,02011005,9903.88.15,7.5
0201.10.10,02011010,9903.88.15,7.5
0201.10.50,02011050,9903.88.15,7.5
0201.20.02,02012002,9903.88.15,7.5
0201.20.04,02012004,9903.88.15,7.5
0201.20.06,02012006,9903.88.15,7.5
0201.20.10,02012010,9903.88.15,7.5
0201.20.30,02012030,9903.88.15,7.5
0201.20.50,02012050,9903.88.15,7.5
0201.20.80,02012080,9903.88.15,7.5
0201.30.02,02013002,9903.88.15,7.5
0201.30.04,02013004,9903.88.15,7.5
0201.30.06,02013006,9903.88.15,7.5
0201.30.10,02013010,9903.88.15,7.5
0201.30.30,02013030,9903.88.15,7.5
0201.30.50,02013050,9903.88.15,7.5
0201.30.80,02013080,9903.88.15,7.5
0202.10.05,02021005,9903.88.15,7.5
0202.10.10,02021010,9903.88.15,7.5
0202.10.50,02021050,9903.88.15,7.5
0202.20.02,02022002,9903.88.15,7.5
0202.20.04,02022004,9903.88.15,7.5
0202.20.06,02022006,9903.88.15,7.5
0202.20.10,02022010,9903.88.15,7.5
0202.20.30,02022030,9903.88.15,7.5
0202.20.50,02022050,9903.88.15,7.5
0202.20.80,02022080,9903.88.15,7.5
0202.30.02,02023002,9903.88.15,7.5
0202.30.04,02023004,9903.88.15,7.5
0202.30.06,02023006,9903.88.15,7.5
0202.30.10,02023010,9903.88.15,7.5
0202.30.30,02023030,9903.88.15,7.5
0202.30.50,02023050,9903.88.15,7.5
0202.30.80,02023080,9903.88.15,7.5
0203.11.00,02031100,9903.88.15,7.5
0203.12.10,02031210,9903.88.15,7.5
0203.12.90,02031290,9903.88.15,7.5
0203.19.20,02031920,9903.88.15,7.5
0203.19.40,02031940,9903.88.15,7.5
0203.21.00,02032100,9903.88.15,7.5
0203.22.10,02032210,9903.88.15,7.5
0203.22.90,02032290,9903.88.15,7.5
0203.29.20,02032920,9903.88.03,25.0
0203.29.40,02032940,9903.88.03,25.0
0204.10.00,02041000,9903.88.15,7.5
0204.21.00,02042100,9903.88.15,7.5
0204.22.20,02042220,9903.88.15,7.5
0204.22.40,02042240,9903.88.15,7.5
0204.23.20,02042320,9903.88.15,7.5
0204.23.40,02042340,9903.88.15,7.5
0204.30.00,02043000,9903.88.15,7.5
0204.41.00,02044100,9903.88.15,7.5
0204.42.20,02044220,9903.88.15,7.5
0204.42.40,02044240,9903.88.15,7.5
0204.43.20,02044320,9903.88.15,7.5
0204.43.40,02044340,9903.88.15,7.5
0204.50.00,02045000,9903.88.15,7.5
0205.00.00,02050000,9903.88.15,7.5
0206.10.00,02061000,9903.88.03,25.0
0206.21.00,02062100,9903.88.15,7.5
0206.22.00,02062200,9903.88.15,7.5
0206.29.00,02062900,9903.88.15,7.5
0206.30.00,02063000,9903.88.15,7.5
0206.41.00,02064100,9903.88.15,7.5
0206.49.00,02064900,9903.88.15,7.5
0206.80.00,02068000,9903.88.15,7.5
0206.90.00,02069000,9903.88.15,7.5
0207.11.00,02071100,9903.88.15,7.5
0207.12.00,02071200,9903.88.15,7.5
0207.13.00,02071300,9903.88.15,7.5
0207.14.00,02071400,9903.88.15,7.5
0207.24.00,02072400,9903.88.15,7.5
0207.25.20,02072520,9903.88.15,7.5
0207.25.40,02072540,9903.88.15,7.5
0207.26.00,02072600,9903.88.15,7.5
0207.27.00,02072700,9903.88.15,7.5
0207.41.00,02074100,9903.88.15,7.5
0207.42.00,02074200,9903.88.15,7.5
0207.43.00,02074300,9903.88.15,7.5
0207.44.00,02074400,9903.88.15,7.5
0207.45.00,02074500,9903.88.15,7.5
0207.51.00,02075100,9903.88.15,7.5
0207.52.00,02075200,9903.88.15,7.5
0207.53.00,02075300,9903.88.15,7.5
0207.54.00,02075400,9903.88.15,7.5
0207.55.00,02075500,9903.88.15,7.5
0207.60.10,02076010,9903.88.15,7.5
0207.60.20,02076020,9903.88.15,7.5
0207.60.30,02076030,9903.88.15,7.5
0207.60.40,02076040,9903.88.15,7.5
0207.60.60,02076060,9903.88.15,7.5
0208.10.00,02081000,9903.88.03,25.0
0208.30.00,02083000,9903.88.15,7.5
0208.40.01,02084001,9903.88.15,7.5
0208.50.00,02085000,9903.88.15,7.5
0208.60.00,02086000,9903.88.15,7.5
0208.90.20,02089020,9903.88.03,25.0
0208.90.25,02089025,9903.88.03,25.0
0208.90.30,02089030,9903.88.15,7.5
0208.90.91,02089091,9903.88.15,7.5
0209.10.00,02091000,9903.88.15,7.5
0209.90.00,02099000,9903.88.15,7.5
0210.11.00,02101100,9903.88.15,7.5
0210.12.00,02101200,9903.88.15,7.5
0210.19.00,02101900,9903.88.03,25.0
0210.20.00,02102000,9903.88.15,7.5
0210.91.00,02109100,9903.88.15,7.5
0210.92.01,02109201,9903.88.15,7.5
0210.93.00,02109300,9903.88.15,7.5
0210.99.20,02109920,9903.88.15,7.5
0210.99.91,02109991,9903.88.15,7.5
0301.11.00,03011100,9903.88.03,25.0
0301.19.00,03011900,9903.88.03,25.0
0301.91.00,03019100,9903.88.03,25.0
0301.92.00,03019200,9903.88.03,25.0
0301.93.02,03019302,9903.88.03,25.0
0301.94.01,03019401,9903.88.03,25.0
0301.95.00,03019500,9903.88.03,25.0
0301.99.03,03019903,9903.88.03,25.0
0302.11.00,03021100,9903.88.03,25.0
0302.13.00,03021300,9903.88.03,25.0
0302.14.00,03021400,9903.88.03,25.0
0302.19.00,03021900,9903.88.03,25.0
0302.21.00,03022100,9903.88.03,25.0
0302.22.00,03022200,9903.88.03,25.0
0302.23.00,03022300,9903.88.03,25.0
0302.24.00,03022400,9903.88.03,25.0
0302.29.01,03022901,9903.88.03,25.0
0302.31.00,03023100,9903.88.03,25.0
0302.32.00,03023200,9903.88.03,25.0
0302.33.00,03023300,9903.88.03,25.0
0302.34.00,03023400,9903.88.03,25.0
0302.35.01,03023501,9903.88.03,25.0
0302.36.00,03023600,9903.88.03,25.0
0302.39.02,03023902,9903.88.03,25.0
0302.41.00,03024100,9903.88.03,25.0
0302.42.00,03024200,9903.88.03,25.0
0302.43.00,03024300,9903.88.03,25.0
0302.44.00,03024400,9903.88.03,25.0
0302.45.11,03024511,9903.88.03,25.0
0302.45.50,03024550,9903.88.03,25.0
0302.46.11,03024611,9903.88.03,25.0
0302.46.50,03024650,9903.88.03,25.0
0302.47.00,03024700,9903.88.03,25.0
0302.49.00,03024900,9903.88.03,25.0
0302.51.00,03025100,9903.88.03,25.0
0302.52.00,03025200,9903.88.03,25.0
0302.53.00,03025300,9903.88.03,25.0
0302.54.11,03025411,9903.88.03,25.0
0302.54.50,03025450,9903.88.03,25.0
0302.55.11,03025511,9903.88.03,25.0
0302.55.50,03025550,9903.88.03,25.0
0302.56.11,03025611,9903.88.03,25.0
0302.56.50,03025650,9903.88.03,25.0
0302.59.11,03025911,9903.88.03,25.0
0302.59.50,03025950,9903.88.03,25.0
0302.71.11,03027111,9903.88.03,25.0
0302.71.50,03027150,9903.88.03,25.0
0302.72.11,03027211,9903.88.03,25.0
0302.72.50,03027250,9903.88.03,25.0
0302.73.11,03027311,9903.88.03,25.0
0302.73.50,03027350,9903.88.03,25.0
0302.74.00,03027400,9903.88.03,25.0
0302.79.11,03027911,9903.88.03,25.0
0302.79.50,03027950,9903.88.03,25.0
0302.81.00,03028100,9903.88.03,25.0
0302.82.00,03028200,9903.88.03,25.0
0302.83.00,03028300,9903.88.03,25.0
0302.84.11,03028411,9903.88.03,25.0
0302.84.50,03028450,9903.88.03,25.0
0302.85.11,03028511,9903.88.03,25.0
0302.85.50,03028550,9903.88.03,25.0
0302.89.11,03028911,9903.88.03,25.0
0302.89.50,03028950,9903.88.03,25.0
0302.91.20,03029120,9903.88.03,25.0
0302.91.40,03029140,9903.88.03,25.0
0302.92.00,03029200,9903.88.03,25.0
0302.99.00,03029900,9903.88.03,25.0
0303.11.00,03031100,9903.88.03,25.0
0303.12.00,03031200,9903.88.03,25.0
0303.13.00,03031300,9903.88.03,25.0
0303.14.00,03031400,9903.88.03,25.0
0303.19.01,03031901,9903.88.03,25.0
0303.23.00,03032300,9903.88.03,25.0
0303.24.00,03032400,9903.88.03,25.0
0303.25.01,03032501,9903.88.03,25.0
0303.26.00,03032600,9903.88.03,25.0
0303.29.01,03032901,9903.88.03,25.0
0303.31.00,03033100,9903.88.03,25.0
0303.32.00,03033200,9903.88.03,25.0
0303.33.00,03033300,9903.88.03,25.0
0303.34.00,03033400,9903.88.03,25.0
0303.39.01,03033901,9903.88.03,25.0
0303.41.00,03034100,9903.88.03,25.0
0303.42.00,03034200,9903.88.03,25.0
0303.43.00,03034300,9903.88.03,25.0
0303.44.00,03034400,9903.88.03,25.0
0303.45.01,03034501,9903.88.03,25.0
0303.46.00,03034600,9903.88.03,25.0
0303.49.02,03034902,9903.88.03,25.0
0303.51.00,03035100,9903.88.03,25.0
0303.53.00,03035300,9903.88.03,25.0
0303.54.00,03035400,9903.88.03,25.0
0303.55.00,03035500,9903.88.03,25.0
0303.56.00,03035600,9903.88.03,25.0
0303.57.00,03035700,9903.88.03,25.0
0303.59.00,03035900,9903.88.03,25.0
0303.63.00,03036300,9903.88.03,25.0
0303.64.00,03036400,9903.88.03,25.0
0303.65.00,03036500,9903.88.03,25.0
0303.66.00,03036600,9903.88.03,25.0
0303.67.00,03036700,9903.88.03,25.0
0303.68.00,03036800,9903.88.03,25.0
0303.81.00,03038100,9903.88.03,25.0
0303.82.00,03038200,9903.88.03,25.0
0303.83.00,03038300,9903.88.03,25.0
0303.84.00,03038400,9903.88.03,25.0
0303.89.00,03038900,9903.88.03,25.0
0303.91.20,03039120,9903.88.03,25.0
0303.91.40,03039140,9903.88.03,25.0
0303.92.00,03039200,9903.88.03,25.0
0303.99.00,03039900,9903.88.03,25.0
0304.31.00,03043100,9903.88.03,25.0
0304.32.00,03043200,9903.88.03,25.0
0304.33.00,03043300,9903.88.03,25.0
0304.39.00,03043900,9903.88.03,25.0
0304.41.00,03044100,9903.88.03,25.0
0304.42.00,03044200,9903.88.03,25.0
0304.43.00,03044300,9903.88.03,25.0
0304.44.00,03044400,9903.88.03,25.0
0304.45.00,03044500,9903.88.03,25.0
0304.46.00,03044600,9903.88.03,25.0
0304.47.00,03044700,9903.88.03,25.0
0304.48.00,03044800,9903.88.03,25.0
0304.49.01,03044901,9903.88.03,25.0
0304.51.01,03045101,9903.88.03,25.0
0304.52.00,03045200,9903.88.03,25.0
0304.53.00,03045300,9903.88.03,25.0
0304.54.00,03045400,9903.88.03,25.0
0304.55.00,03045500,9903.88.03,25.0
0304.56.00,03045600,9903.88.03,25.0
0304.57.00,03045700,9903.88.03,25.0
0304.59.00,03045900,9903.88.03,25.0
0304.61.00,03046100,9903.88.03,25.0
0304.62.00,03046200,9903.88.03,25.0
0304.63.00,03046300,9903.88.03,25.0
0304.69.00,03046900,9903.88.03,25.0
0304.72.50,03047250,9903.88.03,25.0
0304.73.10,03047310,9903.88.03,25.0
0304.73.50,03047350,9903.88.03,25.0
0304.74.10,03047410,9903.88.03,25.0
0304.74.50,03047450,9903.88.03,25.0
0304.79.10,03047910,9903.88.03,25.0
0304.79.50,03047950,9903.88.03,25.0
0304.82.10,03048210,9903.88.03,25.0
0304.82.50,03048250,9903.88.03,25.0
0304.83.10,03048310,9903.88.03,25.0
0304.83.50,03048350,9903.88.03,25.0
0304.84.00,03048400,9903.88.03,25.0
0304.85.00,03048500,9903.88.03,25.0
0304.86.00,03048600,9903.88.03,25.0
0304.87.00,03048700,9903.88.03,25.0
0304.88.00,03048800,9903.88.03,25.0
0304.89.10,03048910,9903.88.03,25.0
0304.89.50,03048950,9903.88.03,25.0
0304.91.10,03049110,9903.88.03,25.0
0304.91.90,03049190,9903.88.03,25.0
0304.92.10,03049210,9903.88.03,25.0
0304.92.90,03049290,9903.88.03,25.0
0304.93.10,03049310,9903.88.03,25.0
0304.93.90,03049390,9903.88.03,25.0
0304.94.90,03049490,9903.88.03,25.0
0304.95.10,03049510,9903.88.03,25.0
0304.96.00,03049600,9903.88.03,25.0
0304.97.00,03049700,9903.88.03,25.0
0304.99.11,03049911,9903.88.03,25.0
0304.99.91,03049991,9903.88.03,25.0
0305.20.20,03052020,9903.88.03,25.0
0305.20.40,03052040,9903.88.03,25.0
0305.31.01,03053101,9903.88.03,25.0
0305.32.00,03053200,9903.88.03,25.0
0305.39.20,03053920,9903.88.03,25.0
0305.39.40,03053940,9903.88.03,25.0
0305.39.61,03053961,9903.88.03,25.0
0305.41.00,03054100,9903.88.03,25.0
0305.42.00,03054200,9903.88.03,25.0
0305.43.00,03054300,9903.88.03,25.0
0305.44.01,03054401,9903.88.03,25.0
0305.49.20,03054920,9903.88.03,25.0
0305.49.40,03054940,9903.88.03,25.0
0305.51.00,03055100,9903.88.03,25.0
0305.52.00,03055200,9903.88.03,25.0
0305.53.00,03055300,9903.88.03,25.0
0305.54.00,03055400,9903.88.03,25.0
0305.59.00,03055900,9903.88.03,25.0
0305.61.20,03056120,9903.88.03,25.0
0305.61.40,03056140,9903.88.03,25.0
0305.62.00,03056200,9903.88.03,25.0
0305.63.20,03056320,9903.88.03,25.0
0305.63.40,03056340,9903.88.03,25.0
0305.63.60,03056360,9903.88.03,25.0
0305.64.10,03056410,9903.88.03,25.0
0305.64.50,03056450,9903.88.03,25.0
0305.69.10,03056910,9903.88.03,25.0
0305.69.20,03056920,9903.88.03,25.0
0305.69.30,03056930,9903.88.03,25.0
0305.69.40,03056940,9903.88.03,25.0
0305.69.50,03056950,9903.88.03,25.0
0305.69.60,03056960,9903.88.03,25.0
0305.71.00,03057100,9903.88.03,25.0
0305.72.00,03057200,9903.88.03,25.0
0305.79.00,03057900,9903.88.03,25.0
0306.11.00,03061100,9903.88.03,25.0
0306.12.00,03061200,9903.88.03,25.0
0306.14.20,03061420,9903.88.03,25.0
0306.14.40,03061440,9903.88.03,25.0
0306.15.00,03061500,9903.88.03,25.0
0306.16.00,03061600,9903.88.03,25.0
0306.17.00,03061700,9903.88.03,25.0
0306.19.01,03061901,9903.88.03,25.0
0306.31.00,03063100,9903.88.03,25.0
0306.32.00,03063200,9903.88.03,25.0
0306.33.20,03063320,9903.88.03,25.0
0306.33.40,03063340,9903.88.03,25.0
0306.34.00,03063400,9903.88.03,25.0
0306.35.00,03063500,9903.88.03,25.0
0306.36.00,03063600,9903.88.03,25.0
0306.39.01,03063901,9903.88.03,25.0
0306.91.00,03069100,9903.88.03,25.0
0306.92.00,03069200,9903.88.03,25.0
0306.93.20,03069320,9903.88.03,25.0
0306.93.40,03069340,9903.88.03,25.0
0306.94.00,03069400,9903.88.03,25.0
0306.95.00,03069500,9903.88.03,25.0
0306.99.01,03069901,9903.88.03,25.0
0307.11.00,03071100,9903.88.03,25.0
0307.12.00,03071200,9903.88.03,25.0
0307.19.01,03071901,9903.88.03,25.0
0307.21.00,03072100,9903.88.03,25.0
0307.22.00,03072200,9903.88.03,25.0
0307.29.01,03072901,9903.88.03,25.0
0307.31.00,03073100,9903.88.03,25.0
0307.32.00,03073200,9903.88.03,25.0
0307.39.01,03073901,9903.88.03,25.0
0307.42.00,03074200,9903.88.03,25.0
0307.43.00,03074300,9903.88.03,25.0
0307.49.01,03074901,9903.88.03,25.0
0307.51.00,03075100,9903.88.03,25.0
0307.52.00,03075200,9903.88.03,25.0
0307.59.01,03075901,9903.88.03,25.0
0307.60.00,03076000,9903.88.03,25.0
0307.71.00,03077100,9903.88.03,25.0
0307.72.00,03077200,9903.88.03,25.0
0307.79.01,03077901,9903.88.03,25.0
0307.81.00,03078100,9903.88.03,25.0
0307.82.00,03078200,9903.88.03,25.0
0307.83.00,03078300,9903.88.03,25.0
0307.84.00,03078400,9903.88.03,25.0
0307.87.00,03078700,9903.88.03,25.0
0307.88.00,03078800,9903.88.03,25.0
0307.91.03,03079103,9903.88.03,25.0
0307.92.01,03079201,9903.88.03,25.0
0307.99.03,03079903,9903.88.03,25.0
0308.11.00,03081100,9903.88.03,25.0
0308.12.00,03081200,9903.88.03,25.0
0308.19.01,03081901,9903.88.03,25.0
0308.21.00,03082100,9903.88.03,25.0
0308.22.00,03082200,9903.88.03,25.0
0308.29.01,03082901,9903.88.03,25.0
0308.30.00,03083000,9903.88.03,25.0
0308.90.01,03089001,9903.88.03,25.0
0309.10.05,03091005,9903.88.03,25.0
0309.10.90,03091090,9903.88.03,25.0
0309.90.10,03099010,9903.88.03,25.0
0309.90.20,03099020,9903.88.03,25.0
0309.90.30,03099030,9903.88.03,25.0
0309.90.40,03099040,9903.88.03,25.0
0309.90.50,03099050,9903.88.03,25.0
0309.90.60,03099060,9903.88.03,25.0
0309.90.90,03099090,9903.88.03,25.0
0401.10.00,04011000,9903.88.15,7.5
0401.20.20,04012020,9903.88.15,7.5
0401.20.40,04012040,9903.88.15,7.5
0401.40.02,04014002,9903.88.15,7.5
0401.40.05,04014005,9903.88.15,7.5
0401.40.25,04014025,9903.88.15,7.5
0401.50.02,04015002,9903.88.15,7.5
0401.50.05,04015005,9903.88.15,7.5
0401.50.25,04015025,9903.88.15,7.5
0401.50.42,04015042,9903.88.15,7.5
0401.50.50,04015050,9903.88.15,7.5
0401.50.75,04015075,9903.88.15,7.5
0402.10.05,04021005,9903.88.15,7.5
0402.10.10,04021010,9903.88.15,7.5
0402.10.50,04021050,9903.88.15,7.5
0402.21.02,04022102,9903.88.15,7.5
0402.21.05,04022105,9903.88.15,7.5
0402.21.25,04022125,9903.88.15,7.5
0402.21.27,04022127,9903.88.15,7.5
0402.21.30,04022130,9903.88.15,7.5
0402.21.50,04022150,9903.88.15,7.5
0402.21.73,04022173,9903.88.15,7.5
0402.21.75,04022175,9903.88.15,7.5
0402.21.90,04022190,9903.88.15,7.5
0402.29.05,04022905,9903.88.15,7.5
0402.29.10,04022910,9903.88.15,7.5
0402.29.50,04022950,9903.88.15,7.5
0402.91.03,04029103,9903.88.15,7.5
0402.91.06,04029106,9903.88.15,7.5
0402.91.10,04029110,9903.88.15,7.5
0402.91.30,04029130,9903.88.15,7.5
0402.91.70,04029170,9903.88.15,7.5
0402.91.90,04029190,9903.88.15,7.5
0402.99.03,04029903,9903.88.15,7.5
0402.99.06,04029906,9903.88.15,7.5
0402.99.10,04029910,9903.88.15,7.5
0402.99.30,04029930,9903.88.15,7.5
0402.99.45,04029945,9903.88.15,7.5
0402.99.55,04029955,9903.88.15,7.5
0402.99.68,04029968,9903.88.15,7.5
0402.99.70,04029970,9903.88.15,7.5
0402.99.90,04029990,9903.88.15,7.5
0403.20.05,04032005,9903.88.15,7.5
0403.20.10,04032010,9903.88.15,7.5
0403.20.50,04032050,9903.88.15,7.5
0403.20.90,04032090,9903.88.15,7.5
0403.90.02,04039002,9903.88.15,7.5
0403.90.04,04039004,9903.88.15,7.5
0403.90.16,04039016,9903.88.15,7.5
0403.90.20,04039020,9903.88.15,7.5
0403.90.37,04039037,9903.88.15,7.5
0403.90.41,04039041,9903.88.15,7.5
0403.90.45,04039045,9903.88.15,7.5
0403.90.47,04039047,9903.88.15,7.5
0403.90.51,04039051,9903.88.15,7.5
0403.90.55,04039055,9903.88.15,7.5
0403.90.57,04039057,9903.88.15,7.5
0403.90.61,04039061,9903.88.15,7.5
0403.90.65,04039065,9903.88.15,7.5
0403.90.72,04039072,9903.88.15,7.5
0403.90.74,04039074,9903.88.15,7.5
0403.90.78,04039078,9903.88.15,7.5
0403.90.85,04039085,9903.88.15,7.5
0403.90.87,04039087,9903.88.15,7.5
0403.90.90,04039090,9903.88.15,7.5
0403.90.95,04039095,9903.88.15,7.5
0404.10.05,04041005,9903.88.03,25.0
0404.10.08,04041008,9903.88.03,25.0
0404.10.11,04041011,9903.88.03,25.0
0404.10.15,04041015,9903.88.03,25.0
0404.10.20,04041020,9903.88.03,25.0
0404.10.48,04041048,9903.88.03,25.0
0404.10.50,04041050,9903.88.03,25.0
0404.10.90,04041090,9903.88.03,25.0
0404.90.10,04049010,9903.88.15,7.5
0404.90.28,04049028,9903.88.15,7.5
0404.90.30,04049030,9903.88.15,7.5
0404.90.50,04049050,9903.88.15,7.5
0404.90.70,04049070,9903.88.15,7.5
0405.10.05,04051005,9903.88.03,25.0
0405.10.10,04051010,9903.88.03,25.0
0405.10.20,04051020,9903.88.03,25.0
0405.20.10,04052010,9903.88.15,7.5
0405.20.20,04052020,9903.88.15,7.5
0405.20.30,04052030,9903.88.15,7.5
0405.20.40,04052040,9903.88.15,7.5
0405.20.50,04052050,9903.88.15,7.5
0405.20.60,04052060,9903.88.15,7.5
0405.20.70,04052070,9903.88.15,7.5
0405.20.80,04052080,9903.88.15,7.5
0405.90.05,04059005,9903.88.15,7.5
0405.90.10,04059010,9903.88.15,7.5
0405.90.20,04059020,9903.88.15,7.5
0406.10.02,04061002,9903.88.15,7.5
0406.10.04,04061004,9903.88.15,7.5
0406.10.08,04061008,9903.88.15,7.5
0406.10.12,04061012,9903.88.15,7.5
0406.10.14,04061014,9903.88.15,7.5
0406.10.18,04061018,9903.88.15,7.5
0406.10.24,04061024,9903.88.15,7.5
0406.10.28,04061028,9903.88.15,7.5
0406.10.34,04061034,9903.88.15,7.5
0406.10.38,04061038,9903.88.15,7.5
0406.10.44,04061044,9903.88.15,7.5
0406.10.48,04061048,9903.88.15,7.5
0406.10.54,04061054,9903.88.15,7.5
0406.10.58,04061058,9903.88.15,7.5
0406.10.64,04061064,9903.88.15,7.5
0406.10.68,04061068,9903.88.15,7.5
0406.10.74,04061074,9903.88.15,7.5
0406.10.78,04061078,9903.88.15,7.5
0406.10.84,04061084,9903.88.15,7.5
0406.10.88,04061088,9903.88.15,7.5
0406.10.95,04061095,9903.88.15,7.5
0406.20.10,04062010,9903.88.15,7.5
0406.20.15,04062015,9903.88.15,7.5
0406.20.22,04062022,9903.88.15,7.5
0406.20.24,04062024,9903.88.15,7.5
0406.20.28,04062028,9903.88.15,7.5
0406.20.29,04062029,9903.88.15,7.5
0406.20.31,04062031,9903.88.15,7.5
0406.20.33,04062033,9903.88.15,7.5
0406.20.34,04062034,9903.88.15,7.5
0406.20.36,04062036,9903.88.15,7.5
0406.20.39,04062039,9903.88.15,7.5
0406.20.43,04062043,9903.88.15,7.5
0406.20.44,04062044,9903.88.15,7.5
0406.20.48,04062048,9903.88.15,7.5
0406.20.49,04062049,9903.88.15,7.5
0406.20.51,04062051,9903.88.15,7.5
0406.20.53,04062053,9903.88.15,7.5
0406.20.54,04062054,9903.88.15,7.5
0406.20.55,04062055,9903.88.15,7.5
0406.20.56,04062056,9903.88.15,7.5
0406.20.57,04062057,9903.88.15,7.5
0406.20.61,04062061,9903.88.15,7.5
0406.20.63,04062063,9903.88.15,7.5
0406.20.65,04062065,9903.88.15,7.5
0406.20.67,04062067,9903.88.15,7.5
0406.20.69,04062069,9903.88.15,7.5
0406.20.71,04062071,9903.88.15,7.5
0406.20.73,04062073,9903.88.15,7.5
0406.20.75,04062075,9903.88.15,7.5
0406.20.77,04062077,9903.88.15,7.5
0406.20.79,04062079,9903.88.15,7.5
0406.20.81,04062081,9903.88.15,7.5
0406.20.83,04062083,9903.88.15,7.5
0406.20.85,04062085,9903.88.15,7.5
0406.20.87,04062087,9903.88.15,7.5
0406.20.89,04062089,9903.88.15,7.5
0406.20.91,04062091,9903.88.15,7.5
0406.20.95,04062095,9903.88.15,7.5
0406.30.05,04063005,9903.88.15,7.5
0406.30.12,04063012,9903.88.15,7.5
0406.30.14,04063014,9903.88.15,7.5
0406.30.18,04063018,9903.88.15,7.5
0406.30.22,04063022,9903.88.15,7.5
0406.30.24,04063024,9903.88.15,7.5
0406.30.28,04063028,9903.88.15,7.5
0406.30.32,04063032,9903.88.15,7.5
0406.30.34,04063034,9903.88.15,7.5
0406.30.38,04063038,9903.88.15,7.5
0406.30.42,04063042,9903.88.15,7.5
0406.30.44,04063044,9903.88.15,7.5
0406.30.48,04063048,9903.88.15,7.5
0406.30.49,04063049,9903.88.15,7.5
0406.30.51,04063051,9903.88.15,7.5
0406.30.53,04063053,9903.88.15,7.5
0406.30.55,04063055,9903.88.15,7.5
0406.30.56,04063056,9903.88.15,7.5
0406.30.57,04063057,9903.88.15,7.5
0406.30.61,04063061,9903.88.15,7.5
0406.30.63,04063063,9903.88.15,7.5
0406.30.65,04063065,9903.88.15,7.5
0406.30.67,04063067,9903.88.15,7.5
0406.30.69,04063069,9903.88.15,7.5
0406.30.71,04063071,9903.88.15,7.5
0406.30.73,04063073,9903.88.15,7.5
0406.30.75,04063075,9903.88.15,7.5
0406.30.77,04063077,9903.88.15,7.5
0406.30.79,04063079,9903.88.15,7.5
0406.30.81,04063081,9903.88.15,7.5
0406.30.83,04063083,9903.88.15,7.5
0406.30.85,04063085,9903.88.15,7.5
0406.30.87,04063087,9903.88.15,7.5
0406.30.89,04063089,9903.88.15,7.5
0406.30.91,04063091,9903.88.15,7.5
0406.30.95,04063095,9903.88.15,7.5
0406.40.20,04064020,9903.88.15,7.5
0406.40.40,04064040,9903.88.15,7.5
0406.40.44,04064044,9903.88.15,7.5
0406.40.48,04064048,9903.88.15,7.5
0406.40.51,04064051,9903.88.15,7.5
0406.40.52,04064052,9903.88.15,7.5
0406.40.54,04064054,9903.88.15,7.5
0406.40.58,04064058,9903.88.15,7.5
0406.40.70,04064070,9903.88.15,7.5
0406.90.05,04069005,9903.88.15,7.5
0406.90.06,04069006,9903.88.15,7.5
0406.90.08,04069008,9903.88.15,7.5
0406.90.12,04069012,9903.88.15,7.5
0406.90.14,04069014,9903.88.15,7.5
0406.90.16,04069016,9903.88.15,7.5
0406.90.18,04069018,9903.88.15,7.5
0406.90.20,04069020,9903.88.15,7.5
0406.90.25,04069025,9903.88.15,7.5
0406.90.28,04069028,9903.88.15,7.5
0406.90.31,04069031,9903.88.15,7.5
0406.90.32,04069032,9903.88.15,7.5
0406.90.33,04069033,9903.88.15,7.5
0406.90.34,04069034,9903.88.15,7.5
0406.90.36,04069036,9903.88.15,7.5
0406.90.37,04069037,9903.88.15,7.5
0406.90.38,04069038,9903.88.15,7.5
0406.90.39,04069039,9903.88.15,7.5
0406.90.41,04069041,9903.88.15,7.5
0406.90.42,04069042,9903.88.15,7.5
0406.90.43,04069043,9903.88.15,7.5
0406.90.44,04069044,9903.88.15,7.5
0406.90.46,04069046,9903.88.15,7.5
0406.90.48,04069048,9903.88.15,7.5
0406.90.49,04069049,9903.88.15,7.5
0406.90.51,04069051,9903.88.15,7.5
0406.90.52,04069052,9903.88.15,7.5
0406.90.54,04069054,9903.88.15,7.5
0406.90.56,04069056,9903.88.15,7.5
0406.90.57,04069057,9903.88.15,7.5
0406.90.59,04069059,9903.88.15,7.5
0406.90.61,04069061,9903.88.15,7.5
0406.90.63,04069063,9903.88.15,7.5
0406.90.66,04069066,9903.88.15,7.5
0406.90.68,04069068,9903.88.15,7.5
0406.90.72,04069072,9903.88.15,7.5
0406.90.74,04069074,9903.88.15,7.5
0406.90.76,04069076,9903.88.15,7.5
0406.90.78,04069078,9903.88.15,7.5
0406.90.82,04069082,9903.88.15,7.5
0406.90.84,04069084,9903.88.15,7.5
0406.90.86,04069086,9903.88.15,7.5
0406.90.88,04069088,9903.88.15,7.5
0406.90.90,04069090,9903.88.15,7.5
0406.90.92,04069092,9903.88.15,7.5
0406.90.93,04069093,9903.88.15,7.5
0406.90.94,04069094,9903.88.15,7.5
0406.90.95,04069095,9903.88.15,7.5
0406.90.97,04069097,9903.88.15,7.5
0406.90.99,04069099,9903.88.15,7.5
0407.11.00,04071100,9903.88.15,7.5
0407.19.00,04071900,9903.88.03,25.0
0407.21.00,04072100,9903.88.03,25.0
0407.29.00,04072900,9903.88.03,25.0
0407.90.00,04079000,9903.88.03,25.0
0408.11.00,04081100,9903.88.03,25.0
0408.19.00,04081900,9903.88.03,25.0
0408.91.00,04089100,9903.88.15,7.5
0408.99.00,04089900,9903.88.03,25.0
0409.00.00,04090000,9903.88.03,25.0
0410.10.00,04101000,9903.88.03,25.0
0410.90.00,04109000,9903.88.03,25.0
0501.00.00,05010000,9903.88.15,7.5
0502.90.00,05029000,9903.88.15,7.5
0504.00.00,05040000,9903.88.15,7.5
0505.10.00,05051000,9903.88.15,7.5
0505.90.20,05059020,9903.88.03,25.0
0505.90.60,05059060,9903.88.03,25.0
0506.10.00,05061000,9903.88.03,25.0
0506.90.00,05069000,9903.88.03,25.0
0507.10.00,05071000,9903.88.15,7.5
0507.90.00,05079000,9903.88.03,25.0
0508.00.00,05080000,9903.88.03,25.0
0510.00.20,05100020,9903.88.15,7.5
0510.00.40,05100040,9903.88.03,25.0
0511.10.00,05111000,9903.88.03,25.0
0511.91.00,05119100,9903.88.03,25.0
0511.99.20,05119920,9903.88.03,25.0
0511.99.30,05119930,9903.88.03,25.0
0511.99.33,05119933,9903.88.03,25.0
0511.99.36,05119936,9903.88.03,25.0
0511.99.40,05119940,9903.88.03,25.0
0601.10.15,06011015,9903.88.15,7.5
0601.10.30,06011030,9903.88.15,7.5
0601.10.45,06011045,9903.88.15,7.5
0601.10.60,06011060,9903.88.15,7.5
0601.10.75,06011075,9903.88.15,7.5
0601.10.85,06011085,9903.88.15,7.5
0601.10.90,06011090,9903.88.15,7.5
0601.20.10,06012010,9903.88.15,7.5
0601.20.90,06012090,9903.88.15,7.5
0602.10.00,06021000,9903.88.15,7.5
0602.20.00,06022000,9903.88.15,7.5
0602.30.00,06023000,9903.88.15,7.5
0602.40.00,06024000,9903.88.15,7.5
0602.90.20,06029020,9903.88.15,7.5
0602.90.30,06029030,9903.88.15,7.5
0602.90.40,06029040,9903.88.15,7.5
0602.90.60,06029060,9903.88.15,7.5
0602.90.90,06029090,9903.88.15,7.5
0603.11.00,06031100,9903.88.15,7.5
0603.12.30,06031230,9903.88.15,7.5
0603.12.70,06031270,9903.88.15,7.5
0603.13.00,06031300,9903.88.15,7.5
0603.14.00,06031400,9903.88.15,7.5
0603.15.00,06031500,9903.88.15,7.5
0603.19.01,06031901,9903.88.15,7.5
0603.90.00,06039000,9903.88.15,7.5
0604.20.00,06042000,9903.88.15,7.5
0604.90.10,06049010,9903.88.15,7.5
0604.90.30,06049030,9903.88.15,7.5
0604.90.60,06049060,9903.88.15,7.5
0701.10.00,07011000,9903.88.15,7.5
0701.90.10,07019010,9903.88.15,7.5
0701.90.50,07019050,9903.88.15,7.5
0702.00.20,07020020,9903.88.15,7.5
0702.00.40,07020040,9903.88.15,7.5
0702.00.60,07020060,9903.88.15,7.5
0703.10.20,07031020,9903.88.03,25.0
0703.10.30,07031030,9903.88.03,25.0
0703.10.40,07031040,9903.88.03,25.0
0703.20.00,07032000,9903.88.03,25.0
0703.90.00,07039000,9903.88.03,25.0
0704.10.20,07041020,9903.88.03,25.0
0704.10.40,07041040,9903.88.03,25.0
0704.10.60,07041060,9903.88.03,25.0
0704.20.00,07042000,9903.88.15,7.5
0704.90.20,07049020,9903.88.03,25.0
0704.90.40,07049040,9903.88.03,25.0
0705.11.20,07051120,9903.88.15,7.5
0705.11.40,07051140,9903.88.15,7.5
0705.19.20,07051920,9903.88.15,7.5
0705.19.40,07051940,9903.88.15,7.5
0705.21.00,07052100,9903.88.15,7.5
0705.29.00,07052900,9903.88.15,7.5
0706.10.05,07061005,9903.88.03,25.0
0706.10.10,07061010,9903.88.03,25.0
0706.10.20,07061020,9903.88.03,25.0
0706.10.40,07061040,9903.88.03,25.0
0706.90.20,07069020,9903.88.03,25.0
0706.90.30,07069030,9903.88.03,25.0
0706.90.40,07069040,9903.88.03,25.0
0707.00.20,07070020,9903.88.15,7.5
0707.00.40,07070040,9903.88.15,7.5
0707.00.50,07070050,9903.88.03,25.0
0707.00.60,07070060,9903.88.15,7.5
0708.10.20,07081020,9903.88.03,25.0
0708.10.40,07081040,9903.88.03,25.0
0708.20.10,07082010,9903.88.15,7.5
0708.20.20,07082020,9903.88.03,25.0
0708.20.90,07082090,9903.88.03,25.0
0708.90.05,07089005,9903.88.15,7.5
0708.90.15,07089015,9903.88.03,25.0
0708.90.25,07089025,9903.88.15,7.5
0708.90.30,07089030,9903.88.15,7.5
0708.90.40,07089040,9903.88.03,25.0
0709.20.10,07092010,9903.88.15,7.5
0709.20.90,07092090,9903.88.15,7.5
0709.30.20,07093020,9903.88.15,7.5
0709.30.40,07093040,9903.88.15,7.5
0709.40.20,07094020,9903.88.03,25.0
0709.40.40,07094040,9903.88.03,25.0
0709.40.60,07094060,9903.88.03,25.0
0709.51.01,07095101,9903.88.03,25.0
0709.52.05,07095205,9903.88.03,25.0
0709.53.00,07095300,9903.88.03,25.0
0709.54.00,07095400,9903.88.03,25.0
0709.55.00,07095500,9903.88.03,25.0
0709.56.00,07095600,9903.88.03,25.0
0709.59.11,07095911,9903.88.03,25.0
0709.59.91,07095991,9903.88.03,25.0
0709.60.20,07096020,9903.88.03,25.0
0709.60.40,07096040,9903.88.03,25.0
0709.70.00,07097000,9903.88.15,7.5
0709.91.00,07099100,9903.88.15,7.5
0709.92.00,07099200,9903.88.15,7.5
0709.93.10,07099310,9903.88.15,7.5
0709.93.20,07099320,9903.88.03,25.0
0709.93.30,07099330,9903.88.15,7.5
0709.99.05,07099905,9903.88.03,25.0
0709.99.10,07099910,9903.88.03,25.0
0709.99.14,07099914,9903.88.03,25.0
0709.99.30,07099930,9903.88.03,25.0
0709.99.45,07099945,9903.88.03,25.0
0709.99.90,07099990,9903.88.03,25.0
0710.10.00,07101000,9903.88.03,25.0
0710.21.20,07102120,9903.88.03,25.0
0710.21.40,07102140,9903.88.03,25.0
0710.22.10,07102210,9903.88.03,25.0
0710.22.15,07102215,9903.88.03,25.0
0710.22.20,07102220,9903.88.03,25.0
0710.22.25,07102225,9903.88.03,25.0
0710.22.37,07102237,9903.88.03,25.0
0710.22.40,07102240,9903.88.03,25.0
0710.29.05,07102905,9903.88.03,25.0
0710.29.15,07102915,9903.88.15,7.5
0710.29.25,07102925,9903.88.03,25.0
0710.29.30,07102930,9903.88.03,25.0
0710.29.40,07102940,9903.88.03,25.0
0710.30.00,07103000,9903.88.03,25.0
0710.40.00,07104000,9903.88.03,25.0
0710.80.15,07108015,9903.88.03,25.0
0710.80.20,07108020,9903.88.03,25.0
0710.80.40,07108040,9903.88.03,25.0
0710.80.45,07108045,9903.88.03,25.0
0710.80.50,07108050,9903.88.03,25.0
0710.80.60,07108060,9903.88.15,7.5
0710.80.65,07108065,9903.88.03,25.0
0710.80.70,07108070,9903.88.03,25.0
0710.80.85,07108085,9903.88.15,7.5
0710.80.93,07108093,9903.88.03,25.0
0710.80.97,07108097,9903.88.03,25.0
0710.90.11,07109011,9903.88.03,25.0
0710.90.91,07109091,9903.88.03,25.0
0711.20.18,07112018,9903.88.15,7.5
0711.20.28,07112028,9903.88.15,7.5
0711.20.38,07112038,9903.88.15,7.5
0711.20.40,07112040,9903.88.15,7.5
0711.40.00,07114000,9903.88.03,25.0
0711.51.00,07115100,9903.88.03,25.0
0711.59.10,07115910,9903.88.03,25.0
0711.59.90,07115990,9903.88.15,7.5
0711.90.20,07119020,9903.88.03,25.0
0711.90.30,07119030,9903.88.15,7.5
0711.90.50,07119050,9903.88.03,25.0
0711.90.65,07119065,9903.88.03,25.0
0712.20.20,07122020,9903.88.03,25.0
0712.20.40,07122040,9903.88.03,25.0
0712.31.10,07123110,9903.88.03,25.0
0712.31.20,07123120,9903.88.03,25.0
0712.32.00,07123200,9903.88.03,25.0
0712.33.00,07123300,9903.88.03,25.0
0712.34.10,07123410,9903.88.03,25.0
0712.34.20,07123420,9903.88.03,25.0
0712.39.11,07123911,9903.88.03,25.0
0712.39.21,07123921,9903.88.03,25.0
0712.39.40,07123940,9903.88.03,25.0
0712.90.10,07129010,9903.88.03,25.0
0712.90.15,07129015,9903.88.03,25.0
0712.90.20,07129020,9903.88.03,25.0
0712.90.30,07129030,9903.88.03,25.0
0712.90.40,07129040,9903.88.03,25.0
0712.90.60,07129060,9903.88.03,25.0
0712.90.65,07129065,9903.88.03,25.0
0712.90.70,07129070,9903.88.03,25.0
0712.90.74,07129074,9903.88.03,25.0
0712.90.78,07129078,9903.88.03,25.0
0712.90.85,07129085,9903.88.03,25.0
0713.10.10,07131010,9903.88.03,25.0
0713.10.20,07131020,9903.88.03,25.0
0713.10.40,07131040,9903.88.03,25.0
0713.20.10,07132010,9903.88.03,25.0
0713.20.20,07132020,9903.88.03,25.0
0713.31.10,07133110,9903.88.03,25.0
0713.31.20,07133120,9903.88.03,25.0
0713.31.40,07133140,9903.88.03,25.0
0713.32.10,07133210,9903.88.03,25.0
0713.32.20,07133220,9903.88.03,25.0
0713.33.10,07133310,9903.88.03,25.0
0713.33.20,07133320,9903.88.03,25.0
0713.33.40,07133340,9903.88.03,25.0
0713.34.10,07133410,9903.88.15,7.5
0713.34.20,07133420,9903.88.03,25.0
0713.34.40,07133440,9903.88.03,25.0
0713.35.00,07133500,9903.88.03,25.0
0713.39.11,07133911,9903.88.03,25.0
0713.39.21,07133921,9903.88.03,25.0
0713.39.41,07133941,9903.88.03,25.0
0713.40.10,07134010,9903.88.03,25.0
0713.40.20,07134020,9903.88.03,25.0
0713.50.10,07135010,9903.88.03,25.0
0713.50.20,07135020,9903.88.03,25.0
0713.60.10,07136010,9903.88.15,7.5
0713.60.60,07136060,9903.88.03,25.0
0713.60.80,07136080,9903.88.03,25.0
0713.90.11,07139011,9903.88.03,25.0
0713.90.50,07139050,9903.88.03,25.0
0713.90.61,07139061,9903.88.03,25.0
0713.90.81,07139081,9903.88.03,25.0
0714.10.10,07141010,9903.88.15,7.5
0714.10.20,07141020,9903.88.03,25.0
0714.20.10,07142010,9903.88.03,25.0
0714.20.20,07142020,9903.88.03,25.0
0714.30.10,07143010,9903.88.03,25.0
0714.30.20,07143020,9903.88.03,25.0
0714.30.50,07143050,9903.88.15,7.5
0714.30.60,07143060,9903.88.03,25.0
0714.40.10,07144010,9903.88.03,25.0
0714.40.20,07144020,9903.88.03,25.0
0714.40.50,07144050,9903.88.03,25.0
0714.40.60,07144060,9903.88.03,25.0
0714.50.10,07145010,9903.88.03,25.0
0714.50.20,07145020,9903.88.03,25.0
0714.50.50,07145050,9903.88.03,25.0
0714.50.60,07145060,9903.88.03,25.0
0714.90.05,07149005,9903.88.03,25.0
0714.90.39,07149039,9903.88.03,25.0
0714.90.41,07149041,9903.88.03,25.0
0714.90.42,07149042,9903.88.03,25.0
0714.90.44,07149044,9903.88.03,25.0
0714.90.46,07149046,9903.88.03,25.0
0714.90.48,07149048,9903.88.03,25.0
0714.90.51,07149051,9903.88.03,25.0
0714.90.61,07149061,9903.88.03,25.0
0801.11.00,08011100,9903.88.03,25.0
0801.12.00,08011200,9903.88.15,7.5
0801.19.01,08011901,9903.88.03,25.0
0801.21.00,08012100,9903.88.15,7.5
0801.22.00,08012200,9903.88.15,7.5
0801.31.00,08013100,9903.88.03,25.0
0801.32.00,08013200,9903.88.03,25.0
0802.11.00,08021100,9903.88.03,25.0
0802.12.00,08021200,9903.88.03,25.0
0802.21.00,08022100,9903.88.15,7.5
0802.22.00,08022200,9903.88.03,25.0
0802.31.00,08023100,9903.88.03,25.0
0802.32.00,08023200,9903.88.03,25.0
0802.41.00,08024100,9903.88.03,25.0
0802.42.00,08024200,9903.88.03,25.0
0802.51.00,08025100,9903.88.03,25.0
0802.52.00,08025200,9903.88.03,25.0
0802.61.00,08026100,9903.88.15,7.5
0802.62.00,08026200,9903.88.03,25.0
0802.70.10,08027010,9903.88.15,7.5
0802.70.20,08027020,9903.88.15,7.5
0802.80.10,08028010,9903.88.15,7.5
0802.80.20,08028020,9903.88.03,25.0
0802.91.10,08029110,9903.88.15,7.5
0802.92.90,08029290,9903.88.15,7.5
0802.99.10,08029910,9903.88.03,25.0
0802.99.15,08029915,9903.88.03,25.0
0802.99.98,08029998,9903.88.15,7.5
0803.10.10,08031010,9903.88.15,7.5
0803.10.20,08031020,9903.88.03,25.0
0803.90.00,08039000,9903.88.03,25.0
0804.10.20,08041020,9903.88.03,25.0
0804.10.40,08041040,9903.88.03,25.0
0804.10.60,08041060,9903.88.03,25.0
0804.10.80,08041080,9903.88.03,25.0
0804.20.40,08042040,9903.88.03,25.0
0804.20.60,08042060,9903.88.03,25.0
0804.20.80,08042080,9903.88.03,25.0
0804.30.20,08043020,9903.88.03,25.0
0804.30.40,08043040,9903.88.03,25.0
0804.30.60,08043060,9903.88.03,25.0
0804.40.00,08044000,9903.88.15,7.5
0804.50.40,08045040,9903.88.03,25.0
0804.50.60,08045060,9903.88.03,25.0
0804.50.80,08045080,9903.88.03,25.0
0805.10.00,08051000,9903.88.03,25.0
0805.21.00,08052100,9903.88.03,25.0
0805.22.00,08052200,9903.88.03,25.0
0805.29.00,08052900,9903.88.03,25.0
0805.40.40,08054040,9903.88.15,7.5
0805.40.60,08054060,9903.88.15,7.5
0805.40.80,08054080,9903.88.15,7.5
0805.50.20,08055020,9903.88.15,7.5
0805.50.30,08055030,9903.88.15,7.5
0805.50.40,08055040,9903.88.15,7.5
0805.90.01,08059001,9903.88.15,7.5
0806.10.20,08061020,9903.88.15,7.5
0806.10.40,08061040,9903.88.15,7.5
0806.10.60,08061060,9903.88.15,7.5
0806.20.10,08062010,9903.88.03,25.0
0806.20.20,08062020,9903.88.03,25.0
0806.20.90,08062090,9903.88.03,25.0
0807.11.30,08071130,9903.88.15,7.5
0807.11.40,08071140,9903.88.15,7.5
0807.19.10,08071910,9903.88.15,7.5
0807.19.20,08071920,9903.88.15,7.5
0807.19.50,08071950,9903.88.15,7.5
0807.19.60,08071960,9903.88.15,7.5
0807.19.70,08071970,9903.88.15,7.5
0807.19.80,08071980,9903.88.15,7.5
0807.20.00,08072000,9903.88.15,7.5
0808.10.00,08081000,9903.88.03,25.0
0808.30.20,08083020,9903.88.03,25.0
0808.30.40,08083040,9903.88.03,25.0
0808.40.20,08084020,9903.88.03,25.0
0808.40.40,08084040,9903.88.03,25.0
0809.10.00,08091000,9903.88.15,7.5
0809.21.00,08092100,9903.88.15,7.5
0809.29.00,08092900,9903.88.03,25.0
0809.30.20,08093020,9903.88.03,25.0
0809.30.40,08093040,9903.88.03,25.0
0809.40.20,08094020,9903.88.15,7.5
0809.40.40,08094040,9903.88.15,7.5
0810.10.20,08101020,9903.88.03,25.0
0810.10.40,08101040,9903.88.03,25.0
0810.20.10,08102010,9903.88.03,25.0
0810.20.90,08102090,9903.88.15,7.5
0810.30.00,08103000,9903.88.03,25.0
0810.40.00,08104000,9903.88.03,25.0
0810.50.00,08105000,9903.88.15,7.5
0810.60.00,08106000,9903.88.15,7.5
0810.70.00,08107000,9903.88.03,25.0
0810.90.27,08109027,9903.88.03,25.0
0810.90.46,08109046,9903.88.03,25.0
0811.10.00,08111000,9903.88.03,25.0
0811.20.20,08112020,9903.88.03,25.0
0811.20.40,08112040,9903.88.03,25.0
0811.90.10,08119010,9903.88.03,25.0
0811.90.20,08119020,9903.88.03,25.0
0811.90.22,08119022,9903.88.03,25.0
0811.90.25,08119025,9903.88.03,25.0
0811.90.30,08119030,9903.88.03,25.0
0811.90.35,08119035,9903.88.03,25.0
0811.90.40,08119040,9903.88.03,25.0
0811.90.50,08119050,9903.88.03,25.0
0811.90.52,08119052,9903.88.03,25.0
0811.90.55,08119055,9903.88.03,25.0
0811.90.80,08119080,9903.88.03,25.0
0812.10.00,08121000,9903.88.15,7.5
0812.90.10,08129010,9903.88.03,25.0
0812.90.20,08129020,9903.88.03,25.0
0812.90.30,08129030,9903.88.03,25.0
0812.90.40,08129040,9903.88.03,25.0
0812.90.50,08129050,9903.88.03,25.0
0812.90.90,08129090,9903.88.03,25.0
0813.10.00,08131000,9903.88.03,25.0
0813.20.10,08132010,9903.88.03,25.0
0813.20.20,08132020,9903.88.03,25.0
0813.30.00,08133000,9903.88.03,25.0
0813.40.10,08134010,9903.88.03,25.0
0813.40.15,08134015,9903.88.03,25.0
0813.40.20,08134020,9903.88.03,25.0
0813.40.30,08134030,9903.88.03,25.0
0813.40.40,08134040,9903.88.03,25.0
0813.40.80,08134080,9903.88.03,25.0
0813.40.90,08134090,9903.88.03,25.0
0813.50.00,08135000,9903.88.03,25.0
0814.00.10,08140010,9903.88.03,25.0
0814.00.40,08140040,9903.88.03,25.0
0814.00.80,08140080,9903.88.03,25.0
0901.11.00,09011100,9903.88.15,7.5
0901.12.00,09011200,9903.88.15,7.5
0901.21.00,09012100,9903.88.15,7.5
0901.22.00,09012200,9903.88.15,7.5
0901.90.10,09019010,9903.88.15,7.5
0901.90.20,09019020,9903.88.15,7.5
0902.10.10,09021010,9903.88.15,7.5
0902.10.90,09021090,9903.88.15,7.5
0902.20.10,09022010,9903.88.15,7.5
0902.20.90,09022090,9903.88.15,7.5
0902.30.00,09023000,9903.88.15,7.5
0902.40.00,09024000,9903.88.15,7.5
0903.00.00,09030000,9903.88.15,7.5
0904.11.00,09041100,9903.88.15,7.5
0904.12.00,09041200,9903.88.15,7.5
0904.21.20,09042120,9903.88.15,7.5
0904.21.40,09042140,9903.88.15,7.5
0904.21.60,09042160,9903.88.15,7.5
0904.21.80,09042180,9903.88.15,7.5
0904.22.20,09042220,9903.88.15,7.5
0904.22.40,09042240,9903.88.15,7.5
0904.22.73,09042273,9903.88.15,7.5
0904.22.76,09042276,9903.88.15,7.5
0904.22.80,09042280,9903.88.15,7.5
0905.10.00,09051000,9903.88.15,7.5
0905.20.00,09052000,9903.88.15,7.5
0906.11.00,09061100,9903.88.15,7.5
0906.19.00,09061900,9903.88.15,7.5
0906.20.00,09062000,9903.88.15,7.5
0907.10.00,09071000,9903.88.15,7.5
0907.20.00,09072000,9903.88.15,7.5
0908.11.00,09081100,9903.88.15,7.5
0908.12.00,09081200,9903.88.15,7.5
0908.21.00,09082100,9903.88.15,7.5
0908.22.20,09082220,9903.88.15,7.5
0908.22.40,09082240,9903.88.15,7.5
0908.31.00,09083100,9903.88.15,7.5
0908.32.00,09083200,9903.88.15,7.5
0909.21.00,09092100,9903.88.15,7.5
0909.22.00,09092200,9903.88.15,7.5
0909.31.00,09093100,9903.88.15,7.5
0909.32.00,09093200,9903.88.15,7.5
0909.61.00,09096100,9903.88.15,7.5
0909.62.00,09096200,9903.88.15,7.5
0910.11.00,09101100,9903.88.15,7.5
0910.12.00,09101200,9903.88.15,7.5
0910.20.00,09102000,9903.88.15,7.5
0910.30.00,09103000,9903.88.15,7.5
0910.91.00,09109100,9903.88.15,7.5
0910.99.05,09109905,9903.88.15,7.5
0910.99.06,09109906,9903.88.15,7.5
0910.99.07,09109907,9903.88.15,7.5
0910.99.10,09109910,9903.88.15,7.5
0910.99.20,09109920,9903.88.15,7.5
0910.99.40,09109940,9903.88.15,7.5
0910.99.50,09109950,9903.88.15,7.5
0910.99.60,09109960,9903.88.15,7.5
1001.11.00,10011100,9903.88.03,25.0
1001.19.00,10011900,9903.88.15,7.5
1001.91.00,10019100,9903.88.15,7.5
1001.99.00,10019900,9903.88.03,25.0
1002.10.00,10021000,9903.88.15,7.5
1002.90.00,10029000,9903.88.15,7.5
1003.10.00,10031000,9903.88.03,25.0
1003.90.20,10039020,9903.88.03,25.0
1003.90.40,10039040,9903.88.03,25.0
1004.10.00,10041000,9903.88.03,25.0
1004.90.00,10049000,9903.88.03,25.0
1005.10.00,10051000,9903.88.15,7.5
1005.90.20,10059020,9903.88.03,25.0
1005.90.40,10059040,9903.88.03,25.0
1006.10.00,10061000,9903.88.15,7.5
1006.20.20,10062020,9903.88.03,25.0
1006.20.40,10062040,9903.88.03,25.0
1006.30.10,10063010,9903.88.03,25.0
1006.30.90,10063090,9903.88.03,25.0
1006.40.00,10064000,9903.88.03,25.0
1007.10.00,10071000,9903.88.03,25.0
1007.90.00,10079000,9903.88.03,25.0
1008.10.00,10081000,9903.88.03,25.0
1008.21.00,10082100,9903.88.03,25.0
1008.29.00,10082900,9903.88.03,25.0
1008.30.00,10083000,9903.88.03,25.0
1008.40.00,10084000,9903.88.15,7.5
1008.50.00,10085000,9903.88.03,25.0
1008.60.00,10086000,9903.88.15,7.5
1008.90.01,10089001,9903.88.03,25.0
1101.00.00,11010000,9903.88.03,25.0
1102.20.00,11022000,9903.88.03,25.0
1102.90.20,11029020,9903.88.03,25.0
1102.90.25,11029025,9903.88.03,25.0
1102.90.27,11029027,9903.88.03,25.0
1102.90.30,11029030,9903.88.03,25.0
1102.90.60,11029060,9903.88.03,25.0
1103.11.00,11031100,9903.88.03,25.0
1103.13.00,11031300,9903.88.03,25.0
1103.19.12,11031912,9903.88.03,25.0
1103.19.14,11031914,9903.88.03,25.0
1103.19.90,11031990,9903.88.03,25.0
1103.20.00,11032000,9903.88.03,25.0
1104.12.00,11041200,9903.88.03,25.0
1104.19.10,11041910,9903.88.03,25.0
1104.19.90,11041990,9903.88.03,25.0
1104.22.00,11042200,9903.88.03,25.0
1104.23.00,11042300,9903.88.03,25.0
1104.29.10,11042910,9903.88.03,25.0
1104.29.90,11042990,9903.88.03,25.0
1104.30.00,11043000,9903.88.03,25.0
1105.10.00,11051000,9903.88.03,25.0
1105.20.00,11052000,9903.88.03,25.0
1106.10.00,11061000,9903.88.03,25.0
1106.20.10,11062010,9903.88.03,25.0
1106.20.90,11062090,9903.88.03,25.0
1106.30.20,11063020,9903.88.03,25.0
1106.30.40,11063040,9903.88.03,25.0
1107.10.00,11071000,9903.88.03,25.0
1107.20.00,11072000,9903.88.03,25.0
1108.11.00,11081100,9903.88.03,25.0
1108.12.00,11081200,9903.88.03,25.0
1108.13.00,11081300,9903.88.03,25.0
1108.14.00,11081400,9903.88.03,25.0
1108.19.00,11081900,9903.88.03,25.0
1108.20.00,11082000,9903.88.03,25.0
1109.00.10,11090010,9903.88.03,25.0
1109.00.90,11090090,9903.88.03,25.0
1201.10.00,12011000,9903.88.03,25.0
1201.90.00,12019000,9903.88.03,25.0
1202.30.05,12023005,9903.88.15,7.5
1202.30.40,12023040,9903.88.03,25.0
1202.30.80,12023080,9903.88.15,7.5
1202.41.05,12024105,9903.88.15,7.5
1202.41.40,12024140,9903.88.15,7.5
1202.41.80,12024180,9903.88.15,7.5
1202.42.10,12024210,9903.88.03,25.0
1202.42.15,12024215,9903.88.03,25.0
1202.42.20,12024220,9903.88.15,7.5
1202.42.50,12024250,9903.88.15,7.5
1202.42.60,12024260,9903.88.15,7.5
1202.42.90,12024290,9903.88.15,7.5
1203.00.00,12030000,9903.88.15,7.5
1204.00.00,12040000,9903.88.03,25.0
1205.10.00,12051000,9903.88.03,25.0
1205.90.00,12059000,9903.88.03,25.0
1206.00.00,12060000,9903.88.03,25.0
1207.10.00,12071000,9903.88.15,7.5
1207.21.00,12072100,9903.88.15,7.5
1207.29.00,12072900,9903.88.15,7.5
1207.30.00,12073000,9903.88.15,7.5
1207.40.00,12074000,9903.88.03,25.0
1207.50.00,12075000,9903.88.03,25.0
1207.60.00,12076000,9903.88.03,25.0
1207.70.00,12077000,9903.88.03,25.0
1207.91.00,12079100,9903.88.03,25.0
1207.99.03,12079903,9903.88.03,25.0
1208.10.00,12081000,9903.88.03,25.0
1208.90.00,12089000,9903.88.03,25.0
1209.10.00,12091000,9903.88.03,25.0
1209.21.00,12092100,9903.88.03,25.0
1209.22.20,12092220,9903.88.15,7.5
1209.22.40,12092240,9903.88.15,7.5
1209.23.00,12092300,9903.88.15,7.5
1209.24.00,12092400,9903.88.15,7.5
1209.25.00,12092500,9903.88.03,25.0
1209.29.10,12092910,9903.88.03,25.0
1209.29.91,12092991,9903.88.03,25.0
1209.30.00,12093000,9903.88.03,25.0
1209.91.10,12099110,9903.88.03,25.0
1209.91.20,12099120,9903.88.03,25.0
1209.91.40,12099140,9903.88.03,25.0
1209.91.50,12099150,9903.88.03,25.0
1209.91.60,12099160,9903.88.03,25.0
1209.91.80,12099180,9903.88.03,25.0
1209.99.20,12099920,9903.88.03,25.0
1209.99.41,12099941,9903.88.03,25.0
1210.10.00,12101000,9903.88.03,25.0
1210.20.00,12102000,9903.88.15,7.5
1211.20.10,12112010,9903.88.03,25.0
1211.20.15,12112015,9903.88.03,25.0
1211.30.00,12113000,9903.88.03,25.0
1211.40.00,12114000,9903.88.03,25.0
1211.50.00,12115000,9903.88.03,25.0
1211.60.00,12116000,9903.88.03,25.0
1211.90.20,12119020,9903.88.03,25.0
1211.90.40,12119040,9903.88.03,25.0
1211.90.60,12119060,9903.88.15,7.5
1211.90.89,12119089,9903.88.03,25.0
1211.90.93,12119093,9903.88.03,25.0
1212.21.00,12122100,9903.88.03,25.0
1212.29.00,12122900,9903.88.03,25.0
1212.92.00,12129200,9903.88.03,25.0
1212.93.00,12129300,9903.88.15,7.5
1212.94.00,12129400,9903.88.15,7.5
1212.99.20,12129920,9903.88.03,25.0
1212.99.30,12129930,9903.88.03,25.0
1212.99.92,12129992,9903.88.03,25.0
1213.00.00,12130000,9903.88.03,25.0
1214.10.00,12141000,9903.88.03,25.0
1214.90.00,12149000,9903.88.03,25.0
1301.20.00,13012000,9903.88.15,7.5
1301.90.40,13019040,9903.88.15,7.5
1301.90.91,13019091,9903.88.15,7.5
1302.11.00,13021100,9903.88.15,7.5
1302.12.00,13021200,9903.88.15,7.5
1302.13.00,13021300,9903.88.15,7.5
1302.14.01,13021401,9903.88.15,7.5
1302.19.21,13021921,9903.88.15,7.5
1302.19.41,13021941,9903.88.15,7.5
1302.19.91,13021991,9903.88.15,7.5
1302.20.00,13022000,9903.88.15,7.5
1302.31.00,13023100,9903.88.15,7.5
1302.32.00,13023200,9903.88.15,7.5
1302.39.00,13023900,9903.88.15,7.5
1401.10.00,14011000,9903.88.03,25.0
1401.20.20,14012020,9903.88.15,7.5
1401.90.20,14019020,9903.88.03,25.0
1401.90.40,14019040,9903.88.03,25.0
1404.20.00,14042000,9903.88.03,25.0
1404.90.10,14049010,9903.88.03,25.0
1404.90.20,14049020,9903.88.15,7.5
1404.90.30,14049030,9903.88.03,25.0
1404.90.40,14049040,9903.88.03,25.0
1404.90.90,14049090,9903.88.03,25.0
1501.10.00,15011000,9903.88.15,7.5
1501.20.00,15012000,9903.88.15,7.5
1501.90.00,15019000,9903.88.15,7.5
1502.10.00,15021000,9903.88.15,7.5
1502.90.00,15029000,9903.88.15,7.5
1503.00.00,15030000,9903.88.15,7.5
1504.10.20,15041020,9903.88.03,25.0
1504.10.40,15041040,9903.88.03,25.0
1504.20.20,15042020,9903.88.03,25.0
1504.20.40,15042040,9903.88.03,25.0
1504.20.60,15042060,9903.88.03,25.0
1504.30.00,15043000,9903.88.15,7.5
1505.00.10,15050010,9903.88.03,25.0
1505.00.90,15050090,9903.88.03,25.0
1506.00.00,15060000,9903.88.03,25.0
1507.10.00,15071000,9903.88.15,7.5
1507.90.20,15079020,9903.88.15,7.5
1507.90.40,15079040,9903.88.15,7.5
1508.10.00,15081000,9903.88.15,7.5
1508.90.00,15089000,9903.88.15,7.5
1509.20.20,15092020,9903.88.15,7.5
1509.20.90,15092090,9903.88.15,7.5
1509.30.20,15093020,9903.88.15,7.5
1509.30.90,15093090,9903.88.15,7.5
1509.40.20,15094020,9903.88.15,7.5
1509.40.90,15094090,9903.88.15,7.5
1509.90.20,15099020,9903.88.15,7.5
1509.90.40,15099040,9903.88.15,7.5
1510.10.10,15101010,9903.88.15,7.5
1510.10.90,15101090,9903.88.15,7.5
1510.90.10,15109010,9903.88.15,7.5
1510.90.20,15109020,9903.88.15,7.5
1510.90.90,15109090,9903.88.15,7.5
1511.10.00,15111000,9903.88.15,7.5
1511.90.00,15119000,9903.88.15,7.5
1512.11.00,15121100,9903.88.15,7.5
1512.19.00,15121900,9903.88.15,7.5
1512.21.00,15122100,9903.88.15,7.5
1512.29.00,15122900,9903.88.15,7.5
1513.11.00,15131100,9903.88.15,7.5
1513.19.00,15131900,9903.88.15,7.5
1513.21.00,15132100,9903.88.15,7.5
1513.29.00,15132900,9903.88.15,7.5
1514.11.00,15141100,9903.88.15,7.5
1514.19.00,15141900,9903.88.15,7.5
1514.91.90,15149190,9903.88.15,7.5
1514.99.10,15149910,9903.88.15,7.5
1514.99.50,15149950,9903.88.15,7.5
1514.99.90,15149990,9903.88.15,7.5
1515.11.00,15151100,9903.88.15,7.5
1515.19.00,15151900,9903.88.15,7.5
1515.21.00,15152100,9903.88.15,7.5
1515.29.00,15152900,9903.88.15,7.5
1515.30.00,15153000,9903.88.15,7.5
1515.50.00,15155000,9903.88.15,7.5
1515.60.05,15156005,9903.88.15,7.5
1515.90.21,15159021,9903.88.15,7.5
1515.90.60,15159060,9903.88.15,7.5
1515.90.81,15159081,9903.88.15,7.5
1516.10.00,15161000,9903.88.15,7.5
1516.20.10,15162010,9903.88.15,7.5
1516.20.91,15162091,9903.88.15,7.5
1516.30.00,15163000,9903.88.15,7.5
1517.10.00,15171000,9903.88.15,7.5
1517.90.10,15179010,9903.88.15,7.5
1517.90.20,15179020,9903.88.15,7.5
1517.90.45,15179045,9903.88.15,7.5
1517.90.50,15179050,9903.88.15,7.5
1517.90.60,15179060,9903.88.15,7.5
1517.90.90,15179090,9903.88.15,7.5
1518.00.20,15180020,9903.88.15,7.5
1518.00.40,15180040,9903.88.15,7.5
1520.00.00,15200000,9903.88.15,7.5
1521.10.00,15211000,9903.88.15,7.5
1521.90.20,15219020,9903.88.15,7.5
1521.90.40,15219040,9903.88.15,7.5
1522.00.00,15220000,9903.88.15,7.5
1601.00.20,16010020,9903.88.15,7.5
1601.00.40,16010040,9903.88.15,7.5
1601.00.60,16010060,9903.88.15,7.5
1602.10.10,16021010,9903.88.15,7.5
1602.10.50,16021050,9903.88.15,7.5
1602.20.20,16022020,9903.88.15,7.5
1602.20.40,16022040,9903.88.15,7.5
1602.31.00,16023100,9903.88.15,7.5
1602.32.00,16023200,9903.88.03,25.0
1602.39.00,16023900,9903.88.15,7.5
1602.41.10,16024110,9903.88.15,7.5
1602.41.20,16024120,9903.88.15,7.5
1602.41.90,16024190,9903.88.15,7.5
1602.42.20,16024220,9903.88.15,7.5
1602.42.40,16024240,9903.88.15,7.5
1602.49.10,16024910,9903.88.15,7.5
1602.49.20,16024920,9903.88.15,7.5
1602.49.40,16024940,9903.88.15,7.5
1602.49.60,16024960,9903.88.15,7.5
1602.49.90,16024990,9903.88.15,7.5
1602.50.05,16025005,9903.88.15,7.5
1602.50.07,16025007,9903.88.15,7.5
1602.50.08,16025008,9903.88.15,7.5
1602.50.21,16025021,9903.88.15,7.5
1602.50.60,16025060,9903.88.15,7.5
1602.50.90,16025090,9903.88.15,7.5
1602.90.91,16029091,9903.88.15,7.5
1603.00.10,16030010,9903.88.03,25.0
1603.00.90,16030090,9903.88.03,25.0
1604.11.20,16041120,9903.88.03,25.0
1604.11.40,16041140,9903.88.03,25.0
1604.12.20,16041220,9903.88.03,25.0
1604.12.40,16041240,9903.88.03,25.0
1604.12.60,16041260,9903.88.03,25.0
1604.13.10,16041310,9903.88.03,25.0
1604.13.20,16041320,9903.88.03,25.0
1604.13.30,16041330,9903.88.03,25.0
1604.13.40,16041340,9903.88.03,25.0
1604.13.90,16041390,9903.88.03,25.0
1604.14.10,16041410,9903.88.03,25.0
1604.14.22,16041422,9903.88.03,25.0
1604.14.30,16041430,9903.88.03,25.0
1604.14.40,16041440,9903.88.03,25.0
1604.14.50,16041450,9903.88.03,25.0
1604.14.70,16041470,9903.88.03,25.0
1604.14.80,16041480,9903.88.03,25.0
1604.15.00,16041500,9903.88.03,25.0
1604.16.20,16041620,9903.88.03,25.0
1604.16.40,16041640,9903.88.03,25.0
1604.16.60,16041660,9903.88.03,25.0
1604.17.10,16041710,9903.88.03,25.0
1604.17.40,16041740,9903.88.03,25.0
1604.17.50,16041750,9903.88.03,25.0
1604.17.60,16041760,9903.88.03,25.0
1604.17.80,16041780,9903.88.03,25.0
1604.18.10,16041810,9903.88.03,25.0
1604.18.90,16041890,9903.88.03,25.0
1604.19.10,16041910,9903.88.03,25.0
1604.19.22,16041922,9903.88.03,25.0
1604.19.25,16041925,9903.88.03,25.0
1604.19.32,16041932,9903.88.03,25.0
1604.19.41,16041941,9903.88.03,25.0
1604.19.51,16041951,9903.88.03,25.0
1604.19.61,16041961,9903.88.03,25.0
1604.19.82,16041982,9903.88.03,25.0
1604.20.05,16042005,9903.88.03,25.0
1604.20.10,16042010,9903.88.03,25.0
1604.20.15,16042015,9903.88.03,25.0
1604.20.20,16042020,9903.88.03,25.0
1604.20.25,16042025,9903.88.03,25.0
1604.20.30,16042030,9903.88.03,25.0
1604.20.40,16042040,9903.88.03,25.0
1604.20.50,16042050,9903.88.03,25.0
1604.20.60,16042060,9903.88.03,25.0
1604.31.00,16043100,9903.88.03,25.0
1604.32.30,16043230,9903.88.03,25.0
1604.32.40,16043240,9903.88.03,25.0
1605.10.05,16051005,9903.88.03,25.0
1605.10.20,16051020,9903.88.03,25.0
1605.10.40,16051040,9903.88.03,25.0
1605.10.60,16051060,9903.88.03,25.0
1605.21.05,16052105,9903.88.03,25.0
1605.21.10,16052110,9903.88.03,25.0
1605.29.05,16052905,9903.88.03,25.0
1605.29.10,16052910,9903.88.03,25.0
1605.30.05,16053005,9903.88.03,25.0
1605.30.10,16053010,9903.88.03,25.0
1605.40.05,16054005,9903.88.03,25.0
1605.40.10,16054010,9903.88.03,25.0
1605.51.05,16055105,9903.88.03,25.0
1605.51.40,16055140,9903.88.03,25.0
1605.51.50,16055150,9903.88.03,25.0
1605.52.05,16055205,9903.88.03,25.0
1605.52.60,16055260,9903.88.03,25.0
1605.53.05,16055305,9903.88.03,25.0
1605.53.60,16055360,9903.88.03,25.0
1605.54.05,16055405,9903.88.03,25.0
1605.54.60,16055460,9903.88.03,25.0
1605.55.05,16055505,9903.88.03,25.0
1605.55.60,16055560,9903.88.03,25.0
1605.56.05,16055605,9903.88.03,25.0
1605.56.10,16055610,9903.88.03,25.0
1605.56.15,16055615,9903.88.03,25.0
1605.56.20,16055620,9903.88.03,25.0
1605.56.30,16055630,9903.88.03,25.0
1605.56.60,16055660,9903.88.03,25.0
1605.57.05,16055705,9903.88.03,25.0
1605.57.60,16055760,9903.88.03,25.0
1605.58.05,16055805,9903.88.03,25.0
1605.58.55,16055855,9903.88.03,25.0
1605.59.05,16055905,9903.88.03,25.0
1605.59.60,16055960,9903.88.03,25.0
1605.61.00,16056100,9903.88.03,25.0
1605.62.00,16056200,9903.88.03,25.0
1605.63.00,16056300,9903.88.03,25.0
1605.69.00,16056900,9903.88.03,25.0
1701.12.05,17011205,9903.88.15,7.5
1701.12.10,17011210,9903.88.15,7.5
1701.12.50,17011250,9903.88.15,7.5
1701.13.05,17011305,9903.88.15,7.5
1701.13.10,17011310,9903.88.15,7.5
1701.13.20,17011320,9903.88.15,7.5
1701.13.50,17011350,9903.88.15,7.5
1701.14.05,17011405,9903.88.15,7.5
1701.14.10,17011410,9903.88.15,7.5
1701.14.20,17011420,9903.88.15,7.5
1701.14.50,17011450,9903.88.15,7.5
1701.91.05,17019105,9903.88.15,7.5
1701.91.10,17019110,9903.88.15,7.5
1701.91.30,17019130,9903.88.15,7.5
1701.91.42,17019142,9903.88.15,7.5
1701.91.44,17019144,9903.88.15,7.5
1701.91.48,17019148,9903.88.15,7.5
1701.91.52,17019152,9903.88.15,7.5
1701.91.54,17019154,9903.88.15,7.5
1701.91.58,17019158,9903.88.15,7.5
1701.91.80,17019180,9903.88.15,7.5
1701.99.05,17019905,9903.88.15,7.5
1701.99.10,17019910,9903.88.03,25.0
1701.99.50,17019950,9903.88.03,25.0
1702.11.00,17021100,9903.88.15,7.5
1702.19.00,17021900,9903.88.15,7.5
1702.20.22,17022022,9903.88.15,7.5
1702.20.24,17022024,9903.88.15,7.5
1702.20.28,17022028,9903.88.15,7.5
1702.20.40,17022040,9903.88.15,7.5
1702.30.22,17023022,9903.88.15,7.5
1702.30.24,17023024,9903.88.15,7.5
1702.30.28,17023028,9903.88.15,7.5
1702.30.40,17023040,9903.88.15,7.5
1702.40.22,17024022,9903.88.15,7.5
1702.40.24,17024024,9903.88.15,7.5
1702.40.28,17024028,9903.88.15,7.5
1702.40.40,17024040,9903.88.15,7.5
1702.50.00,17025000,9903.88.15,7.5
1702.60.22,17026022,9903.88.15,7.5
1702.60.24,17026024,9903.88.15,7.5
1702.60.28,17026028,9903.88.15,7.5
1702.60.40,17026040,9903.88.15,7.5
1702.90.05,17029005,9903.88.15,7.5
1702.90.10,17029010,9903.88.15,7.5
1702.90.20,17029020,9903.88.15,7.5
1702.90.35,17029035,9903.88.15,7.5
1702.90.40,17029040,9903.88.15,7.5
1702.90.52,17029052,9903.88.15,7.5
1702.90.54,17029054,9903.88.15,7.5
1702.90.58,17029058,9903.88.15,7.5
1702.90.64,17029064,9903.88.15,7.5
1702.90.68,17029068,9903.88.15,7.5
1702.90.90,17029090,9903.88.03,25.0
1703.10.30,17031030,9903.88.15,7.5
1703.10.50,17031050,9903.88.15,7.5
1703.90.30,17039030,9903.88.15,7.5
1703.90.50,17039050,9903.88.15,7.5
1704.10.00,17041000,9903.88.15,7.5
1704.90.10,17049010,9903.88.15,7.5
1704.90.25,17049025,9903.88.15,7.5
1704.90.35,17049035,9903.88.03,25.0
1704.90.52,17049052,9903.88.15,7.5
1704.90.54,17049054,9903.88.15,7.5
1704.90.58,17049058,9903.88.15,7.5
1704.90.64,17049064,9903.88.15,7.5
1704.90.68,17049068,9903.88.15,7.5
1704.90.74,17049074,9903.88.15,7.5
1704.90.78,17049078,9903.88.15,7.5
1704.90.90,17049090,9903.88.03,25.0
1801.00.00,18010000,9903.88.15,7.5
1802.00.00,18020000,9903.88.15,7.5
1803.10.00,18031000,9903.88.15,7.5
1803.20.00,18032000,9903.88.15,7.5
1804.00.00,18040000,9903.88.15,7.5
1805.00.00,18050000,9903.88.15,7.5
1806.10.05,18061005,9903.88.15,7.5
1806.10.10,18061010,9903.88.15,7.5
1806.10.15,18061015,9903.88.15,7.5
1806.10.22,18061022,9903.88.15,7.5
1806.10.24,18061024,9903.88.15,7.5
1806.10.28,18061028,9903.88.15,7.5
1806.10.34,18061034,9903.88.15,7.5
1806.10.38,18061038,9903.88.15,7.5
1806.10.43,18061043,9903.88.15,7.5
1806.10.45,18061045,9903.88.15,7.5
1806.10.55,18061055,9903.88.15,7.5
1806.10.65,18061065,9903.88.15,7.5
1806.10.75,18061075,9903.88.15,7.5
1806.20.20,18062020,9903.88.15,7.5
1806.20.22,18062022,9903.88.15,7.5
1806.20.24,18062024,9903.88.15,7.5
1806.20.26,18062026,9903.88.15,7.5
1806.20.28,18062028,9903.88.15,7.5
1806.20.34,18062034,9903.88.15,7.5
1806.20.36,18062036,9903.88.15,7.5
1806.20.38,18062038,9903.88.15,7.5
1806.20.50,18062050,9903.88.15,7.5
1806.20.60,18062060,9903.88.15,7.5
1806.20.67,18062067,9903.88.15,7.5
1806.20.71,18062071,9903.88.15,7.5
1806.20.73,18062073,9903.88.15,7.5
1806.20.75,18062075,9903.88.15,7.5
1806.20.77,18062077,9903.88.15,7.5
1806.20.78,18062078,9903.88.15,7.5
1806.20.79,18062079,9903.88.15,7.5
1806.20.81,18062081,9903.88.15,7.5
1806.20.82,18062082,9903.88.15,7.5
1806.20.83,18062083,9903.88.15,7.5
1806.20.85,18062085,9903.88.15,7.5
1806.20.87,18062087,9903.88.15,7.5
1806.20.89,18062089,9903.88.15,7.5
1806.20.91,18062091,9903.88.15,7.5
1806.20.94,18062094,9903.88.15,7.5
1806.20.95,18062095,9903.88.15,7.5
1806.20.98,18062098,9903.88.15,7.5
1806.20.99,18062099,9903.88.15,7.5
1806.31.00,18063100,9903.88.15,7.5
1806.32.01,18063201,9903.88.15,7.5
1806.32.04,18063204,9903.88.15,7.5
1806.32.06,18063206,9903.88.15,7.5
1806.32.08,18063208,9903.88.15,7.5
1806.32.14,18063214,9903.88.15,7.5
1806.32.16,18063216,9903.88.15,7.5
1806.32.18,18063218,9903.88.15,7.5
1806.32.30,18063230,9903.88.15,7.5
1806.32.55,18063255,9903.88.15,7.5
1806.32.60,18063260,9903.88.15,7.5
1806.32.70,18063270,9903.88.15,7.5
1806.32.80,18063280,9903.88.15,7.5
1806.32.90,18063290,9903.88.15,7.5
1806.90.01,18069001,9903.88.15,7.5
1806.90.05,18069005,9903.88.15,7.5
1806.90.08,18069008,9903.88.15,7.5
1806.90.10,18069010,9903.88.15,7.5
1806.90.15,18069015,9903.88.15,7.5
1806.90.18,18069018,9903.88.15,7.5
1806.90.20,18069020,9903.88.15,7.5
1806.90.25,18069025,9903.88.15,7.5
1806.90.28,18069028,9903.88.15,7.5
1806.90.30,18069030,9903.88.15,7.5
1806.90.35,18069035,9903.88.15,7.5
1806.90.39,18069039,9903.88.15,7.5
1806.90.45,18069045,9903.88.15,7.5
1806.90.49,18069049,9903.88.15,7.5
1806.90.55,18069055,9903.88.15,7.5
1806.90.59,18069059,9903.88.15,7.5
1806.90.90,18069090,9903.88.15,7.5
1901-10-05 00:00:00,1901-10-05 00:00:00,9903.88.15,7.5
1901-10-11 00:00:00,1901-10-11 00:00:00,9903.88.15,7.5
1901-10-16 00:00:00,1901-10-16 00:00:00,9903.88.15,7.5
1901-10-21 00:00:00,1901-10-21 00:00:00,9903.88.15,7.5
1901-10-26 00:00:00,1901-10-26 00:00:00,9903.88.15,7.5
1901-10-29 00:00:00,1901-10-29 00:00:00,9903.88.15,7.5
1901-10-31 00:00:00,1901-10-31 00:00:00,9903.88.15,7.5
1901.10.33,19011033,9903.88.15,7.5
1901.10.36,19011036,9903.88.15,7.5
1901.10.41,19011041,9903.88.15,7.5
1901.10.44,19011044,9903.88.15,7.5
1901.10.49,19011049,9903.88.15,7.5
1901.10.52,19011052,9903.88.15,7.5
1901.10.54,19011054,9903.88.15,7.5
1901.10.56,19011056,9903.88.15,7.5
1901.10.62,19011062,9903.88.15,7.5
1901.10.64,19011064,9903.88.15,7.5
1901.10.66,19011066,9903.88.15,7.5
1901.10.72,19011072,9903.88.15,7.5
1901.10.74,19011074,9903.88.15,7.5
1901.10.76,19011076,9903.88.15,7.5
1901.10.91,19011091,9903.88.15,7.5
1901.20.02,19012002,9903.88.15,7.5
1901.20.05,19012005,9903.88.15,7.5
1901.20.15,19012015,9903.88.15,7.5
1901.20.20,19012020,9903.88.15,7.5
1901.20.25,19012025,9903.88.15,7.5
1901.20.30,19012030,9903.88.15,7.5
1901.20.35,19012035,9903.88.15,7.5
1901.20.40,19012040,9903.88.15,7.5
1901.20.42,19012042,9903.88.15,7.5
1901.20.45,19012045,9903.88.15,7.5
1901.20.50,19012050,9903.88.15,7.5
1901.20.55,19012055,9903.88.15,7.5
1901.20.60,19012060,9903.88.15,7.5
1901.20.65,19012065,9903.88.15,7.5
1901.20.70,19012070,9903.88.15,7.5
1901.20.80,19012080,9903.88.15,7.5
1901.90.10,19019010,9903.88.15,7.5
1901.90.20,19019020,9903.88.15,7.5
1901.90.25,19019025,9903.88.15,7.5
1901.90.28,19019028,9903.88.15,7.5
1901.90.32,19019032,9903.88.15,7.5
1901.90.33,19019033,9903.88.15,7.5
1901.90.34,19019034,9903.88.15,7.5
1901.90.36,19019036,9903.88.15,7.5
1901.90.60,19019060,9903.88.15,7.5
1901.90.61,19019061,9903.88.15,7.5
1901.90.62,19019062,9903.88.15,7.5
1901.90.63,19019063,9903.88.15,7.5
1901.90.64,19019064,9903.88.15,7.5
1901.90.65,19019065,9903.88.15,7.5
1901.90.66,19019066,9903.88.15,7.5
1901.90.67,19019067,9903.88.15,7.5
1901.90.68,19019068,9903.88.15,7.5
1901.90.69,19019069,9903.88.15,7.5
1901.90.71,19019071,9903.88.15,7.5
1901.90.72,19019072,9903.88.15,7.5
1901.90.91,19019091,9903.88.03,25.0
1902-11-20 00:00:00,1902-11-20 00:00:00,9903.88.15,7.5
1902.11.40,19021140,9903.88.15,7.5
1902.19.20,19021920,9903.88.03,25.0
1902.19.40,19021940,9903.88.03,25.0
1902.20.00,19022000,9903.88.03,25.0
1902.30.00,19023000,9903.88.03,25.0
1902.40.00,19024000,9903.88.15,7.5
1903.00.20,19030020,9903.88.15,7.5
1903.00.40,19030040,9903.88.15,7.5
1904.10.00,19041000,9903.88.15,7.5
1904.20.10,19042010,9903.88.15,7.5
1904.20.90,19042090,9903.88.15,7.5
1904.30.00,19043000,9903.88.15,7.5
1904.90.01,19049001,9903.88.15,7.5
1905.10.00,19051000,9903.88.15,7.5
1905.20.00,19052000,9903.88.15,7.5
1905.31.00,19053100,9903.88.15,7.5
1905.32.00,19053200,9903.88.15,7.5
1905.40.00,19054000,9903.88.15,7.5
1905.90.10,19059010,9903.88.03,25.0
1905.90.90,19059090,9903.88.15,7.5
2001.10.00,20011000,9903.88.03,25.0
2001.90.10,20019010,9903.88.15,7.5
2001.90.20,20019020,9903.88.03,25.0
2001.90.25,20019025,9903.88.03,25.0
2001.90.30,20019030,9903.88.03,25.0
2001.90.33,20019033,9903.88.15,7.5
2001.90.34,20019034,9903.88.03,25.0
2001.90.35,20019035,9903.88.03,25.0
2001.90.38,20019038,9903.88.03,25.0
2001.90.42,20019042,9903.88.03,25.0
2001.90.45,20019045,9903.88.15,7.5
2001.90.48,20019048,9903.88.03,25.0
2001.90.50,20019050,9903.88.03,25.0
2001.90.60,20019060,9903.88.03,25.0
2002.10.00,20021000,9903.88.03,25.0
2002.90.40,20029040,9903.88.03,25.0
2002.90.80,20029080,9903.88.03,25.0
2003-10-01 00:00:00,2003-10-01 00:00:00,9903.88.03,25.0
2003.90.10,20039010,9903.88.03,25.0
2003.90.80,20039080,9903.88.03,25.0
2004.10.40,20041040,9903.88.15,7.5
2004.10.80,20041080,9903.88.03,25.0
2004.90.10,20049010,9903.88.15,7.5
2004.90.80,20049080,9903.88.03,25.0
2004.90.85,20049085,9903.88.03,25.0
2005.10.00,20051000,9903.88.15,7.5
2005.20.00,20052000,9903.88.03,25.0
2005.40.00,20054000,9903.88.03,25.0
2005.51.20,20055120,9903.88.03,25.0
2005.51.40,20055140,9903.88.03,25.0
2005.59.00,20055900,9903.88.03,25.0
2005.60.00,20056000,9903.88.03,25.0
2005.70.02,20057002,9903.88.15,7.5
2005.70.04,20057004,9903.88.15,7.5
2005.70.06,20057006,9903.88.15,7.5
2005.70.08,20057008,9903.88.15,7.5
2005.70.12,20057012,9903.88.15,7.5
2005.70.16,20057016,9903.88.15,7.5
2005.70.18,20057018,9903.88.15,7.5
2005.70.23,20057023,9903.88.15,7.5
2005.70.25,20057025,9903.88.03,25.0
2005.70.50,20057050,9903.88.15,7.5
2005.70.60,20057060,9903.88.03,25.0
2005.70.70,20057070,9903.88.03,25.0
2005.70.75,20057075,9903.88.03,25.0
2005.70.91,20057091,9903.88.15,7.5
2005.70.93,20057093,9903.88.15,7.5
2005.70.97,20057097,9903.88.03,25.0
2005.80.00,20058000,9903.88.03,25.0
2005.91.60,20059160,9903.88.03,25.0
2005.91.97,20059197,9903.88.03,25.0
2005.99.10,20059910,9903.88.03,25.0
2005.99.20,20059920,9903.88.03,25.0
2005.99.30,20059930,9903.88.03,25.0
2005.99.41,20059941,9903.88.03,25.0
2005.99.50,20059950,9903.88.03,25.0
2005.99.55,20059955,9903.88.03,25.0
2005.99.80,20059980,9903.88.03,25.0
2005.99.85,20059985,9903.88.03,25.0
2005.99.97,20059997,9903.88.03,25.0
2006.00.20,20060020,9903.88.03,25.0
2006.00.30,20060030,9903.88.03,25.0
2006.00.40,20060040,9903.88.03,25.0
2006.00.50,20060050,9903.88.03,25.0
2006.00.60,20060060,9903.88.03,25.0
2006.00.70,20060070,9903.88.03,25.0
2006.00.90,20060090,9903.88.03,25.0
2007.10.00,20071000,9903.88.03,25.0
2007.91.10,20079110,9903.88.03,25.0
2007.91.40,20079140,9903.88.03,25.0
2007.91.90,20079190,9903.88.15,7.5
2007.99.05,20079905,9903.88.03,25.0
2007.99.10,20079910,9903.88.03,25.0
2007.99.15,20079915,9903.88.03,25.0
2007.99.20,20079920,9903.88.03,25.0
2007.99.25,20079925,9903.88.03,25.0
2007.99.30,20079930,9903.88.15,7.5
2007.99.35,20079935,9903.88.03,25.0
2007.99.40,20079940,9903.88.03,25.0
2007.99.45,20079945,9903.88.03,25.0
2007.99.48,20079948,9903.88.03,25.0
2007.99.50,20079950,9903.88.03,25.0
2007.99.55,20079955,9903.88.15,7.5
2007.99.60,20079960,9903.88.03,25.0
2007.99.65,20079965,9903.88.03,25.0
2007.99.70,20079970,9903.88.03,25.0
2007.99.75,20079975,9903.88.03,25.0
2008-11-02 00:00:00,2008-11-02 00:00:00,9903.88.03,25.0
2008-11-05 00:00:00,2008-11-05 00:00:00,9903.88.03,25.0
2008-11-15 00:00:00,2008-11-15 00:00:00,9903.88.03,25.0
2008.11.43,20081143,9903.88.03,25.0
2008.11.46,20081146,9903.88.03,25.0
2008.11.61,20081161,9903.88.15,7.5
2008.19.10,20081910,9903.88.03,25.0
2008.19.15,20081915,9903.88.03,25.0
2008.19.20,20081920,9903.88.03,25.0
2008.19.25,20081925,9903.88.03,25.0
2008.19.30,20081930,9903.88.03,25.0
2008.19.40,20081940,9903.88.03,25.0
2008.19.50,20081950,9903.88.03,25.0
2008.19.85,20081985,9903.88.03,25.0
2008.19.90,20081990,9903.88.03,25.0
2008.20.00,20082000,9903.88.03,25.0
2008.30.10,20083010,9903.88.03,25.0
2008.30.20,20083020,9903.88.03,25.0
2008.30.30,20083030,9903.88.03,25.0
2008.30.35,20083035,9903.88.15,7.5
2008.30.37,20083037,9903.88.15,7.5
2008.30.40,20083040,9903.88.03,25.0
2008.30.42,20083042,9903.88.03,25.0
2008.30.46,20083046,9903.88.03,25.0
2008.30.48,20083048,9903.88.03,25.0
2008.30.55,20083055,9903.88.03,25.0
2008.30.60,20083060,9903.88.15,7.5
2008.30.66,20083066,9903.88.15,7.5
2008.30.70,20083070,9903.88.03,25.0
2008.30.80,20083080,9903.88.03,25.0
2008.30.85,20083085,9903.88.15,7.5
2008.30.96,20083096,9903.88.03,25.0
2008.40.00,20084000,9903.88.03,25.0
2008.50.20,20085020,9903.88.03,25.0
2008.50.40,20085040,9903.88.03,25.0
2008.60.00,20086000,9903.88.03,25.0
2008.70.10,20087010,9903.88.03,25.0
2008.70.20,20087020,9903.88.03,25.0
2008.80.00,20088000,9903.88.03,25.0
2008.91.00,20089100,9903.88.15,7.5
2008.93.00,20089300,9903.88.03,25.0
2008.97.10,20089710,9903.88.03,25.0
2008.97.90,20089790,9903.88.03,25.0
2008.99.05,20089905,9903.88.03,25.0
2008.99.10,20089910,9903.88.15,7.5
2008.99.13,20089913,9903.88.15,7.5
2008.99.15,20089915,9903.88.03,25.0
2008.99.18,20089918,9903.88.03,25.0
2008.99.21,20089921,9903.88.03,25.0
2008.99.23,20089923,9903.88.03,25.0
2008.99.25,20089925,9903.88.03,25.0
2008.99.28,20089928,9903.88.03,25.0
2008.99.29,20089929,9903.88.03,25.0
2008.99.30,20089930,9903.88.03,25.0
2008.99.35,20089935,9903.88.03,25.0
2008.99.40,20089940,9903.88.03,25.0
2008.99.45,20089945,9903.88.15,7.5
2008.99.50,20089950,9903.88.03,25.0
2008.99.60,20089960,9903.88.03,25.0
2008.99.61,20089961,9903.88.03,25.0
2008.99.63,20089963,9903.88.03,25.0
2008.99.65,20089965,9903.88.15,7.5
2008.99.70,20089970,9903.88.03,25.0
2008.99.71,20089971,9903.88.03,25.0
2008.99.80,20089980,9903.88.03,25.0
2008.99.91,20089991,9903.88.03,25.0
2009.11.00,20091100,9903.88.03,25.0
2009-12-25 00:00:00,2009-12-25 00:00:00,9903.88.15,7.5
2009.12.45,20091245,9903.88.15,7.5
2009.19.00,20091900,9903.88.15,7.5
2009.21.20,20092120,9903.88.15,7.5
2009.21.40,20092140,9903.88.15,7.5
2009.29.00,20092900,9903.88.03,25.0
2009.31.10,20093110,9903.88.15,7.5
2009.31.20,20093120,9903.88.03,25.0
2009.31.40,20093140,9903.88.03,25.0
2009.31.60,20093160,9903.88.03,25.0
2009.39.10,20093910,9903.88.15,7.5
2009.39.20,20093920,9903.88.15,7.5
2009.39.60,20093960,9903.88.03,25.0
2009.41.20,20094120,9903.88.15,7.5
2009.41.40,20094140,9903.88.03,25.0
2009.49.20,20094920,9903.88.15,7.5
2009.49.40,20094940,9903.88.03,25.0
2009.50.00,20095000,9903.88.03,25.0
2009.61.00,20096100,9903.88.15,7.5
2009.69.00,20096900,9903.88.03,25.0
2009.71.00,20097100,9903.88.03,25.0
2009.79.00,20097900,9903.88.03,25.0
2009.81.00,20098100,9903.88.15,7.5
2009.89.20,20098920,9903.88.03,25.0
2009.89.40,20098940,9903.88.15,7.5
2009.89.65,20098965,9903.88.03,25.0
2009.89.70,20098970,9903.88.03,25.0
2009.89.80,20098980,9903.88.03,25.0
2009.90.20,20099020,9903.88.15,7.5
2009.90.40,20099040,9903.88.03,25.0
2101-11-21 00:00:00,2101-11-21 00:00:00,9903.88.15,7.5
2101-11-29 00:00:00,2101-11-29 00:00:00,9903.88.15,7.5
2101.12.32,21011232,9903.88.15,7.5
2101.12.34,21011234,9903.88.15,7.5
2101.12.38,21011238,9903.88.15,7.5
2101.12.44,21011244,9903.88.15,7.5
2101.12.48,21011248,9903.88.15,7.5
2101.12.54,21011254,9903.88.15,7.5
2101.12.58,21011258,9903.88.15,7.5
2101.12.90,21011290,9903.88.15,7.5
2101.20.20,21012020,9903.88.15,7.5
2101.20.32,21012032,9903.88.15,7.5
2101.20.34,21012034,9903.88.15,7.5
2101.20.38,21012038,9903.88.15,7.5
2101.20.44,21012044,9903.88.15,7.5
2101.20.48,21012048,9903.88.15,7.5
2101.20.54,21012054,9903.88.15,7.5
2101.20.58,21012058,9903.88.15,7.5
2101.20.90,21012090,9903.88.15,7.5
2101.30.00,21013000,9903.88.15,7.5
2102.10.00,21021000,9903.88.15,7.5
2102.20.20,21022020,9903.88.15,7.5
2102.20.40,21022040,9903.88.15,7.5
2102.20.60,21022060,9903.88.15,7.5
2102.30.00,21023000,9903.88.15,7.5
2103.10.00,21031000,9903.88.03,25.0
2103.20.20,21032020,9903.88.15,7.5
2103.20.40,21032040,9903.88.15,7.5
2103.30.20,21033020,9903.88.15,7.5
2103.30.40,21033040,9903.88.15,7.5
2103.90.20,21039020,9903.88.15,7.5
2103.90.40,21039040,9903.88.15,7.5
2103.90.72,21039072,9903.88.15,7.5
2103.90.74,21039074,9903.88.15,7.5
2103.90.78,21039078,9903.88.15,7.5
2103.90.80,21039080,9903.88.03,25.0
2103.90.90,21039090,9903.88.15,7.5
2104.10.00,21041000,9903.88.15,7.5
2104.20.10,21042010,9903.88.15,7.5
2104.20.50,21042050,9903.88.15,7.5
2105.00.05,21050005,9903.88.15,7.5
2105.00.10,21050010,9903.88.15,7.5
2105.00.20,21050020,9903.88.15,7.5
2105.00.25,21050025,9903.88.15,7.5
2105.00.30,21050030,9903.88.15,7.5
2105.00.40,21050040,9903.88.15,7.5
2105.00.50,21050050,9903.88.15,7.5
2106.10.00,21061000,9903.88.03,25.0
2106.90.03,21069003,9903.88.15,7.5
2106.90.06,21069006,9903.88.15,7.5
2106.90.09,21069009,9903.88.15,7.5
2106.90.12,21069012,9903.88.15,7.5
2106.90.15,21069015,9903.88.15,7.5
2106.90.18,21069018,9903.88.15,7.5
2106.90.22,21069022,9903.88.15,7.5
2106.90.24,21069024,9903.88.15,7.5
2106.90.26,21069026,9903.88.15,7.5
2106.90.28,21069028,9903.88.15,7.5
2106.90.32,21069032,9903.88.15,7.5
2106.90.34,21069034,9903.88.15,7.5
2106.90.36,21069036,9903.88.15,7.5
2106.90.38,21069038,9903.88.15,7.5
2106.90.42,21069042,9903.88.15,7.5
2106.90.44,21069044,9903.88.15,7.5
2106.90.46,21069046,9903.88.15,7.5
2106.90.48,21069048,9903.88.15,7.5
2106.90.52,21069052,9903.88.15,7.5
2106.90.54,21069054,9903.88.15,7.5
2106.90.58,21069058,9903.88.15,7.5
2106.90.62,21069062,9903.88.15,7.5
2106.90.64,21069064,9903.88.15,7.5
2106.90.66,21069066,9903.88.15,7.5
2106.90.68,21069068,9903.88.15,7.5
2106.90.72,21069072,9903.88.15,7.5
2106.90.74,21069074,9903.88.15,7.5
2106.90.76,21069076,9903.88.15,7.5
2106.90.78,21069078,9903.88.15,7.5
2106.90.80,21069080,9903.88.15,7.5
2106.90.82,21069082,9903.88.15,7.5
2106.90.83,21069083,9903.88.15,7.5
2106.90.85,21069085,9903.88.15,7.5
2106.90.87,21069087,9903.88.15,7.5
2106.90.89,21069089,9903.88.15,7.5
2106.90.91,21069091,9903.88.15,7.5
2106.90.92,21069092,9903.88.15,7.5
2106.90.94,21069094,9903.88.15,7.5
2106.90.95,21069095,9903.88.15,7.5
2106.90.97,21069097,9903.88.15,7.5
2106.90.99,21069099,9903.88.15,7.5
2201.10.00,22011000,9903.88.03,25.0
2201.90.00,22019000,9903.88.03,25.0
2202.10.00,22021000,9903.88.03,25.0
2202.91.00,22029100,9903.88.15,7.5
2202.99.10,22029910,9903.88.15,7.5
2202.99.22,22029922,9903.88.15,7.5
2202.99.24,22029924,9903.88.15,7.5
2202.99.28,22029928,9903.88.15,7.5
2202.99.30,22029930,9903.88.03,25.0
2202.99.35,22029935,9903.88.03,25.0
2202.99.36,22029936,9903.88.03,25.0
2202.99.37,22029937,9903.88.03,25.0
2202.99.91,22029991,9903.88.03,25.0
2203.00.00,22030000,9903.88.03,25.0
2204.10.00,22041000,9903.88.03,25.0
2204.21.20,22042120,9903.88.03,25.0
2204.21.30,22042130,9903.88.03,25.0
2204.21.50,22042150,9903.88.03,25.0
2204.21.60,22042160,9903.88.03,25.0
2204.21.80,22042180,9903.88.03,25.0
2204.22.20,22042220,9903.88.15,7.5
2204.22.40,22042240,9903.88.15,7.5
2204.22.60,22042260,9903.88.15,7.5
2204.22.80,22042280,9903.88.15,7.5
2204.29.61,22042961,9903.88.15,7.5
2204.29.81,22042981,9903.88.15,7.5
2204.30.00,22043000,9903.88.15,7.5
2205-10-30 00:00:00,2205-10-30 00:00:00,9903.88.15,7.5
2205.10.60,22051060,9903.88.15,7.5
2205.90.20,22059020,9903.88.15,7.5
2205.90.40,22059040,9903.88.15,7.5
2205.90.60,22059060,9903.88.15,7.5
2206.00.15,22060015,9903.88.15,7.5
2206.00.30,22060030,9903.88.15,7.5
2206.00.45,22060045,9903.88.03,25.0
2206.00.60,22060060,9903.88.15,7.5
2206.00.90,22060090,9903.88.03,25.0
2207-10-30 00:00:00,2207-10-30 00:00:00,9903.88.03,25.0
2207.10.60,22071060,9903.88.03,25.0
2207.20.00,22072000,9903.88.15,7.5
2208.20.10,22082010,9903.88.15,7.5
2208.20.20,22082020,9903.88.15,7.5
2208.20.30,22082030,9903.88.15,7.5
2208.20.40,22082040,9903.88.15,7.5
2208.20.50,22082050,9903.88.15,7.5
2208.20.60,22082060,9903.88.15,7.5
2208.30.30,22083030,9903.88.15,7.5
2208.30.60,22083060,9903.88.15,7.5
2208.40.20,22084020,9903.88.15,7.5
2208.40.40,22084040,9903.88.15,7.5
2208.40.60,22084060,9903.88.15,7.5
2208.40.80,22084080,9903.88.15,7.5
2208.50.00,22085000,9903.88.15,7.5
2208.60.10,22086010,9903.88.15,7.5
2208.60.20,22086020,9903.88.15,7.5
2208.60.50,22086050,9903.88.15,7.5
2208.70.00,22087000,9903.88.15,7.5
2208.90.01,22089001,9903.88.15,7.5
2208.90.05,22089005,9903.88.15,7.5
2208.90.10,22089010,9903.88.15,7.5
2208.90.12,22089012,9903.88.15,7.5
2208.90.14,22089014,9903.88.15,7.5
2208.90.15,22089015,9903.88.15,7.5
2208.90.20,22089020,9903.88.15,7.5
2208.90.25,22089025,9903.88.15,7.5
2208.90.30,22089030,9903.88.15,7.5
2208.90.35,22089035,9903.88.15,7.5
2208.90.40,22089040,9903.88.15,7.5
2208.90.46,22089046,9903.88.15,7.5
2208.90.50,22089050,9903.88.15,7.5
2208.90.55,22089055,9903.88.15,7.5
2208.90.71,22089071,9903.88.15,7.5
2208.90.72,22089072,9903.88.15,7.5
2208.90.75,22089075,9903.88.15,7.5
2209.00.00,22090000,9903.88.03,25.0
2301.10.00,23011000,9903.88.03,25.0
2301.20.00,23012000,9903.88.03,25.0
2302.10.00,23021000,9903.88.15,7.5
2302.30.00,23023000,9903.88.03,25.0
2302.40.01,23024001,9903.88.03,25.0
2302.50.00,23025000,9903.88.03,25.0
2303.10.00,23031000,9903.88.03,25.0
2303.20.00,23032000,9903.88.03,25.0
2303.30.00,23033000,9903.88.03,25.0
2304.00.00,23040000,9903.88.03,25.0
2305.00.00,23050000,9903.88.03,25.0
2306.10.00,23061000,9903.88.15,7.5
2306.20.00,23062000,9903.88.03,25.0
2306.30.00,23063000,9903.88.03,25.0
2306.41.00,23064100,9903.88.03,25.0
2306.49.00,23064900,9903.88.03,25.0
2306.50.00,23065000,9903.88.15,7.5
2306.60.00,23066000,9903.88.15,7.5
2306.90.01,23069001,9903.88.03,25.0
2307.00.00,23070000,9903.88.15,7.5
2308.00.10,23080010,9903.88.15,7.5
2308.00.93,23080093,9903.88.15,7.5
2308.00.95,23080095,9903.88.03,25.0
2308.00.98,23080098,9903.88.03,25.0
2309.10.00,23091000,9903.88.03,25.0
2309.90.10,23099010,9903.88.03,25.0
2309.90.22,23099022,9903.88.15,7.5
2309.90.24,23099024,9903.88.15,7.5
2309.90.28,23099028,9903.88.15,7.5
2309.90.42,23099042,9903.88.15,7.5
2309.90.44,23099044,9903.88.15,7.5
2309.90.48,23099048,9903.88.15,7.5
2309.90.60,23099060,9903.88.15,7.5
2309.90.70,23099070,9903.88.03,25.0
2309.90.95,23099095,9903.88.03,25.0
2401-10-21 00:00:00,2401-10-21 00:00:00,9903.88.15,7.5
2401-10-29 00:00:00,2401-10-29 00:00:00,9903.88.15,7.5
2401.10.44,24011044,9903.88.03,25.0
2401.10.48,24011048,9903.88.15,7.5
2401.10.53,24011053,9903.88.15,7.5
2401.10.61,24011061,9903.88.15,7.5
2401.10.63,24011063,9903.88.15,7.5
2401.10.65,24011065,9903.88.15,7.5
2401.10.95,24011095,9903.88.15,7.5
2401.20.05,24012005,9903.88.03,25.0
2401.20.14,24012014,9903.88.03,25.0
2401.20.18,24012018,9903.88.03,25.0
2401.20.23,24012023,9903.88.03,25.0
2401.20.26,24012026,9903.88.03,25.0
2401.20.29,24012029,9903.88.03,25.0
2401.20.31,24012031,9903.88.03,25.0
2401.20.33,24012033,9903.88.03,25.0
2401.20.35,24012035,9903.88.03,25.0
2401.20.57,24012057,9903.88.03,25.0
2401.20.60,24012060,9903.88.03,25.0
2401.20.75,24012075,9903.88.03,25.0
2401.20.83,24012083,9903.88.03,25.0
2401.20.85,24012085,9903.88.03,25.0
2401.20.87,24012087,9903.88.03,25.0
2401.30.03,24013003,9903.88.03,25.0
2401.30.06,24013006,9903.88.03,25.0
2401.30.09,24013009,9903.88.03,25.0
2401.30.13,24013013,9903.88.03,25.0
2401.30.16,24013016,9903.88.03,25.0
2401.30.19,24013019,9903.88.03,25.0
2401.30.23,24013023,9903.88.03,25.0
2401.30.25,24013025,9903.88.03,25.0
2401.30.27,24013027,9903.88.03,25.0
2401.30.33,24013033,9903.88.03,25.0
2401.30.35,24013035,9903.88.03,25.0
2401.30.37,24013037,9903.88.03,25.0
2401.30.70,24013070,9903.88.03,25.0
2402-10-30 00:00:00,2402-10-30 00:00:00,9903.88.03,25.0
2402.10.60,24021060,9903.88.03,25.0
2402.10.80,24021080,9903.88.03,25.0
2402.20.10,24022010,9903.88.03,25.0
2402.20.80,24022080,9903.88.03,25.0
2402.20.90,24022090,9903.88.03,25.0
2402.90.00,24029000,9903.88.03,25.0
2403.11.00,24031100,9903.88.03,25.0
2403.19.20,24031920,9903.88.03,25.0
2403.19.30,24031930,9903.88.03,25.0
2403.19.60,24031960,9903.88.03,25.0
2403.19.90,24031990,9903.88.03,25.0
2403.91.20,24039120,9903.88.15,7.5
2403.91.43,24039143,9903.88.03,25.0
2403.91.45,24039145,9903.88.15,7.5
2403.91.47,24039147,9903.88.15,7.5
2403.99.21,24039921,9903.88.03,25.0
2403.99.31,24039931,9903.88.03,25.0
2403.99.60,24039960,9903.88.03,25.0
2403.99.90,24039990,9903.88.03,25.0
2404.11.00,24041100,9903.88.03,25.0
2404-12-05 00:00:00,2404-12-05 00:00:00,9903.88.03,25.0
2404-12-10 00:00:00,2404-12-10 00:00:00,9903.88.03,25.0
2404.12.90,24041290,9903.88.03,25.0
2404.19.05,24041905,9903.88.03,25.0
2404.19.10,24041910,9903.88.03,25.0
2404.19.90,24041990,9903.88.03,25.0
2404.91.00,24049100,9903.88.15,7.5
2404.92.00,24049200,9903.88.03,25.0
2404.99.00,24049900,9903.88.03,25.0
2501.00.00,25010000,9903.88.03,25.0
2502.00.00,25020000,9903.88.03,25.0
2503.00.00,25030000,9903.88.03,25.0
2504-10-10 00:00:00,2504-10-10 00:00:00,9903.91.06,25.0
2504.10.50,25041050,9903.91.06,25.0
2504.90.00,25049000,9903.91.06,25.0
2505-10-10 00:00:00,2505-10-10 00:00:00,9903.88.03,25.0
2505.10.50,25051050,9903.88.03,25.0
2505.90.00,25059000,9903.88.03,25.0
2506.10.00,25061000,9903.88.03,25.0
2506.20.00,25062000,9903.88.03,25.0
2507.00.00,25070000,9903.88.03,25.0
2508.10.00,25081000,9903.88.03,25.0
2508.40.01,25084001,9903.88.03,25.0
2508.50.00,25085000,9903.88.03,25.0
2508.60.00,25086000,9903.88.03,25.0
2508.70.00,25087000,9903.88.03,25.0
2509.00.10,25090010,9903.88.03,25.0
2509.00.20,25090020,9903.88.03,25.0
2510.10.00,25101000,9903.88.03,25.0
2510.20.00,25102000,9903.88.03,25.0
2511.20.00,25112000,9903.88.03,25.0
2512.00.00,25120000,9903.88.03,25.0
2513.10.00,25131000,9903.88.03,25.0
2513.20.10,25132010,9903.88.03,25.0
2513.20.90,25132090,9903.88.03,25.0
2514.00.00,25140000,9903.88.03,25.0
2515.11.00,25151100,9903.88.03,25.0
2515-12-10 00:00:00,2515-12-10 00:00:00,9903.88.03,25.0
2515-12-20 00:00:00,2515-12-20 00:00:00,9903.88.03,25.0
2515.20.00,25152000,9903.88.03,25.0
2516.11.00,25161100,9903.88.03,25.0
2516.12.00,25161200,9903.88.03,25.0
2516.20.10,25162010,9903.88.03,25.0
2516.20.20,25162020,9903.88.03,25.0
2516.90.00,25169000,9903.88.03,25.0
2517.10.00,25171000,9903.88.03,25.0
2517.20.00,25172000,9903.88.03,25.0
2517.30.00,25173000,9903.88.03,25.0
2517.41.00,25174100,9903.88.03,25.0
2517.49.00,25174900,9903.88.03,25.0
2518.10.00,25181000,9903.88.03,25.0
2518.20.00,25182000,9903.88.03,25.0
2520.10.00,25201000,9903.88.03,25.0
2520.20.00,25202000,9903.88.03,25.0
2521.00.00,25210000,9903.88.03,25.0
2522.10.00,25221000,9903.88.03,25.0
2522.20.00,25222000,9903.88.03,25.0
2522.30.00,25223000,9903.88.03,25.0
2523.10.00,25231000,9903.88.03,25.0
2523.21.00,25232100,9903.88.03,25.0
2523.29.00,25232900,9903.88.03,25.0
2523.30.00,25233000,9903.88.03,25.0
2523.90.00,25239000,9903.88.03,25.0
2524.10.00,25241000,9903.88.03,25.0
2524.90.00,25249000,9903.88.03,25.0
2525.10.00,25251000,9903.88.03,25.0
2525.20.00,25252000,9903.88.03,25.0
2525.30.00,25253000,9903.88.03,25.0
2528.00.00,25280000,9903.88.03,25.0
2529.10.00,25291000,9903.88.03,25.0
2529.30.00,25293000,9903.88.03,25.0
2530.10.00,25301000,9903.88.03,25.0
2530.20.10,25302010,9903.88.03,25.0
2530.20.20,25302020,9903.88.03,25.0
2530.90.10,25309010,9903.88.03,25.0
2530.90.20,25309020,9903.88.03,25.0
2601.11.00,26011100,9903.88.03,25.0
2601.12.00,26011200,9903.88.03,25.0
2601.20.00,26012000,9903.88.03,25.0
2602.00.00,26020000,9903.91.01,25.0
2604.00.00,26040000,9903.88.03,25.0
2605.00.00,26050000,9903.91.01,25.0
2606.00.00,26060000,9903.91.01,25.0
2607.00.00,26070000,9903.88.03,25.0
2608.00.00,26080000,9903.91.01,25.0
2610.00.00,26100000,9903.91.01,25.0
2611.00.60,26110060,9903.91.01,25.0
2612.10.00,26121000,9903.88.03,25.0
2614.00.30,26140030,9903.88.03,25.0
2614.00.60,26140060,9903.88.03,25.0
2615.10.00,26151000,9903.88.03,25.0
2615.90.30,26159030,9903.88.03,25.0
2615.90.60,26159060,9903.88.03,25.0
2616.10.00,26161000,9903.88.03,25.0
2616.90.00,26169000,9903.88.03,25.0
2617.90.00,26179000,9903.88.03,25.0
2618.00.00,26180000,9903.88.03,25.0
2619.00.30,26190030,9903.88.03,25.0
2619.00.90,26190090,9903.88.03,25.0
2620.11.00,26201100,9903.88.03,25.0
2620.19.30,26201930,9903.88.03,25.0
2620.19.60,26201960,9903.88.03,25.0
2620.21.00,26202100,9903.88.03,25.0
2620.29.00,26202900,9903.88.03,25.0
2620.30.00,26203000,9903.88.03,25.0
2620.60.10,26206010,9903.88.03,25.0
2620.60.90,26206090,9903.88.03,25.0
2620.91.00,26209100,9903.88.03,25.0
2620.99.10,26209910,9903.88.03,25.0
2620.99.20,26209920,9903.88.03,25.0
2620.99.30,26209930,9903.88.03,25.0
2620.99.50,26209950,9903.88.03,25.0
2620.99.75,26209975,9903.88.03,25.0
2620.99.85,26209985,9903.88.03,25.0
2621.10.00,26211000,9903.88.15,7.5
2621.90.00,26219000,9903.88.03,25.0
2701.11.00,27011100,9903.88.03,25.0
2701.12.00,27011200,9903.88.03,25.0
2701.19.00,27011900,9903.88.03,25.0
2701.20.00,27012000,9903.88.03,25.0
2702.10.00,27021000,9903.88.03,25.0
2702.20.00,27022000,9903.88.03,25.0
2703.00.00,27030000,9903.88.03,25.0
2705.00.00,27050000,9903.88.03,25.0
2706.00.00,27060000,9903.88.03,25.0
2707.10.00,27071000,9903.88.03,25.0
2707.20.00,27072000,9903.88.03,25.0
2707.30.00,27073000,9903.88.03,25.0
2707.40.00,27074000,9903.88.03,25.0
2707.50.00,27075000,9903.88.03,25.0
2707.91.00,27079100,9903.88.03,25.0
2707.99.10,27079910,9903.88.03,25.0
2707.99.20,27079920,9903.88.03,25.0
2707.99.40,27079940,9903.88.03,25.0
2707.99.51,27079951,9903.88.15,7.5
2707.99.55,27079955,9903.88.03,25.0
2707.99.59,27079959,9903.88.03,25.0
2707.99.90,27079990,9903.88.03,25.0
2708.10.00,27081000,9903.88.03,25.0
2708.20.00,27082000,9903.88.03,25.0
2709.00.10,27090010,9903.88.03,25.0
2709.00.20,27090020,9903.88.03,25.0
2710-12-15 00:00:00,2710-12-15 00:00:00,9903.88.03,25.0
2710-12-18 00:00:00,2710-12-18 00:00:00,9903.88.03,25.0
2710-12-25 00:00:00,2710-12-25 00:00:00,9903.88.03,25.0
2710.12.45,27101245,9903.88.03,25.0
2710.12.90,27101290,9903.88.03,25.0
2710.19.06,27101906,9903.88.03,25.0
2710.19.11,27101911,9903.88.03,25.0
2710.19.16,27101916,9903.88.03,25.0
2710.19.24,27101924,9903.88.03,25.0
2710.19.25,27101925,9903.88.03,25.0
2710.19.26,27101926,9903.88.03,25.0
2710.19.30,27101930,9903.88.02,25.0
2710.19.35,27101935,9903.88.02,25.0
2710.19.40,27101940,9903.88.02,25.0
2710.19.45,27101945,9903.88.03,25.0
2710.19.90,27101990,9903.88.03,25.0
2710.20.05,27102005,9903.88.03,25.0
2710.20.10,27102010,9903.88.03,25.0
2710.20.15,27102015,9903.88.03,25.0
2710.20.25,27102025,9903.88.03,25.0
2710.91.00,27109100,9903.88.15,7.5
2710.99.05,27109905,9903.88.15,7.5
2710.99.10,27109910,9903.88.15,7.5
2710.99.16,27109916,9903.88.15,7.5
2710.99.21,27109921,9903.88.15,7.5
2710.99.31,27109931,9903.88.15,7.5
2710.99.32,27109932,9903.88.15,7.5
2710.99.39,27109939,9903.88.15,7.5
2710.99.45,27109945,9903.88.15,7.5
2710.99.90,27109990,9903.88.15,7.5
2711.11.00,27111100,9903.88.03,25.0
2711.12.00,27111200,9903.88.03,25.0
2711.13.00,27111300,9903.88.03,25.0
2711.14.00,27111400,9903.88.03,25.0
2711.19.00,27111900,9903.88.03,25.0
2711.21.00,27112100,9903.88.03,25.0
2711.29.00,27112900,9903.88.03,25.0
2712.10.00,27121000,9903.88.03,25.0
2712.20.00,27122000,9903.88.15,7.5
2712.90.10,27129010,9903.88.03,25.0
2712.90.20,27129020,9903.88.03,25.0
2713.11.00,27131100,9903.88.03,25.0
2713.12.00,27131200,9903.88.03,25.0
2713.20.00,27132000,9903.88.03,25.0
2713.90.00,27139000,9903.88.03,25.0
2714.10.00,27141000,9903.88.03,25.0
2714.90.00,27149000,9903.88.03,25.0
2715.00.00,27150000,9903.88.03,25.0
2801.10.00,28011000,9903.88.03,25.0
2801.20.00,28012000,9903.88.03,25.0
2801.30.10,28013010,9903.88.03,25.0
2801.30.20,28013020,9903.88.03,25.0
2802.00.00,28020000,9903.88.03,25.0
2803.00.00,28030000,9903.88.03,25.0
2804.10.00,28041000,9903.88.03,25.0
2804.21.00,28042100,9903.88.03,25.0
2804.29.00,28042900,9903.88.03,25.0
2804.30.00,28043000,9903.88.03,25.0
2804.40.00,28044000,9903.88.03,25.0
2804.50.00,28045000,9903.88.03,25.0
2804.61.00,28046100,9903.91.05,50.0
2804.80.00,28048000,9903.88.03,25.0
2804.90.00,28049000,9903.88.03,25.0
2805.11.00,28051100,9903.88.03,25.0
2805.12.00,28051200,9903.88.03,25.0
2805.19.10,28051910,9903.88.03,25.0
2805.19.20,28051920,9903.88.03,25.0
2805.19.90,28051990,9903.88.03,25.0
2805.40.00,28054000,9903.88.03,25.0
2806.10.00,28061000,9903.88.03,25.0
2806.20.00,28062000,9903.88.03,25.0
2807.00.00,28070000,9903.88.03,25.0
2808.00.00,28080000,9903.88.03,25.0
2809.10.00,28091000,9903.88.03,25.0
2809.20.00,28092000,9903.88.03,25.0
2810.00.00,28100000,9903.88.03,25.0
2811.11.00,28111100,9903.88.03,25.0
2811.12.00,28111200,9903.88.03,25.0
2811.19.10,28111910,9903.88.15,7.5
2811.19.30,28111930,9903.88.03,25.0
2811.19.61,28111961,9903.88.03,25.0
2811.21.00,28112100,9903.88.03,25.0
2811.22.10,28112210,9903.88.03,25.0
2811.22.50,28112250,9903.88.03,25.0
2811.29.10,28112910,9903.88.03,25.0
2811.29.20,28112920,9903.88.03,25.0
2811.29.30,28112930,9903.88.03,25.0
2811.29.50,28112950,9903.88.03,25.0
2812.11.00,28121100,9903.88.03,25.0
2812.12.00,28121200,9903.88.03,25.0
2812.13.00,28121300,9903.88.03,25.0
2812.14.00,28121400,9903.88.03,25.0
2812.15.00,28121500,9903.88.03,25.0
2812.16.00,28121600,9903.88.03,25.0
2812.17.00,28121700,9903.88.03,25.0
2812.19.00,28121900,9903.88.03,25.0
2812.90.00,28129000,9903.88.03,25.0
2813.10.00,28131000,9903.88.03,25.0
2813.90.10,28139010,9903.88.03,25.0
2813.90.20,28139020,9903.88.03,25.0
2813.90.50,28139050,9903.88.03,25.0
2814.10.00,28141000,9903.88.03,25.0
2814.20.00,28142000,9903.88.03,25.0
2815.11.00,28151100,9903.88.03,25.0
2815.12.00,28151200,9903.88.03,25.0
2815.20.00,28152000,9903.88.03,25.0
2815.30.00,28153000,9903.88.03,25.0
2816.10.00,28161000,9903.88.03,25.0
2816.40.10,28164010,9903.88.03,25.0
2817.00.00,28170000,9903.88.03,25.0
2818-10-10 00:00:00,2818-10-10 00:00:00,9903.88.15,7.5
2818-10-20 00:00:00,2818-10-20 00:00:00,9903.88.15,7.5
2818.30.00,28183000,9903.88.03,25.0
2819.10.00,28191000,9903.88.03,25.0
2819.90.00,28199000,9903.88.03,25.0
2820.10.00,28201000,9903.88.03,25.0
2820.90.00,28209000,9903.88.03,25.0
2821.10.00,28211000,9903.88.03,25.0
2821.20.00,28212000,9903.88.03,25.0
2822.00.00,28220000,9903.88.03,25.0
2823.00.00,28230000,9903.88.03,25.0
2824.10.00,28241000,9903.88.03,25.0
2824.90.10,28249010,9903.88.03,25.0
2824.90.20,28249020,9903.88.03,25.0
2824.90.50,28249050,9903.88.03,25.0
2825.10.00,28251000,9903.88.03,25.0
2825.20.00,28252000,9903.88.03,25.0
2825.30.00,28253000,9903.88.03,25.0
2825.40.00,28254000,9903.88.03,25.0
2825.50.10,28255010,9903.88.03,25.0
2825.50.20,28255020,9903.88.03,25.0
2825.50.30,28255030,9903.88.03,25.0
2825.60.00,28256000,9903.88.03,25.0
2825.90.10,28259010,9903.88.03,25.0
2825.90.15,28259015,9903.88.03,25.0
2825.90.30,28259030,9903.91.01,25.0
2825.90.75,28259075,9903.88.03,25.0
2825.90.90,28259090,9903.88.03,25.0
2826.12.00,28261200,9903.88.03,25.0
2826.19.10,28261910,9903.88.03,25.0
2826.19.20,28261920,9903.88.03,25.0
2826.19.90,28261990,9903.88.03,25.0
2826.30.00,28263000,9903.88.03,25.0
2826.90.10,28269010,9903.88.03,25.0
2827.10.00,28271000,9903.88.03,25.0
2827.20.00,28272000,9903.88.03,25.0
2827.31.00,28273100,9903.88.03,25.0
2827.32.00,28273200,9903.88.03,25.0
2827.35.00,28273500,9903.88.03,25.0
2827.39.10,28273910,9903.88.15,7.5
2827.39.30,28273930,9903.88.03,25.0
2827.39.45,28273945,9903.88.03,25.0
2827.39.55,28273955,9903.88.03,25.0
2827.39.60,28273960,9903.88.03,25.0
2827.39.65,28273965,9903.88.03,25.0
2827.39.90,28273990,9903.88.03,25.0
2827.41.00,28274100,9903.88.03,25.0
2827.49.10,28274910,9903.88.03,25.0
2827.51.00,28275100,9903.88.03,25.0
2827.59.25,28275925,9903.88.03,25.0
2827.59.51,28275951,9903.88.03,25.0
2827.60.10,28276010,9903.88.03,25.0
2827.60.20,28276020,9903.88.03,25.0
2827.60.51,28276051,9903.88.03,25.0
2828.10.00,28281000,9903.88.03,25.0
2828.90.00,28289000,9903.88.03,25.0
2829.11.00,28291100,9903.88.03,25.0
2829.19.01,28291901,9903.88.03,25.0
2829.90.05,28299005,9903.88.03,25.0
2829.90.40,28299040,9903.88.03,25.0
2829.90.61,28299061,9903.88.03,25.0
2830.10.00,28301000,9903.88.03,25.0
2830.90.10,28309010,9903.88.03,25.0
2830.90.15,28309015,9903.88.03,25.0
2830.90.20,28309020,9903.88.03,25.0
2830.90.90,28309090,9903.88.03,25.0
2831-10-10 00:00:00,2831-10-10 00:00:00,9903.88.03,25.0
2831.10.50,28311050,9903.88.03,25.0
2831.90.00,28319000,9903.88.03,25.0
2832.10.00,28321000,9903.88.03,25.0
2832.20.00,28322000,9903.88.03,25.0
2832.30.10,28323010,9903.88.03,25.0
2832.30.50,28323050,9903.88.03,25.0
2833-11-10 00:00:00,2833-11-10 00:00:00,9903.88.03,25.0
2833.11.50,28331150,9903.88.03,25.0
2833.19.00,28331900,9903.88.03,25.0
2833.21.00,28332100,9903.88.03,25.0
2833.22.00,28332200,9903.88.03,25.0
2833.24.00,28332400,9903.88.03,25.0
2833.25.00,28332500,9903.88.03,25.0
2833.27.00,28332700,9903.88.03,25.0
2833.29.10,28332910,9903.88.03,25.0
2833.29.20,28332920,9903.88.03,25.0
2833.29.30,28332930,9903.88.03,25.0
2833.29.40,28332940,9903.88.03,25.0
2833.29.45,28332945,9903.88.03,25.0
2833.29.51,28332951,9903.88.03,25.0
2833.30.00,28333000,9903.88.03,25.0
2833.40.20,28334020,9903.88.03,25.0
2833.40.60,28334060,9903.88.03,25.0
2834-10-10 00:00:00,2834-10-10 00:00:00,9903.88.03,25.0
2834.10.50,28341050,9903.88.03,25.0
2834.21.00,28342100,9903.88.03,25.0
2834.29.05,28342905,9903.88.03,25.0
2834.29.10,28342910,9903.88.03,25.0
2834.29.20,28342920,9903.88.03,25.0
2834.29.51,28342951,9903.88.03,25.0
2835.10.00,28351000,9903.88.03,25.0
2835.22.00,28352200,9903.88.03,25.0
2835.24.00,28352400,9903.88.03,25.0
2835.25.00,28352500,9903.88.03,25.0
2835.26.00,28352600,9903.88.03,25.0
2835.29.10,28352910,9903.88.03,25.0
2835.29.20,28352920,9903.88.03,25.0
2835.29.30,28352930,9903.88.03,25.0
2835.29.51,28352951,9903.88.03,25.0
2835.31.00,28353100,9903.88.03,25.0
2835.39.10,28353910,9903.88.03,25.0
2835.39.50,28353950,9903.88.03,25.0
2836.20.00,28362000,9903.88.03,25.0
2836.30.00,28363000,9903.88.03,25.0
2836.40.10,28364010,9903.88.03,25.0
2836.40.20,28364020,9903.88.03,25.0
2836.50.00,28365000,9903.88.03,25.0
2836.60.00,28366000,9903.88.03,25.0
2836.91.00,28369100,9903.88.03,25.0
2836.92.00,28369200,9903.88.03,25.0
2836.99.10,28369910,9903.88.03,25.0
2836.99.20,28369920,9903.88.03,25.0
2836.99.30,28369930,9903.88.03,25.0
2836.99.40,28369940,9903.88.03,25.0
2836.99.50,28369950,9903.88.03,25.0
2837.11.00,28371100,9903.88.03,25.0
2837.19.01,28371901,9903.88.15,7.5
2837.20.10,28372010,9903.88.03,25.0
2837.20.51,28372051,9903.88.03,25.0
2839.11.00,28391100,9903.88.03,25.0
2839.19.00,28391900,9903.88.03,25.0
2839.90.10,28399010,9903.88.03,25.0
2839.90.50,28399050,9903.88.03,25.0
2840.11.00,28401100,9903.88.03,25.0
2840.19.00,28401900,9903.88.03,25.0
2840.20.00,28402000,9903.88.03,25.0
2840.30.00,28403000,9903.88.03,25.0
2841.30.00,28413000,9903.88.03,25.0
2841.50.10,28415010,9903.88.03,25.0
2841.50.91,28415091,9903.88.03,25.0
2841.61.00,28416100,9903.88.03,25.0
2841.69.00,28416900,9903.88.03,25.0
2841.80.00,28418000,9903.91.01,25.0
2841.90.10,28419010,9903.88.03,25.0
2841.90.20,28419020,9903.88.03,25.0
2841.90.30,28419030,9903.88.03,25.0
2841.90.40,28419040,9903.88.03,25.0
2841.90.45,28419045,9903.88.03,25.0
2841.90.50,28419050,9903.88.03,25.0
2842.10.00,28421000,9903.88.03,25.0
2842.90.10,28429010,9903.88.03,25.0
2842.90.90,28429090,9903.88.03,25.0
2843.10.00,28431000,9903.88.03,25.0
2843.21.00,28432100,9903.88.03,25.0
2843.29.01,28432901,9903.88.03,25.0
2843.30.00,28433000,9903.88.03,25.0
2843.90.00,28439000,9903.88.03,25.0
2844-10-10 00:00:00,2844-10-10 00:00:00,9903.88.03,25.0
2844-10-20 00:00:00,2844-10-20 00:00:00,9903.88.03,25.0
2844.10.50,28441050,9903.88.03,25.0
2844.20.00,28442000,9903.88.15,7.5
2844.41.00,28444100,9903.91.01,25.0
2844.42.00,28444200,9903.91.01,25.0
2844.43.00,28444300,9903.91.01,25.0
2844.44.00,28444400,9903.91.01,25.0
2844.50.00,28445000,9903.88.15,7.5
2845.10.00,28451000,9903.88.03,25.0
2845.20.00,28452000,9903.88.01,25.0
2845.30.00,28453000,9903.88.01,25.0
2845.40.00,28454000,9903.88.01,25.0
2845.90.01,28459001,9903.88.01,25.0
2847.00.00,28470000,9903.88.03,25.0
2849.10.00,28491000,9903.88.03,25.0
2849.90.10,28499010,9903.88.03,25.0
2849.90.20,28499020,9903.88.03,25.0
2849.90.30,28499030,9903.91.01,25.0
2849.90.50,28499050,9903.88.03,25.0
2850.00.05,28500005,9903.88.03,25.0
2850.00.07,28500007,9903.88.03,25.0
2850.00.10,28500010,9903.88.03,25.0
2850.00.20,28500020,9903.88.03,25.0
2850.00.50,28500050,9903.88.03,25.0
2852-10-10 00:00:00,2852-10-10 00:00:00,9903.88.03,25.0
2852.10.90,28521090,9903.88.03,25.0
2852.90.05,28529005,9903.88.03,25.0
2852.90.90,28529090,9903.88.03,25.0
2853.10.00,28531000,9903.88.03,25.0
2853.90.10,28539010,9903.88.03,25.0
2853.90.50,28539050,9903.88.03,25.0
2853.90.90,28539090,9903.88.03,25.0
2901-10-10 00:00:00,2901-10-10 00:00:00,9903.88.03,25.0
2901-10-30 00:00:00,2901-10-30 00:00:00,9903.88.03,25.0
2901.10.40,29011040,9903.88.03,25.0
2901.10.50,29011050,9903.88.03,25.0
2901.21.00,29012100,9903.88.03,25.0
2901.22.00,29012200,9903.88.03,25.0
2901.23.00,29012300,9903.88.03,25.0
2901.24.10,29012410,9903.88.03,25.0
2901.24.20,29012420,9903.88.03,25.0
2901.24.50,29012450,9903.88.03,25.0
2901.29.10,29012910,9903.88.03,25.0
2901.29.50,29012950,9903.88.03,25.0
2902.11.00,29021100,9903.88.03,25.0
2902.19.00,29021900,9903.88.03,25.0
2902.20.00,29022000,9903.88.03,25.0
2902.30.00,29023000,9903.88.03,25.0
2902.41.00,29024100,9903.88.03,25.0
2902.42.00,29024200,9903.88.03,25.0
2902.43.00,29024300,9903.88.03,25.0
2902.44.00,29024400,9903.88.03,25.0
2902.50.00,29025000,9903.88.03,25.0
2902.60.00,29026000,9903.88.03,25.0
2902.70.00,29027000,9903.88.03,25.0
2902.90.10,29029010,9903.88.03,25.0
2902.90.20,29029020,9903.88.03,25.0
2902.90.30,29029030,9903.88.03,25.0
2902.90.40,29029040,9903.88.03,25.0
2902.90.60,29029060,9903.88.03,25.0
2902.90.90,29029090,9903.88.03,25.0
2903.11.00,29031100,9903.88.03,25.0
2903.12.00,29031200,9903.88.03,25.0
2903.13.00,29031300,9903.88.03,25.0
2903.14.00,29031400,9903.88.03,25.0
2903.15.00,29031500,9903.88.03,25.0
2903.19.05,29031905,9903.88.03,25.0
2903.19.10,29031910,9903.88.03,25.0
2903.19.30,29031930,9903.88.03,25.0
2903.19.60,29031960,9903.88.03,25.0
2903.22.00,29032200,9903.88.03,25.0
2903.23.00,29032300,9903.88.03,25.0
2903.29.00,29032900,9903.88.03,25.0
2903.61.00,29036100,9903.88.03,25.0
2903.62.10,29036210,9903.88.03,25.0
2903.69.10,29036910,9903.88.03,25.0
2903.71.01,29037101,9903.88.03,25.0
2903.72.01,29037201,9903.88.03,25.0
2903.73.01,29037301,9903.88.03,25.0
2903.74.01,29037401,9903.88.03,25.0
2903.75.01,29037501,9903.88.03,25.0
2903.76.01,29037601,9903.88.03,25.0
2903.78.00,29037800,9903.88.03,25.0
2903.79.10,29037910,9903.88.15,7.5
2903.79.90,29037990,9903.88.03,25.0
2903.81.00,29038100,9903.88.03,25.0
2903.82.00,29038200,9903.88.03,25.0
2903.83.00,29038300,9903.88.03,25.0
2903.89.05,29038905,9903.88.15,7.5
2903.89.15,29038915,9903.88.03,25.0
2903.89.20,29038920,9903.88.03,25.0
2903.89.40,29038940,9903.88.03,25.0
2903.89.60,29038960,9903.88.03,25.0
2903.89.70,29038970,9903.88.03,25.0
2903.91.10,29039110,9903.88.03,25.0
2903.91.20,29039120,9903.88.03,25.0
2903.91.30,29039130,9903.88.03,25.0
2903.92.00,29039200,9903.88.03,25.0
2903.93.00,29039300,9903.88.15,7.5
2903.94.00,29039400,9903.88.03,25.0
2903.99.10,29039910,9903.88.03,25.0
2903.99.15,29039915,9903.88.15,7.5
2903.99.20,29039920,9903.88.03,25.0
2903.99.23,29039923,9903.88.03,25.0
2903.99.27,29039927,9903.88.03,25.0
2903.99.30,29039930,9903.88.03,25.0
2904-10-04 00:00:00,2904-10-04 00:00:00,9903.88.03,25.0
2904-10-08 00:00:00,2904-10-08 00:00:00,9903.88.03,25.0
2904-10-10 00:00:00,2904-10-10 00:00:00,9903.88.03,25.0
2904-10-15 00:00:00,2904-10-15 00:00:00,9903.88.03,25.0
2904.10.32,29041032,9903.88.03,25.0
2904.10.37,29041037,9903.88.03,25.0
2904.10.50,29041050,9903.88.03,25.0
2904.20.10,29042010,9903.88.03,25.0
2904.20.15,29042015,9903.88.03,25.0
2904.20.20,29042020,9903.88.03,25.0
2904.20.30,29042030,9903.88.03,25.0
2904.20.35,29042035,9903.88.03,25.0
2904.20.40,29042040,9903.88.03,25.0
2904.20.45,29042045,9903.88.03,25.0
2904.20.50,29042050,9903.88.03,25.0
2904.31.00,29043100,9903.88.03,25.0
2904.32.00,29043200,9903.88.03,25.0
2904.33.00,29043300,9903.88.03,25.0
2904.34.00,29043400,9903.88.03,25.0
2904.35.00,29043500,9903.88.03,25.0
2904.36.00,29043600,9903.88.03,25.0
2904.91.00,29049100,9903.88.03,25.0
2904.99.04,29049904,9903.88.03,25.0
2904.99.08,29049908,9903.88.03,25.0
2904.99.15,29049915,9903.88.03,25.0
2904.99.20,29049920,9903.88.03,25.0
2904.99.30,29049930,9903.88.03,25.0
2904.99.35,29049935,9903.88.03,25.0
2904.99.40,29049940,9903.88.03,25.0
2904.99.47,29049947,9903.88.03,25.0
2904.99.50,29049950,9903.88.03,25.0
2905-11-10 00:00:00,2905-11-10 00:00:00,9903.88.03,25.0
2905-11-20 00:00:00,2905-11-20 00:00:00,9903.88.03,25.0
2905.12.00,29051200,9903.88.03,25.0
2905.13.00,29051300,9903.88.03,25.0
2905.14.10,29051410,9903.88.03,25.0
2905.14.50,29051450,9903.88.03,25.0
2905.16.00,29051600,9903.88.03,25.0
2905.17.00,29051700,9903.88.03,25.0
2905.19.10,29051910,9903.88.03,25.0
2905.19.90,29051990,9903.88.03,25.0
2905.22.10,29052210,9903.88.03,25.0
2905.22.20,29052220,9903.88.03,25.0
2905.22.50,29052250,9903.88.03,25.0
2905.29.10,29052910,9903.88.03,25.0
2905.29.90,29052990,9903.88.03,25.0
2905.31.00,29053100,9903.88.03,25.0
2905.32.00,29053200,9903.88.03,25.0
2905.39.10,29053910,9903.88.03,25.0
2905.39.20,29053920,9903.88.03,25.0
2905.39.60,29053960,9903.88.03,25.0
2905.39.90,29053990,9903.88.03,25.0
2905.41.00,29054100,9903.88.03,25.0
2905.42.00,29054200,9903.88.03,25.0
2905.43.00,29054300,9903.88.15,7.5
2905.44.00,29054400,9903.88.15,7.5
2905.45.00,29054500,9903.88.15,7.5
2905.49.10,29054910,9903.88.03,25.0
2905.49.20,29054920,9903.88.03,25.0
2905.49.30,29054930,9903.88.03,25.0
2905.49.40,29054940,9903.88.03,25.0
2905.49.50,29054950,9903.88.03,25.0
2905.59.10,29055910,9903.88.03,25.0
2905.59.30,29055930,9903.88.03,25.0
2905.59.90,29055990,9903.88.03,25.0
2906.11.00,29061100,9903.88.03,25.0
2906.12.00,29061200,9903.88.03,25.0
2906.13.10,29061310,9903.88.03,25.0
2906.13.50,29061350,9903.88.03,25.0
2906.19.10,29061910,9903.88.03,25.0
2906.19.30,29061930,9903.88.03,25.0
2906.19.50,29061950,9903.88.03,25.0
2906.21.00,29062100,9903.88.03,25.0
2906.29.10,29062910,9903.88.03,25.0
2906.29.20,29062920,9903.88.03,25.0
2906.29.30,29062930,9903.88.03,25.0
2906.29.60,29062960,9903.88.03,25.0
2907.11.00,29071100,9903.88.03,25.0
2907.12.00,29071200,9903.88.03,25.0
2907.13.00,29071300,9903.88.03,25.0
2907.15.10,29071510,9903.88.03,25.0
2907.15.30,29071530,9903.88.03,25.0
2907.15.60,29071560,9903.88.03,25.0
2907.19.10,29071910,9903.88.03,25.0
2907.19.20,29071920,9903.88.03,25.0
2907.19.40,29071940,9903.88.03,25.0
2907.19.61,29071961,9903.88.03,25.0
2907.19.80,29071980,9903.88.03,25.0
2907.21.00,29072100,9903.88.03,25.0
2907.22.10,29072210,9903.88.03,25.0
2907.22.50,29072250,9903.88.03,25.0
2907.23.00,29072300,9903.88.03,25.0
2907.29.05,29072905,9903.88.03,25.0
2907.29.15,29072915,9903.88.03,25.0
2907.29.25,29072925,9903.88.03,25.0
2907.29.90,29072990,9903.88.03,25.0
2908.11.00,29081100,9903.88.03,25.0
2908.19.05,29081905,9903.88.03,25.0
2908.19.10,29081910,9903.88.03,25.0
2908.19.20,29081920,9903.88.03,25.0
2908.19.25,29081925,9903.88.03,25.0
2908.19.35,29081935,9903.88.03,25.0
2908.19.60,29081960,9903.88.03,25.0
2908.91.00,29089100,9903.88.03,25.0
2908.92.00,29089200,9903.88.03,25.0
2908.99.03,29089903,9903.88.03,25.0
2908.99.06,29089906,9903.88.15,7.5
2908.99.09,29089909,9903.88.03,25.0
2908.99.12,29089912,9903.88.03,25.0
2908.99.15,29089915,9903.88.03,25.0
2908.99.20,29089920,9903.88.03,25.0
2908.99.33,29089933,9903.88.03,25.0
2908.99.40,29089940,9903.88.03,25.0
2908.99.80,29089980,9903.88.03,25.0
2908.99.90,29089990,9903.88.03,25.0
2909.11.00,29091100,9903.88.03,25.0
2909.19.14,29091914,9903.88.03,25.0
2909.19.18,29091918,9903.88.03,25.0
2909.19.30,29091930,9903.88.03,25.0
2909.19.60,29091960,9903.88.03,25.0
2909.20.00,29092000,9903.88.03,25.0
2909.30.05,29093005,9903.88.03,25.0
2909.30.20,29093020,9903.88.03,25.0
2909.30.40,29093040,9903.88.03,25.0
2909.30.60,29093060,9903.88.03,25.0
2909.41.00,29094100,9903.88.03,25.0
2909.43.00,29094300,9903.88.03,25.0
2909.44.01,29094401,9903.88.03,25.0
2909.49.05,29094905,9903.88.03,25.0
2909.49.10,29094910,9903.88.03,25.0
2909.49.15,29094915,9903.88.03,25.0
2909.49.20,29094920,9903.88.03,25.0
2909.49.30,29094930,9903.88.03,25.0
2909.49.60,29094960,9903.88.03,25.0
2909.50.10,29095010,9903.88.03,25.0
2909.50.20,29095020,9903.88.03,25.0
2909.50.40,29095040,9903.88.03,25.0
2909.50.45,29095045,9903.88.03,25.0
2909.50.50,29095050,9903.88.03,25.0
2909.60.10,29096010,9903.88.03,25.0
2909.60.20,29096020,9903.88.03,25.0
2909.60.50,29096050,9903.88.03,25.0
2910.10.00,29101000,9903.88.03,25.0
2910.20.00,29102000,9903.88.03,25.0
2910.30.00,29103000,9903.88.03,25.0
2910.40.00,29104000,9903.88.03,25.0
2910.50.00,29105000,9903.88.03,25.0
2910.90.10,29109010,9903.88.03,25.0
2910.90.20,29109020,9903.88.03,25.0
2910.90.91,29109091,9903.88.03,25.0
2911.00.10,29110010,9903.88.03,25.0
2911.00.50,29110050,9903.88.03,25.0
2912.11.00,29121100,9903.88.03,25.0
2912.12.00,29121200,9903.88.03,25.0
2912.19.10,29121910,9903.88.03,25.0
2912.19.20,29121920,9903.88.03,25.0
2912.19.25,29121925,9903.88.03,25.0
2912.19.30,29121930,9903.88.03,25.0
2912.19.50,29121950,9903.88.03,25.0
2912.21.00,29122100,9903.88.03,25.0
2912.29.10,29122910,9903.88.03,25.0
2912.29.30,29122930,9903.88.03,25.0
2912.29.60,29122960,9903.88.03,25.0
2912.41.00,29124100,9903.88.15,7.5
2912.42.00,29124200,9903.88.03,25.0
2912.49.10,29124910,9903.88.03,25.0
2912.49.15,29124915,9903.88.03,25.0
2912.49.26,29124926,9903.88.03,25.0
2912.49.55,29124955,9903.88.03,25.0
2912.49.60,29124960,9903.88.03,25.0
2912.49.90,29124990,9903.88.03,25.0
2912.50.10,29125010,9903.88.03,25.0
2912.50.50,29125050,9903.88.03,25.0
2912.60.00,29126000,9903.88.03,25.0
2913.00.20,29130020,9903.88.03,25.0
2913.00.40,29130040,9903.88.03,25.0
2913.00.50,29130050,9903.88.03,25.0
2914-11-10 00:00:00,2914-11-10 00:00:00,9903.88.03,25.0
2914.11.50,29141150,9903.88.03,25.0
2914.12.00,29141200,9903.88.03,25.0
2914.13.00,29141300,9903.88.03,25.0
2914.19.00,29141900,9903.88.03,25.0
2914.22.10,29142210,9903.88.03,25.0
2914.22.20,29142220,9903.88.03,25.0
2914.23.00,29142300,9903.88.03,25.0
2914.29.10,29142910,9903.88.03,25.0
2914.29.30,29142930,9903.88.03,25.0
2914.29.31,29142931,9903.88.03,25.0
2914.29.50,29142950,9903.88.03,25.0
2914.31.00,29143100,9903.88.03,25.0
2914.39.10,29143910,9903.88.03,25.0
2914.39.90,29143990,9903.88.03,25.0
2914.40.10,29144010,9903.88.03,25.0
2914.40.20,29144020,9903.88.03,25.0
2914.40.40,29144040,9903.88.03,25.0
2914.40.60,29144060,9903.88.03,25.0
2914.40.90,29144090,9903.88.03,25.0
2914.50.10,29145010,9903.88.03,25.0
2914.50.30,29145030,9903.88.03,25.0
2914.50.50,29145050,9903.88.03,25.0
2914.61.00,29146100,9903.88.03,25.0
2914.69.10,29146910,9903.88.03,25.0
2914.71.00,29147100,9903.88.03,25.0
2914.79.10,29147910,9903.88.03,25.0
2914.79.30,29147930,9903.88.03,25.0
2914.79.40,29147940,9903.88.15,7.5
2914.79.60,29147960,9903.88.03,25.0
2914.79.90,29147990,9903.88.03,25.0
2915.11.00,29151100,9903.88.03,25.0
2915.12.00,29151200,9903.88.03,25.0
2915.13.10,29151310,9903.88.03,25.0
2915.13.50,29151350,9903.88.03,25.0
2915.21.00,29152100,9903.88.03,25.0
2915.24.00,29152400,9903.88.03,25.0
2915.29.10,29152910,9903.88.03,25.0
2915.29.20,29152920,9903.88.03,25.0
2915.29.30,29152930,9903.88.03,25.0
2915.29.50,29152950,9903.88.03,25.0
2915.31.00,29153100,9903.88.03,25.0
2915.32.00,29153200,9903.88.03,25.0
2915.33.00,29153300,9903.88.03,25.0
2915.36.00,29153600,9903.88.03,25.0
2915.39.10,29153910,9903.88.03,25.0
2915.39.20,29153920,9903.88.03,25.0
2915.39.31,29153931,9903.88.03,25.0
2915.39.40,29153940,9903.88.03,25.0
2915.39.45,29153945,9903.88.03,25.0
2915.39.47,29153947,9903.88.03,25.0
2915.39.60,29153960,9903.88.03,25.0
2915.39.70,29153970,9903.88.03,25.0
2915.39.80,29153980,9903.88.03,25.0
2915.39.90,29153990,9903.88.03,25.0
2915.40.10,29154010,9903.88.03,25.0
2915.40.20,29154020,9903.88.15,7.5
2915.40.30,29154030,9903.88.03,25.0
2915.40.50,29154050,9903.88.03,25.0
2915.50.10,29155010,9903.88.03,25.0
2915.50.20,29155020,9903.88.03,25.0
2915.50.50,29155050,9903.88.03,25.0
2915.60.10,29156010,9903.88.03,25.0
2915.60.50,29156050,9903.88.03,25.0
2915.70.01,29157001,9903.88.03,25.0
2915.90.10,29159010,9903.88.03,25.0
2915.90.14,29159014,9903.88.03,25.0
2915.90.18,29159018,9903.88.03,25.0
2915.90.20,29159020,9903.88.03,25.0
2915.90.50,29159050,9903.88.03,25.0
2916.11.00,29161100,9903.88.03,25.0
2916-12-10 00:00:00,2916-12-10 00:00:00,9903.88.03,25.0
2916.12.50,29161250,9903.88.03,25.0
2916.13.00,29161300,9903.88.03,25.0
2916.14.10,29161410,9903.88.03,25.0
2916.14.20,29161420,9903.88.03,25.0
2916.15.10,29161510,9903.88.03,25.0
2916.15.51,29161551,9903.88.03,25.0
2916.16.00,29161600,9903.88.03,25.0
2916.19.10,29161910,9903.88.03,25.0
2916.19.20,29161920,9903.88.03,25.0
2916.19.30,29161930,9903.88.03,25.0
2916.19.50,29161950,9903.88.03,25.0
2916.20.10,29162010,9903.88.03,25.0
2916.20.50,29162050,9903.88.03,25.0
2916.31.11,29163111,9903.88.03,25.0
2916.31.20,29163120,9903.88.03,25.0
2916.31.30,29163130,9903.88.03,25.0
2916.31.50,29163150,9903.88.03,25.0
2916.32.10,29163210,9903.88.03,25.0
2916.32.20,29163220,9903.88.03,25.0
2916.34.10,29163410,9903.88.03,25.0
2916.34.25,29163425,9903.88.15,7.5
2916.34.55,29163455,9903.88.03,25.0
2916.39.03,29163903,9903.88.03,25.0
2916.39.04,29163904,9903.88.03,25.0
2916.39.06,29163906,9903.88.03,25.0
2916.39.08,29163908,9903.88.15,7.5
2916.39.12,29163912,9903.88.15,7.5
2916.39.16,29163916,9903.88.03,25.0
2916.39.17,29163917,9903.88.03,25.0
2916.39.21,29163921,9903.88.03,25.0
2916.39.46,29163946,9903.88.03,25.0
2916.39.77,29163977,9903.88.03,25.0
2916.39.79,29163979,9903.88.15,7.5
2917.11.00,29171100,9903.88.03,25.0
2917-12-10 00:00:00,2917-12-10 00:00:00,9903.88.03,25.0
2917-12-20 00:00:00,2917-12-20 00:00:00,9903.88.03,25.0
2917.12.50,29171250,9903.88.03,25.0
2917.13.00,29171300,9903.88.03,25.0
2917.14.10,29171410,9903.88.03,25.0
2917.14.50,29171450,9903.88.03,25.0
2917.19.10,29171910,9903.88.03,25.0
2917.19.15,29171915,9903.88.03,25.0
2917.19.17,29171917,9903.88.03,25.0
2917.19.20,29171920,9903.88.03,25.0
2917.19.23,29171923,9903.88.03,25.0
2917.19.27,29171927,9903.88.03,25.0
2917.19.35,29171935,9903.88.03,25.0
2917.19.40,29171940,9903.88.03,25.0
2917.20.00,29172000,9903.88.03,25.0
2917.32.00,29173200,9903.88.03,25.0
2917.33.00,29173300,9903.88.03,25.0
2917.34.01,29173401,9903.88.03,25.0
2917.35.00,29173500,9903.88.03,25.0
2917.36.00,29173600,9903.88.03,25.0
2917.37.00,29173700,9903.88.03,25.0
2917.39.04,29173904,9903.88.03,25.0
2917.39.12,29173912,9903.88.03,25.0
2917.39.15,29173915,9903.88.03,25.0
2917.39.20,29173920,9903.88.03,25.0
2917.39.30,29173930,9903.88.03,25.0
2917.39.70,29173970,9903.88.03,25.0
2918-11-10 00:00:00,2918-11-10 00:00:00,9903.88.03,25.0
2918.11.51,29181151,9903.88.03,25.0
2918.12.00,29181200,9903.88.03,25.0
2918.13.10,29181310,9903.88.03,25.0
2918.13.20,29181320,9903.88.03,25.0
2918.13.30,29181330,9903.88.03,25.0
2918.13.50,29181350,9903.88.03,25.0
2918.14.00,29181400,9903.88.03,25.0
2918.15.10,29181510,9903.88.03,25.0
2918.15.50,29181550,9903.88.03,25.0
2918.16.10,29181610,9903.88.03,25.0
2918.16.50,29181650,9903.88.03,25.0
2918.17.00,29181700,9903.88.03,25.0
2918.18.00,29181800,9903.88.03,25.0
2918.19.11,29181911,9903.88.03,25.0
2918.19.12,29181912,9903.88.03,25.0
2918.19.15,29181915,9903.88.03,25.0
2918.19.20,29181920,9903.88.15,7.5
2918.19.31,29181931,9903.88.15,7.5
2918.19.60,29181960,9903.88.03,25.0
2918.19.90,29181990,9903.88.03,25.0
2918.21.10,29182110,9903.88.03,25.0
2918.21.50,29182150,9903.88.03,25.0
2918.23.10,29182310,9903.88.03,25.0
2918.23.20,29182320,9903.88.03,25.0
2918.23.30,29182330,9903.88.03,25.0
2918.23.50,29182350,9903.88.03,25.0
2918.29.04,29182904,9903.88.03,25.0
2918.29.06,29182906,9903.88.03,25.0
2918.29.08,29182908,9903.88.03,25.0
2918.29.20,29182920,9903.88.03,25.0
2918.29.22,29182922,9903.88.03,25.0
2918.29.30,29182930,9903.88.03,25.0
2918.29.39,29182939,9903.88.03,25.0
2918.29.65,29182965,9903.88.03,25.0
2918.29.75,29182975,9903.88.03,25.0
2918.30.10,29183010,9903.88.03,25.0
2918.30.15,29183015,9903.88.03,25.0
2918.30.25,29183025,9903.88.03,25.0
2918.30.30,29183030,9903.88.03,25.0
2918.30.70,29183070,9903.88.03,25.0
2918.30.90,29183090,9903.88.03,25.0
2918.91.00,29189100,9903.88.03,25.0
2918.99.05,29189905,9903.88.03,25.0
2918.99.18,29189918,9903.88.03,25.0
2918.99.20,29189920,9903.88.15,7.5
2918.99.43,29189943,9903.88.03,25.0
2919.10.00,29191000,9903.88.03,25.0
2919.90.15,29199015,9903.88.03,25.0
2919.90.25,29199025,9903.88.03,25.0
2919.90.30,29199030,9903.88.03,25.0
2919.90.50,29199050,9903.88.03,25.0
2920.11.00,29201100,9903.88.03,25.0
2920.19.10,29201910,9903.88.03,25.0
2920.19.40,29201940,9903.88.03,25.0
2920.19.50,29201950,9903.88.03,25.0
2920.21.00,29202100,9903.88.03,25.0
2920.23.00,29202300,9903.88.03,25.0
2920.24.00,29202400,9903.88.03,25.0
2920.29.00,29202900,9903.88.03,25.0
2920.30.00,29203000,9903.88.03,25.0
2920.90.10,29209010,9903.88.03,25.0
2920.90.20,29209020,9903.88.03,25.0
2920.90.51,29209051,9903.88.15,7.5
2921.11.00,29211100,9903.88.03,25.0
2921-12-01 00:00:00,2921-12-01 00:00:00,9903.88.15,7.5
2921.13.00,29211300,9903.88.03,25.0
2921.14.00,29211400,9903.88.03,25.0
2921.19.11,29211911,9903.88.03,25.0
2921.19.31,29211931,9903.88.03,25.0
2921.19.61,29211961,9903.88.03,25.0
2921.21.00,29212100,9903.88.03,25.0
2921.22.05,29212205,9903.88.03,25.0
2921.22.10,29212210,9903.88.03,25.0
2921.22.50,29212250,9903.88.03,25.0
2921.29.00,29212900,9903.88.03,25.0
2921.30.05,29213005,9903.88.03,25.0
2921.30.10,29213010,9903.88.03,25.0
2921.30.30,29213030,9903.88.03,25.0
2921.30.50,29213050,9903.88.03,25.0
2921.41.10,29214110,9903.88.03,25.0
2921.41.20,29214120,9903.88.03,25.0
2921.42.10,29214210,9903.88.15,7.5
2921.42.15,29214215,9903.88.03,25.0
2921.42.16,29214216,9903.88.03,25.0
2921.42.18,29214218,9903.88.15,7.5
2921.42.21,29214221,9903.88.03,25.0
2921.42.22,29214222,9903.88.03,25.0
2921.42.23,29214223,9903.88.03,25.0
2921.42.36,29214236,9903.88.03,25.0
2921.42.65,29214265,9903.88.15,7.5
2921.42.90,29214290,9903.88.03,25.0
2921.43.04,29214304,9903.88.03,25.0
2921.43.08,29214308,9903.88.03,25.0
2921.43.15,29214315,9903.88.03,25.0
2921.43.19,29214319,9903.88.03,25.0
2921.43.22,29214322,9903.88.03,25.0
2921.43.24,29214324,9903.88.03,25.0
2921.43.40,29214340,9903.88.03,25.0
2921.43.90,29214390,9903.88.03,25.0
2921.44.05,29214405,9903.88.03,25.0
2921.44.10,29214410,9903.88.03,25.0
2921.44.20,29214420,9903.88.03,25.0
2921.44.70,29214470,9903.88.03,25.0
2921.45.10,29214510,9903.88.03,25.0
2921.45.20,29214520,9903.88.03,25.0
2921.45.25,29214525,9903.88.03,25.0
2921.45.60,29214560,9903.88.15,7.5
2921.45.90,29214590,9903.88.03,25.0
2921.49.10,29214910,9903.88.03,25.0
2921.49.15,29214915,9903.88.15,7.5
2921.49.45,29214945,9903.88.03,25.0
2921.49.50,29214950,9903.88.03,25.0
2921.51.10,29215110,9903.88.03,25.0
2921.51.20,29215120,9903.88.15,7.5
2921.51.30,29215130,9903.88.03,25.0
2921.51.50,29215150,9903.88.03,25.0
2921.59.04,29215904,9903.88.03,25.0
2921.59.08,29215908,9903.88.03,25.0
2921.59.17,29215917,9903.88.03,25.0
2921.59.20,29215920,9903.88.03,25.0
2921.59.30,29215930,9903.88.03,25.0
2921.59.40,29215940,9903.88.03,25.0
2921.59.80,29215980,9903.88.03,25.0
2922.11.00,29221100,9903.88.03,25.0
2922.12.00,29221200,9903.88.03,25.0
2922.15.00,29221500,9903.88.03,25.0
2922.16.00,29221600,9903.88.03,25.0
2922.17.00,29221700,9903.88.03,25.0
2922.18.00,29221800,9903.88.03,25.0
2922.21.10,29222110,9903.88.03,25.0
2922.21.25,29222125,9903.88.03,25.0
2922.21.40,29222140,9903.88.15,7.5
2922.21.50,29222150,9903.88.03,25.0
2922.29.03,29222903,9903.88.03,25.0
2922.29.08,29222908,9903.88.03,25.0
2922.29.10,29222910,9903.88.03,25.0
2922.29.13,29222913,9903.88.03,25.0
2922.29.20,29222920,9903.88.03,25.0
2922.29.26,29222926,9903.88.03,25.0
2922.29.27,29222927,9903.88.03,25.0
2922.29.29,29222929,9903.88.03,25.0
2922.29.61,29222961,9903.88.03,25.0
2922.29.81,29222981,9903.88.03,25.0
2922.39.05,29223905,9903.88.03,25.0
2922.39.14,29223914,9903.88.03,25.0
2922.39.17,29223917,9903.88.03,25.0
2922.39.25,29223925,9903.88.03,25.0
2922.39.45,29223945,9903.88.03,25.0
2922.39.50,29223950,9903.88.03,25.0
2922.42.10,29224210,9903.88.03,25.0
2922.42.50,29224250,9903.88.03,25.0
2922.43.10,29224310,9903.88.03,25.0
2922.43.50,29224350,9903.88.03,25.0
2922.49.05,29224905,9903.88.03,25.0
2922.49.10,29224910,9903.88.03,25.0
2922.49.26,29224926,9903.88.03,25.0
2922.49.30,29224930,9903.88.03,25.0
2922.49.37,29224937,9903.88.03,25.0
2922.49.43,29224943,9903.88.03,25.0
2922.49.49,29224949,9903.88.03,25.0
2922.49.60,29224960,9903.88.03,25.0
2922.49.80,29224980,9903.88.03,25.0
2923.10.00,29231000,9903.88.03,25.0
2923.20.10,29232010,9903.88.03,25.0
2923.20.20,29232020,9903.88.03,25.0
2923.30.00,29233000,9903.88.03,25.0
2923.40.00,29234000,9903.88.03,25.0
2923.90.01,29239001,9903.88.03,25.0
2924.12.00,29241200,9903.88.03,25.0
2924.19.11,29241911,9903.88.03,25.0
2924.19.80,29241980,9903.88.03,25.0
2924.21.04,29242104,9903.88.03,25.0
2924.21.08,29242108,9903.88.03,25.0
2924.21.12,29242112,9903.88.03,25.0
2924.21.16,29242116,9903.88.03,25.0
2924.21.20,29242120,9903.88.03,25.0
2924.21.45,29242145,9903.88.03,25.0
2924.21.50,29242150,9903.88.03,25.0
2924.23.10,29242310,9903.88.03,25.0
2924.23.70,29242370,9903.88.03,25.0
2924.23.75,29242375,9903.88.03,25.0
2924.25.00,29242500,9903.88.03,25.0
2924.29.01,29242901,9903.88.03,25.0
2924.29.10,29242910,9903.88.03,25.0
2924.29.20,29242920,9903.88.03,25.0
2924.29.28,29242928,9903.88.03,25.0
2924.29.31,29242931,9903.88.03,25.0
2924.29.33,29242933,9903.88.03,25.0
2924.29.43,29242943,9903.88.03,25.0
2924.29.47,29242947,9903.88.03,25.0
2924.29.65,29242965,9903.88.03,25.0
2924.29.71,29242971,9903.88.03,25.0
2924.29.77,29242977,9903.88.03,25.0
2924.29.80,29242980,9903.88.03,25.0
2924.29.95,29242995,9903.88.03,25.0
2925.11.00,29251100,9903.88.03,25.0
2925.19.30,29251930,9903.88.03,25.0
2925.19.42,29251942,9903.88.03,25.0
2925.19.70,29251970,9903.88.03,25.0
2925.19.91,29251991,9903.88.03,25.0
2925.21.00,29252100,9903.88.03,25.0
2925.29.10,29252910,9903.88.03,25.0
2925.29.18,29252918,9903.88.03,25.0
2925.29.20,29252920,9903.88.03,25.0
2925.29.60,29252960,9903.88.03,25.0
2925.29.70,29252970,9903.88.15,7.5
2925.29.90,29252990,9903.88.03,25.0
2926.10.00,29261000,9903.88.03,25.0
2926.20.00,29262000,9903.88.03,25.0
2926.30.10,29263010,9903.88.03,25.0
2926.30.20,29263020,9903.88.03,25.0
2926.90.01,29269001,9903.88.03,25.0
2926.90.05,29269005,9903.88.03,25.0
2926.90.08,29269008,9903.88.15,7.5
2926.90.11,29269011,9903.88.03,25.0
2926.90.12,29269012,9903.88.15,7.5
2926.90.14,29269014,9903.88.03,25.0
2926.90.16,29269016,9903.88.03,25.0
2926.90.17,29269017,9903.88.03,25.0
2926.90.23,29269023,9903.88.15,7.5
2926.90.25,29269025,9903.88.03,25.0
2926.90.30,29269030,9903.88.03,25.0
2926.90.43,29269043,9903.88.03,25.0
2926.90.48,29269048,9903.88.03,25.0
2926.90.50,29269050,9903.88.03,25.0
2927.00.03,29270003,9903.88.03,25.0
2927.00.06,29270006,9903.88.03,25.0
2927.00.15,29270015,9903.88.03,25.0
2927.00.18,29270018,9903.88.03,25.0
2927.00.25,29270025,9903.88.03,25.0
2927.00.30,29270030,9903.88.03,25.0
2927.00.40,29270040,9903.88.03,25.0
2927.00.50,29270050,9903.88.03,25.0
2928.00.15,29280015,9903.88.03,25.0
2928.00.25,29280025,9903.88.03,25.0
2928.00.50,29280050,9903.88.03,25.0
2929-10-10 00:00:00,2929-10-10 00:00:00,9903.88.03,25.0
2929-10-15 00:00:00,2929-10-15 00:00:00,9903.88.03,25.0
2929-10-20 00:00:00,2929-10-20 00:00:00,9903.88.03,25.0
2929-10-27 00:00:00,2929-10-27 00:00:00,9903.88.03,25.0
2929.10.35,29291035,9903.88.03,25.0
2929.10.55,29291055,9903.88.03,25.0
2929.90.05,29299005,9903.88.03,25.0
2929.90.15,29299015,9903.88.03,25.0
2929.90.20,29299020,9903.88.03,25.0
2929.90.50,29299050,9903.88.03,25.0
2930.20.10,29302010,9903.88.03,25.0
2930.20.90,29302090,9903.88.03,25.0
2930.30.60,29303060,9903.88.03,25.0
2930.40.00,29304000,9903.88.03,25.0
2930.60.00,29306000,9903.88.03,25.0
2930.70.00,29307000,9903.88.15,7.5
2930.90.10,29309010,9903.88.03,25.0
2930.90.26,29309026,9903.88.03,25.0
2930.90.29,29309029,9903.88.03,25.0
2930.90.30,29309030,9903.88.03,25.0
2930.90.42,29309042,9903.88.03,25.0
2930.90.43,29309043,9903.88.03,25.0
2930.90.46,29309046,9903.88.03,25.0
2930.90.49,29309049,9903.88.03,25.0
2930.90.71,29309071,9903.88.15,7.5
2931.10.00,29311000,9903.88.03,25.0
2931.20.00,29312000,9903.88.03,25.0
2931.41.00,29314100,9903.88.03,25.0
2931.42.00,29314200,9903.88.03,25.0
2931.43.00,29314300,9903.88.15,7.5
2931.45.00,29314500,9903.88.03,25.0
2931.46.00,29314600,9903.88.03,25.0
2931.47.00,29314700,9903.88.03,25.0
2931.90.22,29319022,9903.88.03,25.0
2931.90.30,29319030,9903.88.03,25.0
2931.90.60,29319060,9903.88.03,25.0
2931.90.70,29319070,9903.88.03,25.0
2931.90.9010,2931909010,9903.88.04,25.0
2931.90.9021,2931909021,9903.88.04,25.0
2931.90.9025,2931909025,9903.88.04,25.0
2931.90.9029,2931909029,9903.88.04,25.0
2932.11.00,29321100,9903.88.03,25.0
2932.12.00,29321200,9903.88.03,25.0
2932.13.00,29321300,9903.88.03,25.0
2932.19.10,29321910,9903.88.03,25.0
2932.19.51,29321951,9903.88.03,25.0
2932.92.00,29329200,9903.88.03,25.0
2932.93.00,29329300,9903.88.03,25.0
2932.94.00,29329400,9903.88.03,25.0
2932.95.00,29329500,9903.88.03,25.0
2932.96.00,29329600,9903.88.03,25.0
2932.99.08,29329908,9903.88.03,25.0
2932.99.21,29329921,9903.88.03,25.0
2932.99.32,29329932,9903.88.03,25.0
2932.99.35,29329935,9903.88.03,25.0
2932.99.39,29329939,9903.88.03,25.0
2932.99.70,29329970,9903.88.03,25.0
2933.19.04,29331904,9903.88.15,7.5
2933.19.08,29331908,9903.88.03,25.0
2933.19.15,29331915,9903.88.03,25.0
2933.19.18,29331918,9903.88.03,25.0
2933.19.23,29331923,9903.88.03,25.0
2933.19.30,29331930,9903.88.03,25.0
2933.19.35,29331935,9903.88.03,25.0
2933.19.37,29331937,9903.88.03,25.0
2933.19.43,29331943,9903.88.03,25.0
2933.19.45,29331945,9903.88.03,25.0
2933.19.70,29331970,9903.88.03,25.0
2933.19.90,29331990,9903.88.03,25.0
2933.21.00,29332100,9903.88.03,25.0
2933.29.05,29332905,9903.88.03,25.0
2933.29.10,29332910,9903.88.03,25.0
2933.29.20,29332920,9903.88.03,25.0
2933.29.35,29332935,9903.88.03,25.0
2933.29.43,29332943,9903.88.03,25.0
2933.29.45,29332945,9903.88.03,25.0
2933.29.60,29332960,9903.88.03,25.0
2933.29.90,29332990,9903.88.03,25.0
2933.31.00,29333100,9903.88.03,25.0
2933.32.10,29333210,9903.88.03,25.0
2933.32.50,29333250,9903.88.03,25.0
2933.61.00,29336100,9903.88.03,25.0
2933.69.20,29336920,9903.88.03,25.0
2933.69.50,29336950,9903.88.03,25.0
2933.69.60,29336960,9903.88.15,7.5
2933.71.00,29337100,9903.88.03,25.0
2933.79.04,29337904,9903.88.03,25.0
2933.79.08,29337908,9903.88.03,25.0
2933.79.15,29337915,9903.88.03,25.0
2933.79.20,29337920,9903.88.03,25.0
2933.79.30,29337930,9903.88.03,25.0
2933.79.40,29337940,9903.88.03,25.0
2933.79.85,29337985,9903.88.03,25.0
2933.92.00,29339200,9903.88.03,25.0
2934-10-10 00:00:00,2934-10-10 00:00:00,9903.88.03,25.0
2934-10-20 00:00:00,2934-10-20 00:00:00,9903.88.03,25.0
2934.10.90,29341090,9903.88.03,25.0
2934.20.10,29342010,9903.88.03,25.0
2934.20.15,29342015,9903.88.03,25.0
2934.20.20,29342020,9903.88.03,25.0
2934.20.25,29342025,9903.88.03,25.0
2934.20.30,29342030,9903.88.03,25.0
2934.20.35,29342035,9903.88.03,25.0
2934.20.40,29342040,9903.88.03,25.0
2939.80.00,29398000,9903.88.03,25.0
2940.00.60,29400060,9903.88.03,25.0
2942.00.03,29420003,9903.88.03,25.0
2942.00.05,29420005,9903.88.03,25.0
2942.00.10,29420010,9903.88.03,25.0
2942.00.35,29420035,9903.88.03,25.0
2942.00.50,29420050,9903.88.03,25.0
3006.93.20,30069320,9903.88.15,7.5
3006.93.50,30069350,9903.88.15,7.5
3006.93.60,30069360,9903.88.03,25.0
3006.93.80,30069380,9903.88.03,25.0
3101.00.00,31010000,9903.88.03,25.0
3102.10.00,31021000,9903.88.03,25.0
3102.21.00,31022100,9903.88.03,25.0
3102.29.00,31022900,9903.88.03,25.0
3102.30.00,31023000,9903.88.03,25.0
3102.40.00,31024000,9903.88.03,25.0
3102.50.00,31025000,9903.88.03,25.0
3102.60.00,31026000,9903.88.03,25.0
3102.80.00,31028000,9903.88.03,25.0
3102.90.01,31029001,9903.88.03,25.0
3103.11.00,31031100,9903.88.03,25.0
3103.19.00,31031900,9903.88.03,25.0
3103.90.01,31039001,9903.88.03,25.0
3104.20.00,31042000,9903.88.03,25.0
3104.30.00,31043000,9903.88.03,25.0
3104.90.01,31049001,9903.88.03,25.0
3105.10.00,31051000,9903.88.03,25.0
3105.20.00,31052000,9903.88.03,25.0
3105.30.00,31053000,9903.88.03,25.0
3105.40.00,31054000,9903.88.03,25.0
3105.51.00,31055100,9903.88.03,25.0
3105.59.00,31055900,9903.88.03,25.0
3105.60.00,31056000,9903.88.03,25.0
3105.90.00,31059000,9903.88.03,25.0
3201.10.00,32011000,9903.88.03,25.0
3201.20.00,32012000,9903.88.03,25.0
3201.90.10,32019010,9903.88.03,25.0
3201.90.25,32019025,9903.88.03,25.0
3201.90.50,32019050,9903.88.03,25.0
3202-10-10 00:00:00,3202-10-10 00:00:00,9903.88.03,25.0
3202.10.50,32021050,9903.88.03,25.0
3202.90.10,32029010,9903.88.03,25.0
3202.90.50,32029050,9903.88.03,25.0
3203.00.10,32030010,9903.88.03,25.0
3203.00.30,32030030,9903.88.03,25.0
3203.00.80,32030080,9903.88.03,25.0
3204-11-10 00:00:00,3204-11-10 00:00:00,9903.88.03,25.0
3204-11-18 00:00:00,3204-11-18 00:00:00,9903.88.03,25.0
3204.11.35,32041135,9903.88.03,25.0
3204.11.50,32041150,9903.88.03,25.0
3204-12-05 00:00:00,3204-12-05 00:00:00,9903.88.03,25.0
3204-12-13 00:00:00,3204-12-13 00:00:00,9903.88.03,25.0
3204-12-17 00:00:00,3204-12-17 00:00:00,9903.88.03,25.0
3204-12-20 00:00:00,3204-12-20 00:00:00,9903.88.03,25.0
3204-12-30 00:00:00,3204-12-30 00:00:00,9903.88.03,25.0
3204.12.45,32041245,9903.88.03,25.0
3204.12.50,32041250,9903.88.03,25.0
3204.13.10,32041310,9903.88.03,25.0
3204.13.20,32041320,9903.88.03,25.0
3204.13.25,32041325,9903.88.03,25.0
3204.13.45,32041345,9903.88.03,25.0
3204.13.60,32041360,9903.88.03,25.0
3204.13.80,32041380,9903.88.03,25.0
3204.14.10,32041410,9903.88.03,25.0
3204.14.20,32041420,9903.88.03,25.0
3204.14.25,32041425,9903.88.03,25.0
3204.14.30,32041430,9903.88.03,25.0
3204.14.50,32041450,9903.88.03,25.0
3204.15.10,32041510,9903.88.15,7.5
3204.15.20,32041520,9903.88.03,25.0
3204.15.25,32041525,9903.88.03,25.0
3204.15.30,32041530,9903.88.03,25.0
3204.15.35,32041535,9903.88.03,25.0
3204.15.40,32041540,9903.88.03,25.0
3204.15.80,32041580,9903.88.15,7.5
3204.16.10,32041610,9903.88.03,25.0
3204.16.20,32041620,9903.88.03,25.0
3204.16.30,32041630,9903.88.03,25.0
3204.16.50,32041650,9903.88.03,25.0
3204.17.04,32041704,9903.88.03,25.0
3204.17.08,32041708,9903.88.03,25.0
3204.17.20,32041720,9903.88.03,25.0
3204.17.40,32041740,9903.88.03,25.0
3204.17.60,32041760,9903.88.03,25.0
3204.17.90,32041790,9903.88.03,25.0
3204.18.00,32041800,9903.88.03,25.0
3204.19.06,32041906,9903.88.03,25.0
3204.19.11,32041911,9903.88.03,25.0
3204.19.20,32041920,9903.88.03,25.0
3204.19.25,32041925,9903.88.03,25.0
3204.19.30,32041930,9903.88.03,25.0
3204.19.50,32041950,9903.88.03,25.0
3204.20.10,32042010,9903.88.03,25.0
3204.20.80,32042080,9903.88.03,25.0
3204.90.00,32049000,9903.88.03,25.0
3205.00.05,32050005,9903.88.03,25.0
3205.00.15,32050015,9903.88.03,25.0
3205.00.40,32050040,9903.88.03,25.0
3205.00.50,32050050,9903.88.03,25.0
3206.11.00,32061100,9903.88.03,25.0
3206.19.00,32061900,9903.88.03,25.0
3206.20.00,32062000,9903.88.03,25.0
3206.41.00,32064100,9903.88.03,25.0
3206.42.00,32064200,9903.88.03,25.0
3206.49.10,32064910,9903.88.03,25.0
3206.49.20,32064920,9903.88.03,25.0
3206.49.30,32064930,9903.88.03,25.0
3206.49.40,32064940,9903.88.03,25.0
3206.49.55,32064955,9903.88.03,25.0
3206.49.60,32064960,9903.88.03,25.0
3206.50.00,32065000,9903.88.03,25.0
3207.10.00,32071000,9903.88.03,25.0
3207.20.00,32072000,9903.88.03,25.0
3207.30.00,32073000,9903.88.03,25.0
3207.40.10,32074010,9903.88.03,25.0
3207.40.50,32074050,9903.88.03,25.0
3208.10.00,32081000,9903.88.03,25.0
3208.20.00,32082000,9903.88.03,25.0
3208.90.00,32089000,9903.88.03,25.0
3209.10.00,32091000,9903.88.03,25.0
3209.90.00,32099000,9903.88.03,25.0
3210.00.00,32100000,9903.88.03,25.0
3211.00.00,32110000,9903.88.03,25.0
3212.10.00,32121000,9903.88.03,25.0
3212.90.00,32129000,9903.88.03,25.0
3213.10.00,32131000,9903.88.03,25.0
3213.90.00,32139000,9903.88.03,25.0
3214.10.00,32141000,9903.88.03,25.0
3214.90.10,32149010,9903.88.03,25.0
3214.90.50,32149050,9903.88.03,25.0
3215-11-10 00:00:00,3215-11-10 00:00:00,9903.88.03,25.0
3215-11-30 00:00:00,3215-11-30 00:00:00,9903.88.03,25.0
3215.11.90,32151190,9903.88.03,25.0
3215.19.10,32151910,9903.88.03,25.0
3215.19.30,32151930,9903.88.03,25.0
3215.19.90,32151990,9903.88.03,25.0
3215.90.10,32159010,9903.88.03,25.0
3215.90.50,32159050,9903.88.03,25.0
3301.12.00,33011200,9903.88.15,7.5
3301.13.00,33011300,9903.88.03,25.0
3301.19.10,33011910,9903.88.15,7.5
3301.19.51,33011951,9903.88.15,7.5
3301.24.00,33012400,9903.88.15,7.5
3301.25.00,33012500,9903.88.15,7.5
3301.29.20,33012920,9903.88.15,7.5
3301.29.51,33012951,9903.88.15,7.5
3301.30.00,33013000,9903.88.15,7.5
3301.90.10,33019010,9903.88.15,7.5
3301.90.50,33019050,9903.88.15,7.5
3302-10-10 00:00:00,3302-10-10 00:00:00,9903.88.15,7.5
3302-10-20 00:00:00,3302-10-20 00:00:00,9903.88.15,7.5
3302.10.40,33021040,9903.88.15,7.5
3302.10.50,33021050,9903.88.15,7.5
3302.10.90,33021090,9903.88.15,7.5
3302.90.10,33029010,9903.88.03,25.0
3302.90.20,33029020,9903.88.03,25.0
3303.00.10,33030010,9903.88.03,25.0
3303.00.20,33030020,9903.88.03,25.0
3303.00.30,33030030,9903.88.03,25.0
3304.10.00,33041000,9903.88.03,25.0
3304.20.00,33042000,9903.88.03,25.0
3304.30.00,33043000,9903.88.03,25.0
3304.91.00,33049100,9903.88.03,25.0
3304.99.10,33049910,9903.88.03,25.0
3304.99.50,33049950,9903.88.03,25.0
3305.10.00,33051000,9903.88.03,25.0
3305.20.00,33052000,9903.88.03,25.0
3305.30.00,33053000,9903.88.03,25.0
3305.90.00,33059000,9903.88.03,25.0
3306.20.00,33062000,9903.88.15,7.5
3306.90.00,33069000,9903.88.03,25.0
3307-10-10 00:00:00,3307-10-10 00:00:00,9903.88.03,25.0
3307-10-20 00:00:00,3307-10-20 00:00:00,9903.88.03,25.0
3307.20.00,33072000,9903.88.03,25.0
3307.30.10,33073010,9903.88.03,25.0
3307.30.50,33073050,9903.88.03,25.0
3307.41.00,33074100,9903.88.03,25.0
3307.49.00,33074900,9903.88.03,25.0
3307.90.00,33079000,9903.88.03,25.0
3401-11-10 00:00:00,3401-11-10 00:00:00,9903.88.03,25.0
3401.11.50,34011150,9903.88.03,25.0
3401.19.00,34011900,9903.88.15,7.5
3401.20.00,34012000,9903.88.03,25.0
3401.30.10,34013010,9903.88.03,25.0
3401.30.50,34013050,9903.88.03,25.0
3402.31.10,34023110,9903.88.03,25.0
3402.31.90,34023190,9903.88.03,25.0
3402.39.10,34023910,9903.88.03,25.0
3402.39.90,34023990,9903.88.03,25.0
3402.41.10,34024110,9903.88.03,25.0
3402.41.90,34024190,9903.88.03,25.0
3402.42.10,34024210,9903.88.03,25.0
3402.42.20,34024220,9903.88.03,25.0
3402.42.90,34024290,9903.88.03,25.0
3402.49.10,34024910,9903.88.03,25.0
3402.49.90,34024990,9903.88.03,25.0
3402.50.11,34025011,9903.88.03,25.0
3402.50.51,34025051,9903.88.03,25.0
3402.90.10,34029010,9903.88.03,25.0
3402.90.30,34029030,9903.88.03,25.0
3402.90.50,34029050,9903.88.03,25.0
3403-11-20 00:00:00,3403-11-20 00:00:00,9903.88.03,25.0
3403.11.40,34031140,9903.88.03,25.0
3403.11.50,34031150,9903.88.03,25.0
3403.19.10,34031910,9903.88.02,25.0
3403.19.50,34031950,9903.88.02,25.0
3403.91.10,34039110,9903.88.03,25.0
3403.91.50,34039150,9903.88.03,25.0
3403.99.00,34039900,9903.88.02,25.0
3404.20.00,34042000,9903.88.03,25.0
3404.90.10,34049010,9903.88.03,25.0
3404.90.51,34049051,9903.88.03,25.0
3405.10.00,34051000,9903.88.03,25.0
3405.20.00,34052000,9903.88.03,25.0
3405.30.00,34053000,9903.88.03,25.0
3405.40.00,34054000,9903.88.03,25.0
3405.90.00,34059000,9903.88.03,25.0
3406.00.00,34060000,9903.88.15,7.5
3501-10-10 00:00:00,3501-10-10 00:00:00,9903.88.15,7.5
3501.10.50,35011050,9903.88.15,7.5
3501.90.20,35019020,9903.88.15,7.5
3501.90.60,35019060,9903.88.15,7.5
3502.11.00,35021100,9903.88.03,25.0
3502.19.00,35021900,9903.88.15,7.5
3502.20.00,35022000,9903.88.15,7.5
3502.90.00,35029000,9903.88.03,25.0
3503.00.10,35030010,9903.88.15,7.5
3503.00.20,35030020,9903.88.15,7.5
3503.00.40,35030040,9903.88.15,7.5
3503.00.55,35030055,9903.88.15,7.5
3504.00.10,35040010,9903.88.15,7.5
3504.00.50,35040050,9903.88.15,7.5
3505.10.00,35051000,9903.88.15,7.5
3505.20.00,35052000,9903.88.15,7.5
3506-10-10 00:00:00,3506-10-10 00:00:00,9903.88.03,25.0
3506.10.50,35061050,9903.88.03,25.0
3506.91.10,35069110,9903.88.03,25.0
3506.91.50,35069150,9903.88.03,25.0
3506.99.00,35069900,9903.88.03,25.0
3507.10.00,35071000,9903.88.03,25.0
3507.90.20,35079020,9903.88.03,25.0
3507.90.70,35079070,9903.88.03,25.0
3601.00.00,36010000,9903.88.15,7.5
3602.00.00,36020000,9903.88.15,7.5
3603.10.00,36031000,9903.88.15,7.5
3603.20.00,36032000,9903.88.15,7.5
3603.30.00,36033000,9903.88.15,7.5
3603.40.00,36034000,9903.88.15,7.5
3603.50.00,36035000,9903.88.15,7.5
3603.60.00,36036000,9903.88.15,7.5
3604.90.00,36049000,9903.88.15,7.5
3605.00.00,36050000,9903.88.15,7.5
3606.10.00,36061000,9903.88.03,25.0
3606.90.40,36069040,9903.88.15,7.5
3606.90.80,36069080,9903.88.15,7.5
3701.10.00,37011000,9903.88.03,25.0
3701.20.00,37012000,9903.88.03,25.0
3701.30.00,37013000,9903.88.03,25.0
3701.91.00,37019100,9903.88.03,25.0
3701.99.30,37019930,9903.88.03,25.0
3701.99.60,37019960,9903.88.03,25.0
3702.10.00,37021000,9903.88.03,25.0
3702.31.01,37023101,9903.88.03,25.0
3702.32.01,37023201,9903.88.03,25.0
3702.39.01,37023901,9903.88.03,25.0
3702.41.01,37024101,9903.88.03,25.0
3702.42.01,37024201,9903.88.03,25.0
3702.43.01,37024301,9903.88.03,25.0
3702.44.01,37024401,9903.88.03,25.0
3702.52.01,37025201,9903.88.03,25.0
3702.53.00,37025300,9903.88.03,25.0
3702.54.00,37025400,9903.88.03,25.0
3702.55.00,37025500,9903.88.03,25.0
3702.56.00,37025600,9903.88.03,25.0
3702.96.00,37029600,9903.88.03,25.0
3702.97.00,37029700,9903.88.03,25.0
3702.98.00,37029800,9903.88.03,25.0
3703-10-30 00:00:00,3703-10-30 00:00:00,9903.88.03,25.0
3703.10.60,37031060,9903.88.03,25.0
3703.20.30,37032030,9903.88.03,25.0
3703.20.60,37032060,9903.88.03,25.0
3703.90.30,37039030,9903.88.03,25.0
3703.90.60,37039060,9903.88.03,25.0
3704.00.00,37040000,9903.88.03,25.0
3705.00.00,37050000,9903.88.03,25.0
3706-10-30 00:00:00,3706-10-30 00:00:00,9903.88.03,25.0
3706.10.60,37061060,9903.88.03,25.0
3706.90.00,37069000,9903.88.03,25.0
3707.10.00,37071000,9903.88.03,25.0
3707.90.31,37079031,9903.88.03,25.0
3707.90.32,37079032,9903.88.03,25.0
3707.90.60,37079060,9903.88.03,25.0
3801-10-10 00:00:00,3801-10-10 00:00:00,9903.88.03,25.0
3801.10.50,38011050,9903.88.03,25.0
3801.20.00,38012000,9903.88.03,25.0
3801.30.00,38013000,9903.88.03,25.0
3801.90.00,38019000,9903.88.03,25.0
3802.10.00,38021000,9903.88.03,25.0
3802.90.10,38029010,9903.88.03,25.0
3802.90.20,38029020,9903.88.03,25.0
3802.90.50,38029050,9903.88.03,25.0
3803.00.00,38030000,9903.88.03,25.0
3804.00.10,38040010,9903.88.03,25.0
3804.00.50,38040050,9903.88.03,25.0
3805.10.00,38051000,9903.88.03,25.0
3805.90.10,38059010,9903.88.03,25.0
3805.90.50,38059050,9903.88.03,25.0
3806.10.00,38061000,9903.88.03,25.0
3806.20.00,38062000,9903.88.03,25.0
3806.30.00,38063000,9903.88.03,25.0
3806.90.00,38069000,9903.88.03,25.0
3807.00.00,38070000,9903.88.03,25.0
3808.52.00,38085200,9903.88.15,7.5
3808.59.40,38085940,9903.88.03,25.0
3808.61.10,38086110,9903.88.03,25.0
3808.61.50,38086150,9903.88.15,7.5
3808.62.10,38086210,9903.88.03,25.0
3808.62.50,38086250,9903.88.03,25.0
3808.69.10,38086910,9903.88.03,25.0
3808.69.50,38086950,9903.88.03,25.0
3808.91.10,38089110,9903.88.03,25.0
3808.91.15,38089115,9903.88.03,25.0
3808.91.25,38089125,9903.88.03,25.0
3808.91.30,38089130,9903.88.03,25.0
3808.91.50,38089150,9903.88.03,25.0
3808.92.05,38089205,9903.88.03,25.0
3808.92.15,38089215,9903.88.03,25.0
3808.92.24,38089224,9903.88.03,25.0
3808.92.28,38089228,9903.88.03,25.0
3808.92.30,38089230,9903.88.03,25.0
3808.92.50,38089250,9903.88.03,25.0
3808.93.05,38089305,9903.88.03,25.0
3808.93.15,38089315,9903.88.03,25.0
3808.93.20,38089320,9903.88.03,25.0
3808.93.50,38089350,9903.88.03,25.0
3808.94.10,38089410,9903.88.03,25.0
3808.94.50,38089450,9903.88.03,25.0
3808.99.04,38089904,9903.88.03,25.0
3808.99.08,38089908,9903.88.03,25.0
3808.99.30,38089930,9903.88.03,25.0
3808.99.70,38089970,9903.88.03,25.0
3808.99.95,38089995,9903.88.03,25.0
3809.10.00,38091000,9903.88.15,7.5
3809.91.00,38099100,9903.88.03,25.0
3809.92.10,38099210,9903.88.03,25.0
3809.92.50,38099250,9903.88.03,25.0
3809.93.10,38099310,9903.88.03,25.0
3809.93.50,38099350,9903.88.03,25.0
3810.10.00,38101000,9903.88.03,25.0
3810.90.10,38109010,9903.88.03,25.0
3810.90.20,38109020,9903.88.03,25.0
3810.90.50,38109050,9903.88.03,25.0
3811-11-10 00:00:00,3811-11-10 00:00:00,9903.88.03,25.0
3811.11.50,38111150,9903.88.03,25.0
3811.19.00,38111900,9903.88.03,25.0
3811.21.00,38112100,9903.88.02,25.0
3811.29.00,38112900,9903.88.02,25.0
3811.90.00,38119000,9903.88.03,25.0
3812-10-10 00:00:00,3812-10-10 00:00:00,9903.88.03,25.0
3812.10.50,38121050,9903.88.03,25.0
3812.20.10,38122010,9903.88.03,25.0
3812.20.50,38122050,9903.88.03,25.0
3812.31.00,38123100,9903.88.03,25.0
3812.39.20,38123920,9903.88.03,25.0
3812.39.30,38123930,9903.88.03,25.0
3812.39.60,38123960,9903.88.03,25.0
3812.39.70,38123970,9903.88.03,25.0
3812.39.90,38123990,9903.88.03,25.0
3813.00.10,38130010,9903.88.03,25.0
3813.00.50,38130050,9903.88.03,25.0
3814.00.10,38140010,9903.88.03,25.0
3814.00.20,38140020,9903.88.03,25.0
3814.00.50,38140050,9903.88.03,25.0
3815.11.00,38151100,9903.88.03,25.0
3815.12.00,38151200,9903.88.03,25.0
3815.19.00,38151900,9903.88.03,25.0
3815.90.10,38159010,9903.88.03,25.0
3815.90.20,38159020,9903.88.03,25.0
3815.90.30,38159030,9903.88.03,25.0
3815.90.50,38159050,9903.88.03,25.0
3816.00.10,38160010,9903.88.03,25.0
3816.00.20,38160020,9903.88.03,25.0
3817.00.10,38170010,9903.88.03,25.0
3817.00.15,38170015,9903.88.03,25.0
3817.00.20,38170020,9903.88.03,25.0
3818.00.00,38180000,9903.91.05,50.0
3819.00.00,38190000,9903.88.03,25.0
3820.00.00,38200000,9903.88.15,7.5
3823.11.00,38231100,9903.88.15,7.5
3823.12.00,38231200,9903.88.15,7.5
3823.13.00,38231300,9903.88.15,7.5
3823.19.20,38231920,9903.88.15,7.5
3823.19.40,38231940,9903.88.15,7.5
3823.70.20,38237020,9903.88.15,7.5
3823.70.40,38237040,9903.88.15,7.5
3823.70.60,38237060,9903.88.15,7.5
3824.10.00,38241000,9903.88.03,25.0
3824.30.00,38243000,9903.88.03,25.0
3824.40.10,38244010,9903.88.03,25.0
3824.40.20,38244020,9903.88.03,25.0
3824.40.50,38244050,9903.88.03,25.0
3824.50.00,38245000,9903.88.03,25.0
3824.60.00,38246000,9903.88.15,7.5
3824.81.00,38248100,9903.88.03,25.0
3824.82.10,38248210,9903.88.03,25.0
3824.82.90,38248290,9903.88.03,25.0
3824.83.00,38248300,9903.88.03,25.0
3824.84.00,38248400,9903.88.03,25.0
3824.85.00,38248500,9903.88.03,25.0
3824.86.00,38248600,9903.88.03,25.0
3824.87.00,38248700,9903.88.03,25.0
3824.88.00,38248800,9903.88.03,25.0
3824.89.00,38248900,9903.88.03,25.0
3824.91.00,38249100,9903.88.03,25.0
3824.92.00,38249200,9903.88.03,25.0
3824.99.11,38249911,9903.88.03,25.0
3824.99.19,38249919,9903.88.03,25.0
3824.99.21,38249921,9903.88.03,25.0
3824.99.25,38249925,9903.88.03,25.0
3824.99.26,38249926,9903.88.03,25.0
3824.99.29,38249929,9903.88.03,25.0
3824.99.31,38249931,9903.88.03,25.0
3824.99.32,38249932,9903.88.03,25.0
3824.99.33,38249933,9903.88.03,25.0
3824.99.34,38249934,9903.88.03,25.0
3824.99.35,38249935,9903.88.03,25.0
3824.99.36,38249936,9903.88.15,7.5
3824.99.39,38249939,9903.88.03,25.0
3824.99.41,38249941,9903.88.03,25.0
3824.99.49,38249949,9903.88.03,25.0
3824.99.50,38249950,9903.88.03,25.0
3824.99.55,38249955,9903.88.03,25.0
3824.99.70,38249970,9903.88.03,25.0
3824.99.75,38249975,9903.88.03,25.0
3824.99.93,38249993,9903.88.03,25.0
3825-10-01 00:00:00,3825-10-01 00:00:00,9903.88.15,7.5
3825.20.00,38252000,9903.88.15,7.5
3825.30.00,38253000,9903.88.15,7.5
3825.41.00,38254100,9903.88.03,25.0
3825.49.00,38254900,9903.88.03,25.0
3825.50.00,38255000,9903.88.03,25.0
3825.61.00,38256100,9903.88.03,25.0
3825.69.00,38256900,9903.88.03,25.0
3825.90.01,38259001,9903.88.03,25.0
3826.00.10,38260010,9903.88.03,25.0
3826.00.30,38260030,9903.88.03,25.0
3827.11.00,38271100,9903.88.03,25.0
3827.12.00,38271200,9903.88.03,25.0
3827.13.00,38271300,9903.88.03,25.0
3827.14.00,38271400,9903.88.03,25.0
3827.20.00,38272000,9903.88.03,25.0
3827.31.00,38273100,9903.88.03,25.0
3827.32.00,38273200,9903.88.03,25.0
3827.39.00,38273900,9903.88.03,25.0
3827.40.00,38274000,9903.88.03,25.0
3827.51.00,38275100,9903.88.03,25.0
3827.59.00,38275900,9903.88.03,25.0
3827.61.00,38276100,9903.88.03,25.0
3827.62.00,38276200,9903.88.03,25.0
3827.63.00,38276300,9903.88.03,25.0
3827.64.00,38276400,9903.88.03,25.0
3827.65.00,38276500,9903.88.03,25.0
3827.68.00,38276800,9903.88.03,25.0
3827.69.00,38276900,9903.88.03,25.0
3827.90.10,38279010,9903.88.03,25.0
3827.90.90,38279090,9903.88.03,25.0
3901-10-10 00:00:00,3901-10-10 00:00:00,9903.88.02,25.0
3901.10.50,39011050,9903.88.02,25.0
3901.20.10,39012010,9903.88.02,25.0
3901.20.50,39012050,9903.88.02,25.0
3901.30.20,39013020,9903.88.02,25.0
3901.30.60,39013060,9903.88.02,25.0
3901.40.00,39014000,9903.88.03,25.0
3901.90.10,39019010,9903.88.02,25.0
3901.90.55,39019055,9903.88.02,25.0
3901.90.90,39019090,9903.88.02,25.0
3902.10.00,39021000,9903.88.02,25.0
3902.20.10,39022010,9903.88.02,25.0
3902.20.50,39022050,9903.88.02,25.0
3902.30.00,39023000,9903.88.02,25.0
3902.90.00,39029000,9903.88.02,25.0
3903.11.00,39031100,9903.88.02,25.0
3903.19.00,39031900,9903.88.02,25.0
3903.20.00,39032000,9903.88.02,25.0
3903.30.00,39033000,9903.88.02,25.0
3903.90.10,39039010,9903.88.02,25.0
3903.90.50,39039050,9903.88.02,25.0
3904.10.00,39041000,9903.88.02,25.0
3904.21.00,39042100,9903.88.02,25.0
3904.22.00,39042200,9903.88.02,25.0
3904.30.20,39043020,9903.88.02,25.0
3904.30.60,39043060,9903.88.02,25.0
3904.40.00,39044000,9903.88.02,25.0
3904.50.00,39045000,9903.88.02,25.0
3904.61.00,39046100,9903.88.02,25.0
3904.69.10,39046910,9903.88.02,25.0
3904.69.50,39046950,9903.88.02,25.0
3904.90.10,39049010,9903.88.02,25.0
3904.90.50,39049050,9903.88.02,25.0
3905.12.00,39051200,9903.88.02,25.0
3905.19.00,39051900,9903.88.02,25.0
3905.21.00,39052100,9903.88.02,25.0
3905.29.00,39052900,9903.88.02,25.0
3905.30.00,39053000,9903.88.02,25.0
3905.91.10,39059110,9903.88.02,25.0
3905.91.50,39059150,9903.88.02,25.0
3905.99.30,39059930,9903.88.03,25.0
3905.99.80,39059980,9903.88.02,25.0
3906.10.00,39061000,9903.88.02,25.0
3906.90.10,39069010,9903.88.02,25.0
3906.90.20,39069020,9903.88.02,25.0
3906.90.50,39069050,9903.88.02,25.0
3907.10.00,39071000,9903.88.02,25.0
3907.21.00,39072100,9903.88.02,25.0
3907.29.00,39072900,9903.88.02,25.0
3907.30.00,39073000,9903.88.02,25.0
3907.40.00,39074000,9903.88.02,25.0
3907.50.00,39075000,9903.88.02,25.0
3907.61.00,39076100,9903.88.02,25.0
3907.69.00,39076900,9903.88.02,25.0
3907.70.00,39077000,9903.88.02,25.0
3907.91.20,39079120,9903.88.02,25.0
3907.91.40,39079140,9903.88.02,25.0
3907.91.50,39079150,9903.88.02,25.0
3907.99.20,39079920,9903.88.02,25.0
3907.99.50,39079950,9903.88.02,25.0
3908.10.00,39081000,9903.88.02,25.0
3908.90.20,39089020,9903.88.02,25.0
3908.90.70,39089070,9903.88.02,25.0
3909.10.00,39091000,9903.88.02,25.0
3909.20.00,39092000,9903.88.02,25.0
3909.31.00,39093100,9903.88.03,25.0
3909.39.00,39093900,9903.88.03,25.0
3909.40.00,39094000,9903.88.02,25.0
3909.50.10,39095010,9903.88.02,25.0
3909.50.20,39095020,9903.88.02,25.0
3909.50.50,39095050,9903.88.02,25.0
3910.00.00,39100000,9903.88.02,25.0
3911.10.00,39111000,9903.88.02,25.0
3911.20.00,39112000,9903.88.02,25.0
3911.90.10,39119010,9903.88.02,25.0
3911.90.15,39119015,9903.88.02,25.0
3911.90.25,39119025,9903.88.02,25.0
3911.90.35,39119035,9903.88.02,25.0
3911.90.45,39119045,9903.88.02,25.0
3911.90.70,39119070,9903.88.02,25.0
3911.90.91,39119091,9903.88.02,25.0
3912.11.00,39121100,9903.88.03,25.0
3912.12.00,39121200,9903.88.02,25.0
3912.20.00,39122000,9903.88.02,25.0
3912.31.00,39123100,9903.88.03,25.0
3912.39.00,39123900,9903.88.02,25.0
3912.90.00,39129000,9903.88.02,25.0
3913.10.00,39131000,9903.88.15,7.5
3913.90.10,39139010,9903.88.02,25.0
3913.90.20,39139020,9903.88.03,25.0
3913.90.50,39139050,9903.88.02,25.0
3914.00.20,39140020,9903.88.02,25.0
3914.00.60,39140060,9903.88.02,25.0
3915.10.00,39151000,9903.88.03,25.0
3915.20.00,39152000,9903.88.03,25.0
3915.30.00,39153000,9903.88.03,25.0
3915.90.00,39159000,9903.88.03,25.0
3916.10.00,39161000,9903.88.02,25.0
3916.20.00,39162000,9903.88.02,25.0
3916.90.10,39169010,9903.88.02,25.0
3916.90.20,39169020,9903.88.03,25.0
3916.90.30,39169030,9903.88.02,25.0
3916.90.50,39169050,9903.88.02,25.0
3917-10-10 00:00:00,3917-10-10 00:00:00,9903.88.03,25.0
3917.10.60,39171060,9903.88.03,25.0
3917.10.90,39171090,9903.88.03,25.0
3917.21.00,39172100,9903.88.02,25.0
3917.22.00,39172200,9903.88.02,25.0
3917.23.00,39172300,9903.88.02,25.0
3917.29.00,39172900,9903.88.02,25.0
3917.31.00,39173100,9903.88.02,25.0
3917.32.00,39173200,9903.88.02,25.0
3917.33.00,39173300,9903.88.03,25.0
3917.39.00,39173900,9903.88.03,25.0
3917.40.00,39174000,9903.88.02,25.0
3918-10-10 00:00:00,3918-10-10 00:00:00,9903.88.03,25.0
3918-10-20 00:00:00,3918-10-20 00:00:00,9903.88.03,25.0
3918-10-31 00:00:00,3918-10-31 00:00:00,9903.88.03,25.0
3918.10.32,39181032,9903.88.03,25.0
3918.10.40,39181040,9903.88.03,25.0
3918.10.50,39181050,9903.88.03,25.0
3918.90.10,39189010,9903.88.03,25.0
3918.90.20,39189020,9903.88.03,25.0
3918.90.30,39189030,9903.88.03,25.0
3918.90.50,39189050,9903.88.03,25.0
3919-10-10 00:00:00,3919-10-10 00:00:00,9903.88.02,25.0
3919-10-20 00:00:00,3919-10-20 00:00:00,9903.88.02,25.0
3919.90.10,39199010,9903.88.02,25.0
3919.90.50,39199050,9903.88.02,25.0
3920.10.00,39201000,9903.88.02,25.0
3920.20.00,39202000,9903.88.02,25.0
3920.30.00,39203000,9903.88.02,25.0
3920.43.10,39204310,9903.88.02,25.0
3920.43.50,39204350,9903.88.02,25.0
3920.49.00,39204900,9903.88.02,25.0
3920.51.10,39205110,9903.88.02,25.0
3920.51.50,39205150,9903.88.02,25.0
3920.59.10,39205910,9903.88.02,25.0
3920.59.40,39205940,9903.88.02,25.0
3920.59.80,39205980,9903.88.02,25.0
3920.61.00,39206100,9903.88.02,25.0
3920.62.00,39206200,9903.88.02,25.0
3920.63.10,39206310,9903.88.02,25.0
3920.63.20,39206320,9903.88.02,25.0
3920.69.00,39206900,9903.88.02,25.0
3920.71.00,39207100,9903.88.02,25.0
3920.73.00,39207300,9903.88.02,25.0
3920.79.05,39207905,9903.88.02,25.0
3920.79.10,39207910,9903.88.02,25.0
3920.79.50,39207950,9903.88.02,25.0
3920.91.00,39209100,9903.88.02,25.0
3920.92.00,39209200,9903.88.02,25.0
3920.93.00,39209300,9903.88.02,25.0
3920.94.00,39209400,9903.88.02,25.0
3920.99.10,39209910,9903.88.02,25.0
3920.99.20,39209920,9903.88.02,25.0
3920.99.50,39209950,9903.88.02,25.0
3921.11.00,39211100,9903.88.02,25.0
3921-12-11 00:00:00,3921-12-11 00:00:00,9903.88.02,25.0
3921-12-15 00:00:00,3921-12-15 00:00:00,9903.88.02,25.0
3921-12-19 00:00:00,3921-12-19 00:00:00,9903.88.02,25.0
3921.12.50,39211250,9903.88.02,25.0
3921.13.11,39211311,9903.88.02,25.0
3921.13.15,39211315,9903.88.02,25.0
3921.13.19,39211319,9903.88.02,25.0
3921.13.50,39211350,9903.88.02,25.0
3921.14.00,39211400,9903.88.02,25.0
3921.19.00,39211900,9903.88.02,25.0
3921.90.11,39219011,9903.88.02,25.0
3921.90.15,39219015,9903.88.02,25.0
3921.90.19,39219019,9903.88.02,25.0
3921.90.21,39219021,9903.88.02,25.0
3921.90.25,39219025,9903.88.02,25.0
3921.90.29,39219029,9903.88.02,25.0
3921.90.40,39219040,9903.88.02,25.0
3921.90.50,39219050,9903.88.02,25.0
3922.10.00,39221000,9903.88.15,7.5
3922.20.00,39222000,9903.88.15,7.5
3922.90.00,39229000,9903.88.03,25.0
3923-10-20 00:00:00,3923-10-20 00:00:00,9903.88.03,25.0
3923.10.90,39231090,9903.88.03,25.0
3923.21.00,39232100,9903.88.03,25.0
3923.29.00,39232900,9903.88.03,25.0
3923.30.00,39233000,9903.88.03,25.0
3923.40.00,39234000,9903.88.03,25.0
3923.50.00,39235000,9903.88.03,25.0
3923.90.00,39239000,9903.88.03,25.0
3924-10-20 00:00:00,3924-10-20 00:00:00,9903.88.15,7.5
3924-10-30 00:00:00,3924-10-30 00:00:00,9903.88.15,7.5
3924.90.05,39249005,9903.88.15,7.5
3924.90.56,39249056,9903.88.15,7.5
3925.10.00,39251000,9903.88.03,25.0
3925.20.00,39252000,9903.88.15,7.5
3925.30.10,39253010,9903.88.15,7.5
3925.30.50,39253050,9903.88.15,7.5
3925.90.00,39259000,9903.88.03,25.0
3926.20.20,39262020,9903.88.03,25.0
3926.20.30,39262030,9903.88.03,25.0
3926.20.60,39262060,9903.88.03,25.0
3926.20.90,39262090,9903.88.03,25.0
3926.30.10,39263010,9903.88.15,7.5
3926.30.50,39263050,9903.88.15,7.5
3926.90.10,39269010,9903.88.15,7.5
3926.90.16,39269016,9903.88.15,7.5
3926.90.21,39269021,9903.88.15,7.5
3926.90.25,39269025,9903.88.15,7.5
3926.90.30,39269030,9903.88.03,25.0
3926.90.35,39269035,9903.88.15,7.5
3926.90.45,39269045,9903.88.03,25.0
3926.90.50,39269050,9903.88.15,7.5
3926.90.55,39269055,9903.88.03,25.0
3926.90.56,39269056,9903.88.03,25.0
3926.90.57,39269057,9903.88.03,25.0
3926.90.59,39269059,9903.88.03,25.0
3926.90.60,39269060,9903.88.03,25.0
3926.90.70,39269070,9903.88.15,7.5
3926.90.83,39269083,9903.88.03,25.0
3926.90.85,39269085,9903.88.15,7.5
3926.90.87,39269087,9903.88.03,25.0
3926.90.94,39269094,9903.88.03,25.0
3926.90.96,39269096,9903.88.03,25.0
3926.90.99,39269099,9903.88.15,7.5
4001.10.00,40011000,9903.88.03,25.0
4001.21.00,40012100,9903.88.03,25.0
4001.22.00,40012200,9903.88.03,25.0
4001.29.00,40012900,9903.88.03,25.0
4001.30.00,40013000,9903.88.03,25.0
4002.11.00,40021100,9903.88.03,25.0
4002.19.00,40021900,9903.88.03,25.0
4002.20.00,40022000,9903.88.03,25.0
4002.31.00,40023100,9903.88.03,25.0
4002.39.00,40023900,9903.88.03,25.0
4002.41.00,40024100,9903.88.03,25.0
4002.49.00,40024900,9903.88.03,25.0
4002.51.00,40025100,9903.88.03,25.0
4002.59.00,40025900,9903.88.03,25.0
4002.60.00,40026000,9903.88.03,25.0
4002.70.00,40027000,9903.88.03,25.0
4002.80.00,40028000,9903.88.03,25.0
4002.91.00,40029100,9903.88.03,25.0
4002.99.00,40029900,9903.88.03,25.0
4003.00.00,40030000,9903.88.03,25.0
4004.00.00,40040000,9903.88.03,25.0
4005.10.00,40051000,9903.88.03,25.0
4005.20.00,40052000,9903.88.03,25.0
4005.91.00,40059100,9903.88.03,25.0
4005.99.00,40059900,9903.88.03,25.0
4006.10.00,40061000,9903.88.15,7.5
4006.90.10,40069010,9903.88.03,25.0
4006.90.50,40069050,9903.88.03,25.0
4007.00.00,40070000,9903.88.03,25.0
4008-11-10 00:00:00,4008-11-10 00:00:00,9903.88.03,25.0
4008.11.50,40081150,9903.88.03,25.0
4008.19.20,40081920,9903.88.03,25.0
4008.19.40,40081940,9903.88.03,25.0
4008.19.60,40081960,9903.88.03,25.0
4008.19.80,40081980,9903.88.03,25.0
4008.21.00,40082100,9903.88.03,25.0
4008.29.20,40082920,9903.88.03,25.0
4008.29.40,40082940,9903.88.03,25.0
4009.11.00,40091100,9903.88.03,25.0
4009.12.00,40091200,9903.88.15,7.5
4009.21.00,40092100,9903.88.03,25.0
4009.22.00,40092200,9903.88.03,25.0
4009.31.00,40093100,9903.88.03,25.0
4009.32.00,40093200,9903.88.03,25.0
4009.41.00,40094100,9903.88.03,25.0
4009.42.00,40094200,9903.88.15,7.5
4010.11.00,40101100,9903.88.15,7.5
4010-12-10 00:00:00,4010-12-10 00:00:00,9903.88.03,25.0
4010.12.50,40101250,9903.88.03,25.0
4010.12.55,40101255,9903.88.03,25.0
4010.12.90,40101290,9903.88.03,25.0
4010.19.10,40101910,9903.88.03,25.0
4010.19.50,40101950,9903.88.03,25.0
4010.19.55,40101955,9903.88.03,25.0
4010.19.80,40101980,9903.88.03,25.0
4010.19.91,40101991,9903.88.03,25.0
4010.31.30,40103130,9903.88.03,25.0
4010.31.60,40103160,9903.88.03,25.0
4010.32.30,40103230,9903.88.03,25.0
4010.32.60,40103260,9903.88.03,25.0
4010.33.30,40103330,9903.88.03,25.0
4010.33.60,40103360,9903.88.03,25.0
4010.34.30,40103430,9903.88.03,25.0
4010.34.60,40103460,9903.88.03,25.0
4010.35.30,40103530,9903.88.03,25.0
4010.35.41,40103541,9903.88.03,25.0
4010.35.45,40103545,9903.88.03,25.0
4010.35.50,40103550,9903.88.03,25.0
4010.35.90,40103590,9903.88.03,25.0
4010.36.30,40103630,9903.88.03,25.0
4010.36.41,40103641,9903.88.03,25.0
4010.36.45,40103645,9903.88.03,25.0
4010.36.50,40103650,9903.88.03,25.0
4010.36.90,40103690,9903.88.03,25.0
4010.39.10,40103910,9903.88.03,25.0
4010.39.20,40103920,9903.88.03,25.0
4010.39.30,40103930,9903.88.03,25.0
4010.39.41,40103941,9903.88.03,25.0
4010.39.45,40103945,9903.88.03,25.0
4010.39.50,40103950,9903.88.03,25.0
4010.39.90,40103990,9903.88.03,25.0
4011-10-10 00:00:00,4011-10-10 00:00:00,9903.88.03,25.0
4011.10.50,40111050,9903.88.03,25.0
4011.20.10,40112010,9903.88.03,25.0
4011.20.50,40112050,9903.88.03,25.0
4011.30.00,40113000,9903.88.01,25.0
4011.40.00,40114000,9903.88.03,25.0
4011.50.00,40115000,9903.88.03,25.0
4011.70.00,40117000,9903.88.03,25.0
4011.80.10,40118010,9903.88.03,25.0
4011.80.20,40118020,9903.88.03,25.0
4011.80.80,40118080,9903.88.03,25.0
4011.90.10,40119010,9903.88.03,25.0
4011.90.20,40119020,9903.88.03,25.0
4011.90.80,40119080,9903.88.03,25.0
4012.11.40,40121140,9903.88.03,25.0
4012.11.80,40121180,9903.88.03,25.0
4012.12.40,40121240,9903.88.03,25.0
4012.12.80,40121280,9903.88.03,25.0
4012.13.00,40121300,9903.88.01,25.0
4012.19.20,40121920,9903.88.03,25.0
4012.19.40,40121940,9903.88.03,25.0
4012.19.80,40121980,9903.88.15,7.5
4012.20.10,40122010,9903.88.03,25.0
4012.20.15,40122015,9903.88.03,25.0
4012.20.45,40122045,9903.88.03,25.0
4012.20.60,40122060,9903.88.03,25.0
4012.20.80,40122080,9903.88.03,25.0
4012.90.10,40129010,9903.88.03,25.0
4012.90.30,40129030,9903.88.03,25.0
4012.90.45,40129045,9903.88.03,25.0
4012.90.70,40129070,9903.88.03,25.0
4012.90.90,40129090,9903.88.03,25.0
4013.10.00,40131000,9903.88.03,25.0
4013.20.00,40132000,9903.88.03,25.0
4013.90.10,40139010,9903.88.03,25.0
4013.90.50,40139050,9903.88.03,25.0
4015-12-10 00:00:00,4015-12-10 00:00:00,9903.91.08,25.0
4015.12.90,40151290,9903.88.03,25.0
4015.19.11,40151911,9903.88.03,25.0
4015.19.51,40151951,9903.88.03,25.0
4015.90.00,40159000,9903.88.03,25.0
4016.10.00,40161000,9903.88.03,25.0
4016.91.00,40169100,9903.88.03,25.0
4016.93.10,40169310,9903.88.03,25.0
4016.93.50,40169350,9903.88.03,25.0
4016.94.00,40169400,9903.88.03,25.0
4016.95.00,40169500,9903.88.15,7.5
4016.99.03,40169903,9903.88.03,25.0
4016.99.05,40169905,9903.88.15,7.5
4016.99.10,40169910,9903.88.15,7.5
4016.99.15,40169915,9903.88.15,7.5
4016.99.30,40169930,9903.88.03,25.0
4016.99.35,40169935,9903.88.03,25.0
4016.99.55,40169955,9903.88.03,25.0
4016.99.60,40169960,9903.88.03,25.0
4017.00.00,40170000,9903.88.03,25.0
4101.20.10,41012010,9903.88.15,7.5
4101.20.20,41012020,9903.88.15,7.5
4101.20.30,41012030,9903.88.15,7.5
4101.20.35,41012035,9903.88.15,7.5
4101.20.40,41012040,9903.88.15,7.5
4101.20.50,41012050,9903.88.15,7.5
4101.20.70,41012070,9903.88.15,7.5
4101.50.10,41015010,9903.88.15,7.5
4101.50.20,41015020,9903.88.15,7.5
4101.50.30,41015030,9903.88.15,7.5
4101.50.35,41015035,9903.88.15,7.5
4101.50.40,41015040,9903.88.15,7.5
4101.50.50,41015050,9903.88.15,7.5
4101.50.70,41015070,9903.88.15,7.5
4101.90.10,41019010,9903.88.15,7.5
4101.90.35,41019035,9903.88.15,7.5
4101.90.40,41019040,9903.88.15,7.5
4101.90.50,41019050,9903.88.15,7.5
4101.90.70,41019070,9903.88.15,7.5
4102-10-10 00:00:00,4102-10-10 00:00:00,9903.88.15,7.5
4102-10-20 00:00:00,4102-10-20 00:00:00,9903.88.15,7.5
4102.21.00,41022100,9903.88.15,7.5
4102.29.10,41022910,9903.88.15,7.5
4102.29.20,41022920,9903.88.15,7.5
4102.29.30,41022930,9903.88.15,7.5
4103.20.10,41032010,9903.88.15,7.5
4103.20.20,41032020,9903.88.15,7.5
4103.20.30,41032030,9903.88.15,7.5
4103.30.10,41033010,9903.88.15,7.5
4103.30.20,41033020,9903.88.15,7.5
4103.90.11,41039011,9903.88.15,7.5
4103.90.12,41039012,9903.88.15,7.5
4103.90.13,41039013,9903.88.15,7.5
4103.90.20,41039020,9903.88.15,7.5
4104-11-10 00:00:00,4104-11-10 00:00:00,9903.88.03,25.0
4104-11-20 00:00:00,4104-11-20 00:00:00,9903.88.03,25.0
4104-11-30 00:00:00,4104-11-30 00:00:00,9903.88.03,25.0
4104.11.40,41041140,9903.88.03,25.0
4104.11.50,41041150,9903.88.03,25.0
4104.19.10,41041910,9903.88.03,25.0
4104.19.20,41041920,9903.88.03,25.0
4104.19.30,41041930,9903.88.03,25.0
4104.19.40,41041940,9903.88.03,25.0
4104.19.50,41041950,9903.88.03,25.0
4104.41.10,41044110,9903.88.03,25.0
4104.41.20,41044120,9903.88.03,25.0
4104.41.30,41044130,9903.88.03,25.0
4104.41.40,41044140,9903.88.03,25.0
4104.41.50,41044150,9903.88.03,25.0
4104.49.10,41044910,9903.88.03,25.0
4104.49.20,41044920,9903.88.03,25.0
4104.49.30,41044930,9903.88.03,25.0
4104.49.40,41044940,9903.88.03,25.0
4104.49.50,41044950,9903.88.03,25.0
4105-10-10 00:00:00,4105-10-10 00:00:00,9903.88.03,25.0
4105.10.90,41051090,9903.88.03,25.0
4105.30.00,41053000,9903.88.03,25.0
4106.21.10,41062110,9903.88.03,25.0
4106.21.90,41062190,9903.88.03,25.0
4106.22.00,41062200,9903.88.03,25.0
4106.31.10,41063110,9903.88.03,25.0
4106.31.90,41063190,9903.88.03,25.0
4106.32.00,41063200,9903.88.03,25.0
4106.40.00,41064000,9903.88.03,25.0
4106.91.00,41069100,9903.88.03,25.0
4106.92.00,41069200,9903.88.03,25.0
4107-11-10 00:00:00,4107-11-10 00:00:00,9903.88.03,25.0
4107-11-20 00:00:00,4107-11-20 00:00:00,9903.88.03,25.0
4107-11-30 00:00:00,4107-11-30 00:00:00,9903.88.03,25.0
4107.11.40,41071140,9903.88.03,25.0
4107.11.50,41071150,9903.88.03,25.0
4107.11.60,41071160,9903.88.03,25.0
4107.11.70,41071170,9903.88.03,25.0
4107.11.80,41071180,9903.88.03,25.0
4107-12-10 00:00:00,4107-12-10 00:00:00,9903.88.03,25.0
4107-12-20 00:00:00,4107-12-20 00:00:00,9903.88.03,25.0
4107-12-30 00:00:00,4107-12-30 00:00:00,9903.88.03,25.0
4107.12.40,41071240,9903.88.03,25.0
4107.12.50,41071250,9903.88.03,25.0
4107.12.60,41071260,9903.88.03,25.0
4107.12.70,41071270,9903.88.03,25.0
4107.12.80,41071280,9903.88.03,25.0
4107.19.10,41071910,9903.88.03,25.0
4107.19.20,41071920,9903.88.03,25.0
4107.19.30,41071930,9903.88.03,25.0
4107.19.40,41071940,9903.88.03,25.0
4107.19.50,41071950,9903.88.03,25.0
4107.19.60,41071960,9903.88.03,25.0
4107.19.70,41071970,9903.88.03,25.0
4107.19.80,41071980,9903.88.03,25.0
4107.91.40,41079140,9903.88.03,25.0
4107.91.50,41079150,9903.88.03,25.0
4107.91.60,41079160,9903.88.03,25.0
4107.91.70,41079170,9903.88.03,25.0
4107.91.80,41079180,9903.88.03,25.0
4107.92.40,41079240,9903.88.03,25.0
4107.92.50,41079250,9903.88.03,25.0
4107.92.60,41079260,9903.88.03,25.0
4107.92.70,41079270,9903.88.03,25.0
4107.92.80,41079280,9903.88.03,25.0
4107.99.40,41079940,9903.88.03,25.0
4107.99.50,41079950,9903.88.03,25.0
4107.99.60,41079960,9903.88.03,25.0
4107.99.70,41079970,9903.88.03,25.0
4107.99.80,41079980,9903.88.03,25.0
4112.00.30,41120030,9903.88.03,25.0
4112.00.60,41120060,9903.88.03,25.0
4113-10-30 00:00:00,4113-10-30 00:00:00,9903.88.03,25.0
4113.10.60,41131060,9903.88.03,25.0
4113.20.00,41132000,9903.88.03,25.0
4113.30.30,41133030,9903.88.03,25.0
4113.30.60,41133060,9903.88.03,25.0
4113.90.30,41139030,9903.88.03,25.0
4113.90.60,41139060,9903.88.03,25.0
4114.10.00,41141000,9903.88.03,25.0
4114.20.30,41142030,9903.88.03,25.0
4114.20.40,41142040,9903.88.03,25.0
4114.20.70,41142070,9903.88.03,25.0
4115.10.00,41151000,9903.88.03,25.0
4115.20.00,41152000,9903.88.15,7.5
4201.00.30,42010030,9903.88.03,25.0
4201.00.60,42010060,9903.88.03,25.0
4202.11.00,42021100,9903.88.03,25.0
4202-12-21 00:00:00,4202-12-21 00:00:00,9903.88.03,25.0
4202-12-29 00:00:00,4202-12-29 00:00:00,9903.88.03,25.0
4202.12.40,42021240,9903.88.03,25.0
4202.12.60,42021260,9903.88.03,25.0
4202.12.81,42021281,9903.88.03,25.0
4202.12.89,42021289,9903.88.03,25.0
4202.19.00,42021900,9903.88.03,25.0
4202.21.30,42022130,9903.88.03,25.0
4202.21.60,42022160,9903.88.03,25.0
4202.21.90,42022190,9903.88.03,25.0
4202.22.15,42022215,9903.88.03,25.0
4202.22.35,42022235,9903.88.03,25.0
4202.22.40,42022240,9903.88.03,25.0
4202.22.45,42022245,9903.88.03,25.0
4202.22.60,42022260,9903.88.03,25.0
4202.22.70,42022270,9903.88.03,25.0
4202.22.81,42022281,9903.88.03,25.0
4202.22.89,42022289,9903.88.03,25.0
4202.29.10,42022910,9903.88.03,25.0
4202.29.20,42022920,9903.88.03,25.0
4202.29.50,42022950,9903.88.03,25.0
4202.29.90,42022990,9903.88.03,25.0
4202.31.30,42023130,9903.88.03,25.0
4202.31.60,42023160,9903.88.03,25.0
4202.32.10,42023210,9903.88.03,25.0
4202.32.20,42023220,9903.88.03,25.0
4202.32.40,42023240,9903.88.03,25.0
4202.32.80,42023280,9903.88.03,25.0
4202.32.85,42023285,9903.88.03,25.0
4202.32.91,42023291,9903.88.03,25.0
4202.32.93,42023293,9903.88.03,25.0
4202.32.99,42023299,9903.88.03,25.0
4202.39.10,42023910,9903.88.03,25.0
4202.39.20,42023920,9903.88.03,25.0
4202.39.50,42023950,9903.88.03,25.0
4202.39.90,42023990,9903.88.03,25.0
4202.91.10,42029110,9903.88.03,25.0
4202.91.90,42029190,9903.88.03,25.0
4202.92.04,42029204,9903.88.03,25.0
4202.92.08,42029208,9903.88.03,25.0
4202.92.10,42029210,9903.88.03,25.0
4202.92.15,42029215,9903.88.03,25.0
4202.92.20,42029220,9903.88.03,25.0
4202.92.31,42029231,9903.88.03,25.0
4202.92.33,42029233,9903.88.03,25.0
4202.92.39,42029239,9903.88.03,25.0
4202.92.45,42029245,9903.88.03,25.0
4202.92.50,42029250,9903.88.03,25.0
4202.92.60,42029260,9903.88.03,25.0
4202.92.91,42029291,9903.88.03,25.0
4202.92.93,42029293,9903.88.03,25.0
4202.92.94,42029294,9903.88.03,25.0
4202.92.97,42029297,9903.88.03,25.0
4202.99.10,42029910,9903.88.03,25.0
4202.99.20,42029920,9903.88.03,25.0
4202.99.30,42029930,9903.88.03,25.0
4202.99.50,42029950,9903.88.03,25.0
4202.99.90,42029990,9903.88.03,25.0
4203-10-20 00:00:00,4203-10-20 00:00:00,9903.88.03,25.0
4203.10.40,42031040,9903.88.03,25.0
4203.21.20,42032120,9903.88.03,25.0
4203.21.40,42032140,9903.88.03,25.0
4203.21.55,42032155,9903.88.03,25.0
4203.21.60,42032160,9903.88.03,25.0
4203.21.70,42032170,9903.88.03,25.0
4203.21.80,42032180,9903.88.03,25.0
4203.29.05,42032905,9903.88.03,25.0
4203.29.08,42032908,9903.88.03,25.0
4203.29.15,42032915,9903.88.03,25.0
4203.29.18,42032918,9903.88.03,25.0
4203.29.20,42032920,9903.88.03,25.0
4203.29.30,42032930,9903.88.03,25.0
4203.29.40,42032940,9903.88.03,25.0
4203.29.50,42032950,9903.88.03,25.0
4203.30.00,42033000,9903.88.03,25.0
4203.40.30,42034030,9903.88.03,25.0
4203.40.60,42034060,9903.88.03,25.0
4205.00.05,42050005,9903.88.03,25.0
4205.00.10,42050010,9903.88.03,25.0
4205.00.20,42050020,9903.88.03,25.0
4205.00.40,42050040,9903.88.03,25.0
4205.00.60,42050060,9903.88.03,25.0
4205.00.80,42050080,9903.88.03,25.0
4301.10.00,43011000,9903.88.15,7.5
4301.60.30,43016030,9903.88.15,7.5
4301.60.60,43016060,9903.88.15,7.5
4301.80.02,43018002,9903.88.15,7.5
4302.11.00,43021100,9903.88.03,25.0
4302.19.13,43021913,9903.88.03,25.0
4302.19.15,43021915,9903.88.03,25.0
4302.19.30,43021930,9903.88.03,25.0
4302.19.45,43021945,9903.88.03,25.0
4302.19.55,43021955,9903.88.03,25.0
4302.19.60,43021960,9903.88.03,25.0
4302.19.75,43021975,9903.88.03,25.0
4302.20.30,43022030,9903.88.03,25.0
4302.20.60,43022060,9903.88.03,25.0
4302.20.90,43022090,9903.88.03,25.0
4302.30.00,43023000,9903.88.03,25.0
4303.10.00,43031000,9903.88.03,25.0
4303.90.00,43039000,9903.88.03,25.0
4304.00.00,43040000,9903.88.03,25.0
4401.11.00,44011100,9903.88.03,25.0
4401.12.00,44011200,9903.88.03,25.0
4401.21.00,44012100,9903.88.03,25.0
4401.22.00,44012200,9903.88.03,25.0
4401.31.00,44013100,9903.88.03,25.0
4401.32.00,44013200,9903.88.03,25.0
4401.39.20,44013920,9903.88.03,25.0
4401.39.42,44013942,9903.88.03,25.0
4401.41.00,44014100,9903.88.03,25.0
4401.49.00,44014900,9903.88.03,25.0
4402.10.00,44021000,9903.88.03,25.0
4402.20.00,44022000,9903.88.03,25.0
4402.90.01,44029001,9903.88.03,25.0
4403.11.00,44031100,9903.88.03,25.0
4403.12.00,44031200,9903.88.03,25.0
4403.21.01,44032101,9903.88.03,25.0
4403.22.01,44032201,9903.88.03,25.0
4403.23.01,44032301,9903.88.03,25.0
4403.24.01,44032401,9903.88.03,25.0
4403.25.01,44032501,9903.88.03,25.0
4403.26.01,44032601,9903.88.03,25.0
4403.41.00,44034100,9903.88.03,25.0
4403.42.00,44034200,9903.88.03,25.0
4403.49.02,44034902,9903.88.03,25.0
4403.91.00,44039100,9903.88.03,25.0
4403.93.01,44039301,9903.88.03,25.0
4403.94.01,44039401,9903.88.03,25.0
4403.95.01,44039501,9903.88.03,25.0
4403.96.01,44039601,9903.88.03,25.0
4403.97.00,44039700,9903.88.03,25.0
4403.98.00,44039800,9903.88.03,25.0
4403.99.01,44039901,9903.88.03,25.0
4404.10.00,44041000,9903.88.03,25.0
4404.20.00,44042000,9903.88.03,25.0
4405.00.00,44050000,9903.88.03,25.0
4406.11.00,44061100,9903.88.03,25.0
4406.12.00,44061200,9903.88.03,25.0
4406.91.00,44069100,9903.88.03,25.0
4406.92.00,44069200,9903.88.03,25.0
4407.11.00,44071100,9903.88.03,25.0
4407.12.00,44071200,9903.88.03,25.0
4407.13.00,44071300,9903.88.03,25.0
4407.14.00,44071400,9903.88.03,25.0
4407.19.00,44071900,9903.88.03,25.0
4407.21.00,44072100,9903.88.03,25.0
4407.22.00,44072200,9903.88.03,25.0
4407.23.01,44072301,9903.88.03,25.0
4407.25.00,44072500,9903.88.03,25.0
4407.26.00,44072600,9903.88.03,25.0
4407.27.00,44072700,9903.88.03,25.0
4407.28.00,44072800,9903.88.03,25.0
4407.29.02,44072902,9903.88.03,25.0
4407.91.00,44079100,9903.88.03,25.0
4407.92.00,44079200,9903.88.03,25.0
4407.93.00,44079300,9903.88.03,25.0
4407.94.00,44079400,9903.88.03,25.0
4407.95.00,44079500,9903.88.03,25.0
4407.96.00,44079600,9903.88.03,25.0
4407.97.00,44079700,9903.88.03,25.0
4407.99.02,44079902,9903.88.03,25.0
4408-10-01 00:00:00,4408-10-01 00:00:00,9903.88.03,25.0
4408.31.01,44083101,9903.88.03,25.0
4408.39.02,44083902,9903.88.03,25.0
4408.90.01,44089001,9903.88.03,25.0
4409-10-05 00:00:00,4409-10-05 00:00:00,9903.88.03,25.0
4409-10-10 00:00:00,4409-10-10 00:00:00,9903.88.03,25.0
4409-10-20 00:00:00,4409-10-20 00:00:00,9903.88.03,25.0
4409.10.40,44091040,9903.88.03,25.0
4409.10.45,44091045,9903.88.03,25.0
4409.10.50,44091050,9903.88.03,25.0
4409.10.60,44091060,9903.88.03,25.0
4409.10.65,44091065,9903.88.03,25.0
4409.10.90,44091090,9903.88.03,25.0
4409.21.05,44092105,9903.88.03,25.0
4409.21.90,44092190,9903.88.03,25.0
4409.22.05,44092205,9903.88.03,25.0
4409.22.10,44092210,9903.88.03,25.0
4409.22.25,44092225,9903.88.03,25.0
4409.22.40,44092240,9903.88.03,25.0
4409.22.50,44092250,9903.88.03,25.0
4409.22.60,44092260,9903.88.03,25.0
4409.22.65,44092265,9903.88.03,25.0
4409.22.90,44092290,9903.88.03,25.0
4409.29.06,44092906,9903.88.03,25.0
4409.29.11,44092911,9903.88.03,25.0
4409.29.26,44092926,9903.88.03,25.0
4409.29.41,44092941,9903.88.03,25.0
4409.29.51,44092951,9903.88.03,25.0
4409.29.61,44092961,9903.88.03,25.0
4409.29.66,44092966,9903.88.03,25.0
4409.29.91,44092991,9903.88.03,25.0
4410.11.00,44101100,9903.88.03,25.0
4410.12.00,44101200,9903.88.03,25.0
4410.19.00,44101900,9903.88.03,25.0
4410.90.00,44109000,9903.88.03,25.0
4411-12-10 00:00:00,4411-12-10 00:00:00,9903.88.03,25.0
4411-12-20 00:00:00,4411-12-20 00:00:00,9903.88.03,25.0
4411-12-30 00:00:00,4411-12-30 00:00:00,9903.88.03,25.0
4411.12.60,44111260,9903.88.03,25.0
4411.12.90,44111290,9903.88.03,25.0
4411.13.10,44111310,9903.88.03,25.0
4411.13.20,44111320,9903.88.03,25.0
4411.13.30,44111330,9903.88.03,25.0
4411.13.60,44111360,9903.88.03,25.0
4411.13.90,44111390,9903.88.03,25.0
4411.14.10,44111410,9903.88.03,25.0
4411.14.20,44111420,9903.88.03,25.0
4411.14.30,44111430,9903.88.03,25.0
4411.14.60,44111460,9903.88.03,25.0
4411.14.90,44111490,9903.88.03,25.0
4411.92.10,44119210,9903.88.03,25.0
4411.92.20,44119220,9903.88.03,25.0
4411.92.30,44119230,9903.88.03,25.0
4411.92.40,44119240,9903.88.03,25.0
4411.93.10,44119310,9903.88.03,25.0
4411.93.20,44119320,9903.88.03,25.0
4411.93.30,44119330,9903.88.03,25.0
4411.93.60,44119360,9903.88.03,25.0
4411.93.90,44119390,9903.88.03,25.0
4411.94.00,44119400,9903.88.03,25.0
4412-10-05 00:00:00,4412-10-05 00:00:00,9903.88.03,25.0
4412.10.90,44121090,9903.88.03,25.0
4412.31.06,44123106,9903.88.03,25.0
4412.31.26,44123126,9903.88.03,25.0
4412.31.42,44123142,9903.88.03,25.0
4412.31.45,44123145,9903.88.03,25.0
4412.31.48,44123148,9903.88.03,25.0
4412.31.52,44123152,9903.88.03,25.0
4412.31.61,44123161,9903.88.03,25.0
4412.31.92,44123192,9903.88.03,25.0
4412.33.06,44123306,9903.88.03,25.0
4412.33.26,44123326,9903.88.03,25.0
4412.33.32,44123332,9903.88.03,25.0
4412.33.57,44123357,9903.88.03,25.0
4412.34.26,44123426,9903.88.03,25.0
4412.34.32,44123432,9903.88.03,25.0
4412.34.57,44123457,9903.88.03,25.0
4412.39.10,44123910,9903.88.03,25.0
4412.39.30,44123930,9903.88.03,25.0
4412.39.40,44123940,9903.88.03,25.0
4412.39.50,44123950,9903.88.03,25.0
4412.41.00,44124100,9903.88.03,25.0
4412.42.00,44124200,9903.88.03,25.0
4412.49.00,44124900,9903.88.03,25.0
4412.51.10,44125110,9903.88.03,25.0
4412.51.31,44125131,9903.88.03,25.0
4412.51.41,44125141,9903.88.03,25.0
4412.51.51,44125151,9903.88.03,25.0
4412.52.10,44125210,9903.88.03,25.0
4412.52.31,44125231,9903.88.03,25.0
4412.52.41,44125241,9903.88.03,25.0
4412.52.51,44125251,9903.88.03,25.0
4412.59.60,44125960,9903.88.03,25.0
4412.59.70,44125970,9903.88.03,25.0
4412.59.80,44125980,9903.88.03,25.0
4412.59.90,44125990,9903.88.03,25.0
4412.59.95,44125995,9903.88.03,25.0
4412.91.06,44129106,9903.88.03,25.0
4412.91.10,44129110,9903.88.03,25.0
4412.91.31,44129131,9903.88.03,25.0
4412.91.41,44129141,9903.88.03,25.0
4412.91.51,44129151,9903.88.03,25.0
4412.92.07,44129207,9903.88.03,25.0
4412.92.11,44129211,9903.88.03,25.0
4412.92.31,44129231,9903.88.03,25.0
4412.92.42,44129242,9903.88.03,25.0
4412.92.52,44129252,9903.88.03,25.0
4412.99.58,44129958,9903.88.03,25.0
4412.99.61,44129961,9903.88.03,25.0
4412.99.71,44129971,9903.88.03,25.0
4412.99.81,44129981,9903.88.03,25.0
4412.99.91,44129991,9903.88.03,25.0
4412.99.97,44129997,9903.88.03,25.0
4413.00.00,44130000,9903.88.03,25.0
4414.10.00,44141000,9903.88.15,7.5
4414.90.00,44149000,9903.88.15,7.5
4415-10-30 00:00:00,4415-10-30 00:00:00,9903.88.03,25.0
4415.10.60,44151060,9903.88.03,25.0
4415.10.90,44151090,9903.88.03,25.0
4415.20.40,44152040,9903.88.03,25.0
4415.20.80,44152080,9903.88.03,25.0
4416.00.30,44160030,9903.88.03,25.0
4416.00.60,44160060,9903.88.03,25.0
4416.00.90,44160090,9903.88.03,25.0
4417.00.20,44170020,9903.88.15,7.5
4417.00.40,44170040,9903.88.15,7.5
4417.00.60,44170060,9903.88.03,25.0
4417.00.80,44170080,9903.88.03,25.0
4418.11.00,44181100,9903.88.03,25.0
4418.19.00,44181900,9903.88.03,25.0
4418.21.40,44182140,9903.88.03,25.0
4418.21.80,44182180,9903.88.03,25.0
4418.29.40,44182940,9903.88.03,25.0
4418.29.80,44182980,9903.88.03,25.0
4418.30.01,44183001,9903.88.03,25.0
4418.40.00,44184000,9903.88.03,25.0
4418.50.00,44185000,9903.88.03,25.0
4418.73.10,44187310,9903.88.03,25.0
4418.73.20,44187320,9903.88.03,25.0
4418.73.30,44187330,9903.88.03,25.0
4418.73.40,44187340,9903.88.03,25.0
4418.73.60,44187360,9903.88.03,25.0
4418.73.70,44187370,9903.88.03,25.0
4418.73.90,44187390,9903.88.03,25.0
4418.74.10,44187410,9903.88.03,25.0
4418.74.20,44187420,9903.88.03,25.0
4418.74.90,44187490,9903.88.03,25.0
4418.75.40,44187540,9903.88.03,25.0
4418.75.70,44187570,9903.88.03,25.0
4418.79.01,44187901,9903.88.03,25.0
4418.81.00,44188100,9903.88.03,25.0
4418.82.00,44188200,9903.88.03,25.0
4418.83.00,44188300,9903.88.03,25.0
4418.89.00,44188900,9903.88.03,25.0
4418.91.10,44189110,9903.88.03,25.0
4418.91.91,44189191,9903.88.03,25.0
4418.92.00,44189200,9903.88.03,25.0
4418.99.10,44189910,9903.88.03,25.0
4418.99.91,44189991,9903.88.03,25.0
4419.20.90,44192090,9903.88.15,7.5
4419.90.91,44199091,9903.88.15,7.5
4420.90.20,44209020,9903.88.15,7.5
4420.90.45,44209045,9903.88.03,25.0
4420.90.65,44209065,9903.88.03,25.0
4420.90.80,44209080,9903.88.03,25.0
4421.20.10,44212010,9903.88.03,25.0
4421.20.20,44212020,9903.88.03,25.0
4421.91.10,44219110,9903.88.03,25.0
4421.91.20,44219120,9903.88.03,25.0
4421.91.40,44219140,9903.88.15,7.5
4421.91.60,44219160,9903.88.15,7.5
4421.91.70,44219170,9903.88.03,25.0
4421.91.93,44219193,9903.88.03,25.0
4421.91.94,44219194,9903.88.03,25.0
4421.91.98,44219198,9903.88.03,25.0
4421.99.10,44219910,9903.88.03,25.0
4421.99.15,44219915,9903.88.03,25.0
4421.99.20,44219920,9903.88.03,25.0
4421.99.30,44219930,9903.88.15,7.5
4421.99.70,44219970,9903.88.03,25.0
4421.99.88,44219988,9903.88.15,7.5
4421.99.93,44219993,9903.88.03,25.0
4421.99.94,44219994,9903.88.03,25.0
4421.99.98,44219998,9903.88.03,25.0
4501.10.00,45011000,9903.88.03,25.0
4501.90.20,45019020,9903.88.03,25.0
4501.90.40,45019040,9903.88.03,25.0
4502.00.00,45020000,9903.88.03,25.0
4503-10-20 00:00:00,4503-10-20 00:00:00,9903.88.03,25.0
4503-10-30 00:00:00,4503-10-30 00:00:00,9903.88.03,25.0
4503.10.40,45031040,9903.88.03,25.0
4503.10.60,45031060,9903.88.03,25.0
4503.90.20,45039020,9903.88.03,25.0
4503.90.40,45039040,9903.88.03,25.0
4503.90.60,45039060,9903.88.03,25.0
4504-10-10 00:00:00,4504-10-10 00:00:00,9903.88.03,25.0
4504-10-20 00:00:00,4504-10-20 00:00:00,9903.88.03,25.0
4504-10-30 00:00:00,4504-10-30 00:00:00,9903.88.03,25.0
4504.10.40,45041040,9903.88.03,25.0
4504.10.45,45041045,9903.88.03,25.0
4504.10.47,45041047,9903.88.03,25.0
4504.10.50,45041050,9903.88.03,25.0
4504.90.00,45049000,9903.88.03,25.0
4601.21.40,46012140,9903.88.03,25.0
4601.21.80,46012180,9903.88.03,25.0
4601.21.90,46012190,9903.88.03,25.0
4601.22.40,46012240,9903.88.03,25.0
4601.22.80,46012280,9903.88.03,25.0
4601.22.90,46012290,9903.88.03,25.0
4601.29.40,46012940,9903.88.03,25.0
4601.29.60,46012960,9903.88.03,25.0
4601.29.80,46012980,9903.88.03,25.0
4601.29.90,46012990,9903.88.03,25.0
4601.92.05,46019205,9903.88.03,25.0
4601.92.20,46019220,9903.88.03,25.0
4601.93.01,46019301,9903.88.03,25.0
4601.93.05,46019305,9903.88.03,25.0
4601.93.20,46019320,9903.88.03,25.0
4601.94.05,46019405,9903.88.03,25.0
4601.94.20,46019420,9903.88.03,25.0
4601.94.40,46019440,9903.88.03,25.0
4601.99.05,46019905,9903.88.03,25.0
4601.99.90,46019990,9903.88.03,25.0
4602-11-05 00:00:00,4602-11-05 00:00:00,9903.88.03,25.0
4602-11-07 00:00:00,4602-11-07 00:00:00,9903.88.03,25.0
4602-11-09 00:00:00,4602-11-09 00:00:00,9903.88.03,25.0
4602-11-21 00:00:00,4602-11-21 00:00:00,9903.88.03,25.0
4602.11.35,46021135,9903.88.03,25.0
4602.11.45,46021145,9903.88.03,25.0
4602-12-05 00:00:00,4602-12-05 00:00:00,9903.88.03,25.0
4602-12-14 00:00:00,4602-12-14 00:00:00,9903.88.03,25.0
4602-12-16 00:00:00,4602-12-16 00:00:00,9903.88.03,25.0
4602-12-23 00:00:00,4602-12-23 00:00:00,9903.88.03,25.0
4602-12-25 00:00:00,4602-12-25 00:00:00,9903.88.03,25.0
4602.12.35,46021235,9903.88.03,25.0
4602.12.45,46021245,9903.88.03,25.0
4602.19.05,46021905,9903.88.03,25.0
4602.19.12,46021912,9903.88.03,25.0
4602.19.14,46021914,9903.88.03,25.0
4602.19.16,46021916,9903.88.03,25.0
4602.19.17,46021917,9903.88.03,25.0
4602.19.18,46021918,9903.88.03,25.0
4602.19.22,46021922,9903.88.03,25.0
4602.19.23,46021923,9903.88.03,25.0
4602.19.25,46021925,9903.88.03,25.0
4602.19.29,46021929,9903.88.03,25.0
4602.19.35,46021935,9903.88.03,25.0
4602.19.45,46021945,9903.88.03,25.0
4602.19.60,46021960,9903.88.03,25.0
4602.19.80,46021980,9903.88.03,25.0
4602.90.00,46029000,9903.88.03,25.0
4701.00.00,47010000,9903.88.03,25.0
4702.00.00,47020000,9903.88.03,25.0
4703.11.00,47031100,9903.88.03,25.0
4703.19.00,47031900,9903.88.03,25.0
4703.21.00,47032100,9903.88.03,25.0
4703.29.00,47032900,9903.88.03,25.0
4704.11.00,47041100,9903.88.03,25.0
4704.19.00,47041900,9903.88.03,25.0
4704.21.00,47042100,9903.88.03,25.0
4704.29.00,47042900,9903.88.03,25.0
4705.00.00,47050000,9903.88.03,25.0
4706.10.00,47061000,9903.88.03,25.0
4706.20.00,47062000,9903.88.03,25.0
4706.30.00,47063000,9903.88.03,25.0
4706.91.00,47069100,9903.88.03,25.0
4706.92.01,47069201,9903.88.03,25.0
4706.93.01,47069301,9903.88.03,25.0
4707.10.00,47071000,9903.88.03,25.0
4707.20.00,47072000,9903.88.03,25.0
4707.30.00,47073000,9903.88.03,25.0
4707.90.00,47079000,9903.88.03,25.0
4801.00.01,48010001,9903.88.03,25.0
4802.10.00,48021000,9903.88.03,25.0
4802.20.10,48022010,9903.88.03,25.0
4802.20.20,48022020,9903.88.03,25.0
4802.20.40,48022040,9903.88.03,25.0
4802.40.00,48024000,9903.88.03,25.0
4802.54.10,48025410,9903.88.03,25.0
4802.54.20,48025420,9903.88.03,25.0
4802.54.31,48025431,9903.88.03,25.0
4802.54.50,48025450,9903.88.03,25.0
4802.54.61,48025461,9903.88.03,25.0
4802.55.10,48025510,9903.88.03,25.0
4802.55.20,48025520,9903.88.03,25.0
4802.55.30,48025530,9903.88.03,25.0
4802.55.40,48025540,9903.88.03,25.0
4802.55.60,48025560,9903.88.03,25.0
4802.55.70,48025570,9903.88.03,25.0
4802.56.10,48025610,9903.88.03,25.0
4802.56.20,48025620,9903.88.03,25.0
4802.56.30,48025630,9903.88.03,25.0
4802.56.40,48025640,9903.88.03,25.0
4802.56.60,48025660,9903.88.03,25.0
4802.56.70,48025670,9903.88.03,25.0
4802.57.10,48025710,9903.88.03,25.0
4802.57.20,48025720,9903.88.03,25.0
4802.57.30,48025730,9903.88.03,25.0
4802.57.40,48025740,9903.88.03,25.0
4802.58.10,48025810,9903.88.03,25.0
4802.58.20,48025820,9903.88.03,25.0
4802.58.50,48025850,9903.88.03,25.0
4802.58.60,48025860,9903.88.03,25.0
4802.61.10,48026110,9903.88.03,25.0
4802.61.20,48026120,9903.88.03,25.0
4802.61.31,48026131,9903.88.03,25.0
4802.61.50,48026150,9903.88.03,25.0
4802.61.60,48026160,9903.88.03,25.0
4802.62.10,48026210,9903.88.03,25.0
4802.62.20,48026220,9903.88.03,25.0
4802.62.30,48026230,9903.88.03,25.0
4802.62.50,48026250,9903.88.03,25.0
4802.62.61,48026261,9903.88.03,25.0
4802.69.10,48026910,9903.88.03,25.0
4802.69.20,48026920,9903.88.03,25.0
4802.69.30,48026930,9903.88.03,25.0
4803.00.20,48030020,9903.88.03,25.0
4803.00.40,48030040,9903.88.03,25.0
4804.11.00,48041100,9903.88.03,25.0
4804.19.00,48041900,9903.88.03,25.0
4804.21.00,48042100,9903.88.03,25.0
4804.29.00,48042900,9903.88.03,25.0
4804.31.10,48043110,9903.88.03,25.0
4804.31.20,48043120,9903.88.03,25.0
4804.31.40,48043140,9903.88.03,25.0
4804.31.60,48043160,9903.88.03,25.0
4804.39.20,48043920,9903.88.03,25.0
4804.39.40,48043940,9903.88.03,25.0
4804.39.60,48043960,9903.88.03,25.0
4804.41.20,48044120,9903.88.03,25.0
4804.41.40,48044140,9903.88.03,25.0
4804.42.00,48044200,9903.88.03,25.0
4804.49.00,48044900,9903.88.03,25.0
4804.51.00,48045100,9903.88.03,25.0
4804.52.00,48045200,9903.88.03,25.0
4804.59.00,48045900,9903.88.03,25.0
4805.11.00,48051100,9903.88.03,25.0
4805-12-10 00:00:00,4805-12-10 00:00:00,9903.88.03,25.0
4805-12-20 00:00:00,4805-12-20 00:00:00,9903.88.03,25.0
4805.19.10,48051910,9903.88.03,25.0
4805.19.20,48051920,9903.88.03,25.0
4805.24.50,48052450,9903.88.03,25.0
4805.24.70,48052470,9903.88.03,25.0
4805.24.90,48052490,9903.88.03,25.0
4805.25.00,48052500,9903.88.03,25.0
4805.30.00,48053000,9903.88.03,25.0
4805.40.00,48054000,9903.88.03,25.0
4805.50.00,48055000,9903.88.03,25.0
4805.91.10,48059110,9903.88.03,25.0
4805.91.20,48059120,9903.88.03,25.0
4805.91.50,48059150,9903.88.03,25.0
4805.91.70,48059170,9903.88.03,25.0
4805.91.90,48059190,9903.88.03,25.0
4805.92.20,48059220,9903.88.03,25.0
4805.92.40,48059240,9903.88.03,25.0
4805.93.20,48059320,9903.88.03,25.0
4805.93.40,48059340,9903.88.03,25.0
4806.10.00,48061000,9903.88.03,25.0
4806.20.00,48062000,9903.88.03,25.0
4806.30.00,48063000,9903.88.03,25.0
4806.40.00,48064000,9903.88.03,25.0
4807.00.10,48070010,9903.88.03,25.0
4807.00.91,48070091,9903.88.03,25.0
4807.00.92,48070092,9903.88.03,25.0
4807.00.94,48070094,9903.88.03,25.0
4808.10.00,48081000,9903.88.03,25.0
4808.40.00,48084000,9903.88.03,25.0
4808.90.20,48089020,9903.88.03,25.0
4808.90.40,48089040,9903.88.03,25.0
4808.90.60,48089060,9903.88.03,25.0
4809.20.20,48092020,9903.88.03,25.0
4809.20.40,48092040,9903.88.03,25.0
4809.90.20,48099020,9903.88.03,25.0
4809.90.40,48099040,9903.88.03,25.0
4809.90.60,48099060,9903.88.03,25.0
4809.90.71,48099071,9903.88.03,25.0
4809.90.80,48099080,9903.88.03,25.0
4810.13.11,48101311,9903.88.03,25.0
4810.13.13,48101313,9903.88.03,25.0
4810.13.19,48101319,9903.88.03,25.0
4810.13.20,48101320,9903.88.03,25.0
4810.13.50,48101350,9903.88.03,25.0
4810.13.60,48101360,9903.88.03,25.0
4810.13.70,48101370,9903.88.03,25.0
4810.14.11,48101411,9903.88.03,25.0
4810.14.13,48101413,9903.88.03,25.0
4810.14.19,48101419,9903.88.03,25.0
4810.14.20,48101420,9903.88.03,25.0
4810.14.50,48101450,9903.88.03,25.0
4810.14.60,48101460,9903.88.03,25.0
4810.14.70,48101470,9903.88.03,25.0
4810.19.11,48101911,9903.88.03,25.0
4810.19.13,48101913,9903.88.03,25.0
4810.19.19,48101919,9903.88.03,25.0
4810.19.20,48101920,9903.88.03,25.0
4810.22.10,48102210,9903.88.03,25.0
4810.22.50,48102250,9903.88.03,25.0
4810.22.60,48102260,9903.88.03,25.0
4810.22.70,48102270,9903.88.03,25.0
4810.29.10,48102910,9903.88.03,25.0
4810.29.50,48102950,9903.88.03,25.0
4810.29.60,48102960,9903.88.03,25.0
4810.29.70,48102970,9903.88.03,25.0
4810.31.10,48103110,9903.88.03,25.0
4810.31.30,48103130,9903.88.03,25.0
4810.31.65,48103165,9903.88.03,25.0
4810.32.10,48103210,9903.88.03,25.0
4810.32.30,48103230,9903.88.03,25.0
4810.32.65,48103265,9903.88.03,25.0
4810.39.12,48103912,9903.88.03,25.0
4810.39.14,48103914,9903.88.03,25.0
4810.39.30,48103930,9903.88.03,25.0
4810.39.65,48103965,9903.88.03,25.0
4810.92.12,48109212,9903.88.03,25.0
4810.92.14,48109214,9903.88.03,25.0
4810.92.30,48109230,9903.88.03,25.0
4810.92.65,48109265,9903.88.03,25.0
4810.99.10,48109910,9903.88.03,25.0
4810.99.30,48109930,9903.88.03,25.0
4810.99.65,48109965,9903.88.03,25.0
4811-10-11 00:00:00,4811-10-11 00:00:00,9903.88.03,25.0
4811-10-21 00:00:00,4811-10-21 00:00:00,9903.88.03,25.0
4811.41.10,48114110,9903.88.03,25.0
4811.41.21,48114121,9903.88.03,25.0
4811.41.30,48114130,9903.88.03,25.0
4811.49.10,48114910,9903.88.03,25.0
4811.49.21,48114921,9903.88.03,25.0
4811.49.30,48114930,9903.88.03,25.0
4811.51.20,48115120,9903.88.03,25.0
4811.51.40,48115140,9903.88.03,25.0
4811.51.60,48115160,9903.88.03,25.0
4811.59.20,48115920,9903.88.03,25.0
4811.59.40,48115940,9903.88.03,25.0
4811.59.60,48115960,9903.88.03,25.0
4811.60.40,48116040,9903.88.03,25.0
4811.60.60,48116060,9903.88.03,25.0
4811.90.10,48119010,9903.88.03,25.0
4811.90.20,48119020,9903.88.03,25.0
4811.90.30,48119030,9903.88.03,25.0
4811.90.40,48119040,9903.88.03,25.0
4811.90.60,48119060,9903.88.03,25.0
4811.90.80,48119080,9903.88.03,25.0
4811.90.90,48119090,9903.88.03,25.0
4812.00.00,48120000,9903.88.03,25.0
4813.10.00,48131000,9903.88.03,25.0
4813.20.00,48132000,9903.88.03,25.0
4813.90.00,48139000,9903.88.03,25.0
4814.20.00,48142000,9903.88.15,7.5
4814.90.02,48149002,9903.88.15,7.5
4816.20.00,48162000,9903.88.03,25.0
4816.90.01,48169001,9903.88.03,25.0
4817.10.00,48171000,9903.88.03,25.0
4817.20.20,48172020,9903.88.03,25.0
4817.20.40,48172040,9903.88.03,25.0
4817.30.00,48173000,9903.88.03,25.0
4818.10.00,48181000,9903.88.03,25.0
4818.20.00,48182000,9903.88.03,25.0
4818.30.00,48183000,9903.88.03,25.0
4818.50.00,48185000,9903.88.03,25.0
4818.90.00,48189000,9903.88.15,7.5
4819.10.00,48191000,9903.88.03,25.0
4819.20.00,48192000,9903.88.03,25.0
4819.30.00,48193000,9903.88.03,25.0
4819.40.00,48194000,9903.88.03,25.0
4819.50.20,48195020,9903.88.03,25.0
4819.50.30,48195030,9903.88.03,25.0
4819.50.40,48195040,9903.88.03,25.0
4819.60.00,48196000,9903.88.03,25.0
4820-10-20 00:00:00,4820-10-20 00:00:00,9903.88.03,25.0
4820.10.40,48201040,9903.88.03,25.0
4820.20.00,48202000,9903.88.03,25.0
4820.30.00,48203000,9903.88.03,25.0
4820.40.00,48204000,9903.88.03,25.0
4820.50.00,48205000,9903.88.03,25.0
4820.90.00,48209000,9903.88.03,25.0
4821-10-20 00:00:00,4821-10-20 00:00:00,9903.88.03,25.0
4821.10.40,48211040,9903.88.03,25.0
4821.90.20,48219020,9903.88.03,25.0
4821.90.40,48219040,9903.88.03,25.0
4822.10.00,48221000,9903.88.03,25.0
4822.90.00,48229000,9903.88.03,25.0
4823.20.10,48232010,9903.88.03,25.0
4823.20.90,48232090,9903.88.03,25.0
4823.40.00,48234000,9903.88.03,25.0
4823.61.00,48236100,9903.88.03,25.0
4823.69.00,48236900,9903.88.03,25.0
4823.70.00,48237000,9903.88.03,25.0
4823.90.10,48239010,9903.88.03,25.0
4823.90.20,48239020,9903.88.03,25.0
4823.90.31,48239031,9903.88.03,25.0
4823.90.40,48239040,9903.88.03,25.0
4823.90.50,48239050,9903.88.03,25.0
4823.90.60,48239060,9903.88.03,25.0
4823.90.67,48239067,9903.88.03,25.0
4823.90.70,48239070,9903.88.03,25.0
4823.90.80,48239080,9903.88.03,25.0
4823.90.86,48239086,9903.88.03,25.0
4901.10.00,49011000,9903.88.15,7.5
4901.91.00,49019100,9903.88.15,7.5
4901.99.0010,4901990010,9903.88.15,7.5
4901.99.0020,4901990020,9903.88.15,7.5
4901.99.0030,4901990030,9903.88.15,7.5
4901.99.0050,4901990050,9903.88.15,7.5
4901.99.0060,4901990060,9903.88.15,7.5
4901.99.0065,4901990065,9903.88.15,7.5
4901.99.0070,4901990070,9903.88.15,7.5
4901.99.0075,4901990075,9903.88.15,7.5
4901.99.0091,4901990091,9903.88.15,7.5
4901.99.0092,4901990092,9903.88.15,7.5
4901.99.0093,4901990093,9903.88.15,7.5
4902.10.00,49021000,9903.88.15,7.5
4902.90.10,49029010,9903.88.15,7.5
4902.90.20,49029020,9903.88.15,7.5
4904.00.00,49040000,9903.88.15,7.5
4905.20.00,49052000,9903.88.15,7.5
4905.90.20,49059020,9903.88.15,7.5
4905.90.60,49059060,9903.88.15,7.5
4906.00.00,49060000,9903.88.15,7.5
4907.00.00,49070000,9903.88.15,7.5
4908.10.00,49081000,9903.88.15,7.5
4908.90.00,49089000,9903.88.15,7.5
4909.00.20,49090020,9903.88.15,7.5
4910.00.40,49100040,9903.88.15,7.5
4910.00.60,49100060,9903.88.15,7.5
4911.10.00,49111000,9903.88.15,7.5
4911.91.10,49119110,9903.88.15,7.5
4911.91.15,49119115,9903.88.15,7.5
4911.91.40,49119140,9903.88.15,7.5
4911.99.20,49119920,9903.88.15,7.5
4911.99.60,49119960,9903.88.15,7.5
4911.99.80,49119980,9903.88.15,7.5
5001.00.00,50010000,9903.88.03,25.0
5002.00.00,50020000,9903.88.03,25.0
5003.00.10,50030010,9903.88.03,25.0
5003.00.90,50030090,9903.88.03,25.0
5004.00.00,50040000,9903.88.03,25.0
5005.00.00,50050000,9903.88.03,25.0
5006.00.10,50060010,9903.88.03,25.0
5006.00.90,50060090,9903.88.03,25.0
5007-10-30 00:00:00,5007-10-30 00:00:00,9903.88.03,25.0
5007.10.60,50071060,9903.88.03,25.0
5007.20.00,50072000,9903.88.03,25.0
5007.90.30,50079030,9903.88.03,25.0
5007.90.60,50079060,9903.88.03,25.0
5101-11-10 00:00:00,5101-11-10 00:00:00,9903.88.03,25.0
5101-11-20 00:00:00,5101-11-20 00:00:00,9903.88.03,25.0
5101.11.40,51011140,9903.88.03,25.0
5101.11.50,51011150,9903.88.03,25.0
5101.11.60,51011160,9903.88.03,25.0
5101.19.10,51011910,9903.88.03,25.0
5101.19.20,51011920,9903.88.03,25.0
5101.19.40,51011940,9903.88.03,25.0
5101.19.50,51011950,9903.88.03,25.0
5101.19.60,51011960,9903.88.03,25.0
5101.21.10,51012110,9903.88.03,25.0
5101.21.15,51012115,9903.88.03,25.0
5101.21.30,51012130,9903.88.03,25.0
5101.21.35,51012135,9903.88.03,25.0
5101.21.40,51012140,9903.88.03,25.0
5101.21.65,51012165,9903.88.03,25.0
5101.21.70,51012170,9903.88.03,25.0
5101.29.10,51012910,9903.88.03,25.0
5101.29.15,51012915,9903.88.03,25.0
5101.29.30,51012930,9903.88.03,25.0
5101.29.35,51012935,9903.88.03,25.0
5101.29.40,51012940,9903.88.03,25.0
5101.29.65,51012965,9903.88.03,25.0
5101.29.70,51012970,9903.88.03,25.0
5101.30.10,51013010,9903.88.03,25.0
5101.30.15,51013015,9903.88.03,25.0
5101.30.30,51013030,9903.88.03,25.0
5101.30.40,51013040,9903.88.03,25.0
5101.30.65,51013065,9903.88.03,25.0
5101.30.70,51013070,9903.88.03,25.0
5102-11-10 00:00:00,5102-11-10 00:00:00,9903.88.03,25.0
5102.11.90,51021190,9903.88.03,25.0
5102.19.20,51021920,9903.88.03,25.0
5102.19.60,51021960,9903.88.03,25.0
5102.19.80,51021980,9903.88.03,25.0
5102.19.90,51021990,9903.88.03,25.0
5102.20.00,51022000,9903.88.03,25.0
5103.10.00,51031000,9903.88.03,25.0
5103.20.00,51032000,9903.88.03,25.0
5103.30.00,51033000,9903.88.03,25.0
5104.00.00,51040000,9903.88.03,25.0
5105.10.00,51051000,9903.88.03,25.0
5105.21.00,51052100,9903.88.03,25.0
5105.29.00,51052900,9903.88.03,25.0
5105.31.00,51053100,9903.88.03,25.0
5105.39.00,51053900,9903.88.03,25.0
5105.40.00,51054000,9903.88.03,25.0
5106.10.00,51061000,9903.88.03,25.0
5106.20.00,51062000,9903.88.03,25.0
5107-10-30 00:00:00,5107-10-30 00:00:00,9903.88.03,25.0
5107.10.60,51071060,9903.88.03,25.0
5107.20.30,51072030,9903.88.03,25.0
5107.20.60,51072060,9903.88.03,25.0
5108-10-30 00:00:00,5108-10-30 00:00:00,9903.88.03,25.0
5108.10.40,51081040,9903.88.03,25.0
5108.10.80,51081080,9903.88.03,25.0
5108.20.30,51082030,9903.88.03,25.0
5108.20.40,51082040,9903.88.03,25.0
5108.20.80,51082080,9903.88.03,25.0
5109-10-20 00:00:00,5109-10-20 00:00:00,9903.88.03,25.0
5109.10.40,51091040,9903.88.03,25.0
5109.10.80,51091080,9903.88.03,25.0
5109.10.90,51091090,9903.88.03,25.0
5109.90.20,51099020,9903.88.03,25.0
5109.90.40,51099040,9903.88.03,25.0
5109.90.80,51099080,9903.88.03,25.0
5109.90.90,51099090,9903.88.03,25.0
5110.00.00,51100000,9903.88.03,25.0
5111-11-20 00:00:00,5111-11-20 00:00:00,9903.88.03,25.0
5111-11-30 00:00:00,5111-11-30 00:00:00,9903.88.03,25.0
5111.11.70,51111170,9903.88.03,25.0
5111.19.10,51111910,9903.88.03,25.0
5111.19.20,51111920,9903.88.03,25.0
5111.19.60,51111960,9903.88.03,25.0
5111.20.05,51112005,9903.88.03,25.0
5111.20.10,51112010,9903.88.03,25.0
5111.20.90,51112090,9903.88.03,25.0
5111.30.05,51113005,9903.88.03,25.0
5111.30.10,51113010,9903.88.03,25.0
5111.30.90,51113090,9903.88.03,25.0
5111.90.30,51119030,9903.88.03,25.0
5111.90.40,51119040,9903.88.03,25.0
5111.90.50,51119050,9903.88.03,25.0
5111.90.90,51119090,9903.88.03,25.0
5112-11-10 00:00:00,5112-11-10 00:00:00,9903.88.03,25.0
5112-11-30 00:00:00,5112-11-30 00:00:00,9903.88.03,25.0
5112.11.60,51121160,9903.88.03,25.0
5112.19.20,51121920,9903.88.03,25.0
5112.19.60,51121960,9903.88.03,25.0
5112.19.95,51121995,9903.88.03,25.0
5112.20.10,51122010,9903.88.03,25.0
5112.20.20,51122020,9903.88.03,25.0
5112.20.30,51122030,9903.88.03,25.0
5112.30.10,51123010,9903.88.03,25.0
5112.30.20,51123020,9903.88.03,25.0
5112.30.30,51123030,9903.88.03,25.0
5112.90.30,51129030,9903.88.03,25.0
5112.90.40,51129040,9903.88.03,25.0
5112.90.50,51129050,9903.88.03,25.0
5112.90.90,51129090,9903.88.03,25.0
5113.00.00,51130000,9903.88.03,25.0
5201.00.05,52010005,9903.88.03,25.0
5201.00.12,52010012,9903.88.03,25.0
5201.00.14,52010014,9903.88.03,25.0
5201.00.18,52010018,9903.88.03,25.0
5201.00.22,52010022,9903.88.03,25.0
5201.00.24,52010024,9903.88.03,25.0
5201.00.28,52010028,9903.88.03,25.0
5201.00.34,52010034,9903.88.03,25.0
5201.00.38,52010038,9903.88.03,25.0
5201.00.55,52010055,9903.88.03,25.0
5201.00.60,52010060,9903.88.03,25.0
5201.00.80,52010080,9903.88.03,25.0
5202.10.00,52021000,9903.88.03,25.0
5202.91.00,52029100,9903.88.03,25.0
5202.99.05,52029905,9903.88.03,25.0
5202.99.10,52029910,9903.88.03,25.0
5202.99.30,52029930,9903.88.03,25.0
5202.99.50,52029950,9903.88.03,25.0
5203.00.05,52030005,9903.88.03,25.0
5203.00.10,52030010,9903.88.03,25.0
5203.00.30,52030030,9903.88.03,25.0
5203.00.50,52030050,9903.88.03,25.0
5204.11.00,52041100,9903.88.03,25.0
5204.19.00,52041900,9903.88.03,25.0
5204.20.00,52042000,9903.88.03,25.0
5205-11-10 00:00:00,5205-11-10 00:00:00,9903.88.03,25.0
5205-11-20 00:00:00,5205-11-20 00:00:00,9903.88.03,25.0
5205-12-10 00:00:00,5205-12-10 00:00:00,9903.88.03,25.0
5205-12-20 00:00:00,5205-12-20 00:00:00,9903.88.03,25.0
5205.13.10,52051310,9903.88.03,25.0
5205.13.20,52051320,9903.88.03,25.0
5205.14.10,52051410,9903.88.03,25.0
5205.14.20,52051420,9903.88.03,25.0
5205.15.10,52051510,9903.88.03,25.0
5205.15.20,52051520,9903.88.03,25.0
5205.21.00,52052100,9903.88.03,25.0
5205.22.00,52052200,9903.88.03,25.0
5205.23.00,52052300,9903.88.03,25.0
5205.24.00,52052400,9903.88.03,25.0
5205.26.00,52052600,9903.88.03,25.0
5205.27.00,52052700,9903.88.03,25.0
5205.28.00,52052800,9903.88.03,25.0
5205.31.00,52053100,9903.88.03,25.0
5205.32.00,52053200,9903.88.03,25.0
5205.33.00,52053300,9903.88.03,25.0
5205.34.00,52053400,9903.88.03,25.0
5205.35.00,52053500,9903.88.03,25.0
5205.41.00,52054100,9903.88.03,25.0
5205.42.00,52054200,9903.88.03,25.0
5205.43.00,52054300,9903.88.03,25.0
5205.44.00,52054400,9903.88.03,25.0
5205.46.00,52054600,9903.88.03,25.0
5205.47.00,52054700,9903.88.03,25.0
5205.48.00,52054800,9903.88.03,25.0
5206.11.00,52061100,9903.88.03,25.0
5206.12.00,52061200,9903.88.03,25.0
5206.13.00,52061300,9903.88.03,25.0
5206.14.00,52061400,9903.88.03,25.0
5206.15.00,52061500,9903.88.03,25.0
5206.21.00,52062100,9903.88.03,25.0
5206.22.00,52062200,9903.88.03,25.0
5206.23.00,52062300,9903.88.03,25.0
5206.24.00,52062400,9903.88.03,25.0
5206.25.00,52062500,9903.88.03,25.0
5206.31.00,52063100,9903.88.03,25.0
5206.32.00,52063200,9903.88.03,25.0
5206.33.00,52063300,9903.88.03,25.0
5206.34.00,52063400,9903.88.03,25.0
5206.35.00,52063500,9903.88.03,25.0
5206.41.00,52064100,9903.88.03,25.0
5206.42.00,52064200,9903.88.03,25.0
5206.43.00,52064300,9903.88.03,25.0
5206.44.00,52064400,9903.88.03,25.0
5206.45.00,52064500,9903.88.03,25.0
5207.10.00,52071000,9903.88.03,25.0
5207.90.00,52079000,9903.88.03,25.0
5208-11-20 00:00:00,5208-11-20 00:00:00,9903.88.03,25.0
5208.11.40,52081140,9903.88.03,25.0
5208.11.60,52081160,9903.88.03,25.0
5208.11.80,52081180,9903.88.03,25.0
5208.12.40,52081240,9903.88.03,25.0
5208.12.60,52081260,9903.88.03,25.0
5208.12.80,52081280,9903.88.03,25.0
5208.13.00,52081300,9903.88.03,25.0
5208.19.20,52081920,9903.88.03,25.0
5208.19.40,52081940,9903.88.03,25.0
5208.19.60,52081960,9903.88.03,25.0
5208.19.80,52081980,9903.88.03,25.0
5208.21.20,52082120,9903.88.03,25.0
5208.21.40,52082140,9903.88.03,25.0
5208.21.60,52082160,9903.88.03,25.0
5208.22.40,52082240,9903.88.03,25.0
5208.22.60,52082260,9903.88.03,25.0
5208.22.80,52082280,9903.88.03,25.0
5208.23.00,52082300,9903.88.03,25.0
5208.29.20,52082920,9903.88.03,25.0
5208.29.40,52082940,9903.88.03,25.0
5208.29.60,52082960,9903.88.03,25.0
5208.29.80,52082980,9903.88.03,25.0
5208.31.20,52083120,9903.88.03,25.0
5208.31.40,52083140,9903.88.03,25.0
5208.31.60,52083160,9903.88.03,25.0
5208.31.80,52083180,9903.88.03,25.0
5208.32.10,52083210,9903.88.03,25.0
5208.32.30,52083230,9903.88.03,25.0
5208.32.40,52083240,9903.88.03,25.0
5208.32.50,52083250,9903.88.03,25.0
5208.33.00,52083300,9903.88.03,25.0
5208.39.20,52083920,9903.88.03,25.0
5208.39.40,52083940,9903.88.03,25.0
5208.39.60,52083960,9903.88.03,25.0
5208.39.80,52083980,9903.88.03,25.0
5208.41.20,52084120,9903.88.03,25.0
5208.41.40,52084140,9903.88.03,25.0
5208.41.60,52084160,9903.88.03,25.0
5208.41.80,52084180,9903.88.03,25.0
5208.42.10,52084210,9903.88.03,25.0
5208.42.30,52084230,9903.88.03,25.0
5208.42.40,52084240,9903.88.03,25.0
5208.42.50,52084250,9903.88.03,25.0
5208.43.00,52084300,9903.88.03,25.0
5208.49.20,52084920,9903.88.03,25.0
5208.49.40,52084940,9903.88.03,25.0
5208.49.60,52084960,9903.88.03,25.0
5208.49.80,52084980,9903.88.03,25.0
5208.51.20,52085120,9903.88.03,25.0
5208.51.40,52085140,9903.88.03,25.0
5208.51.60,52085160,9903.88.03,25.0
5208.51.80,52085180,9903.88.03,25.0
5208.52.10,52085210,9903.88.03,25.0
5208.52.30,52085230,9903.88.03,25.0
5208.52.40,52085240,9903.88.03,25.0
5208.52.50,52085250,9903.88.03,25.0
5208.59.10,52085910,9903.88.03,25.0
5208.59.20,52085920,9903.88.03,25.0
5208.59.40,52085940,9903.88.03,25.0
5208.59.60,52085960,9903.88.03,25.0
5208.59.80,52085980,9903.88.03,25.0
5209.11.00,52091100,9903.88.03,25.0
5209.12.00,52091200,9903.88.03,25.0
5209.19.00,52091900,9903.88.03,25.0
5209.21.00,52092100,9903.88.03,25.0
5209.22.00,52092200,9903.88.03,25.0
5209.29.00,52092900,9903.88.03,25.0
5209.31.30,52093130,9903.88.03,25.0
5209.31.60,52093160,9903.88.03,25.0
5209.32.00,52093200,9903.88.03,25.0
5209.39.00,52093900,9903.88.03,25.0
5209.41.30,52094130,9903.88.03,25.0
5209.41.60,52094160,9903.88.03,25.0
5209.42.00,52094200,9903.88.03,25.0
5209.43.00,52094300,9903.88.03,25.0
5209.49.00,52094900,9903.88.03,25.0
5209.51.30,52095130,9903.88.03,25.0
5209.51.60,52095160,9903.88.03,25.0
5209.52.00,52095200,9903.88.03,25.0
5209.59.00,52095900,9903.88.03,25.0
5210.11.40,52101140,9903.88.15,7.5
5210.11.60,52101160,9903.88.15,7.5
5210.11.80,52101180,9903.88.03,25.0
5210.19.20,52101920,9903.88.03,25.0
5210.19.40,52101940,9903.88.03,25.0
5210.19.60,52101960,9903.88.03,25.0
5210.19.80,52101980,9903.88.03,25.0
5210.21.40,52102140,9903.88.03,25.0
5210.21.60,52102160,9903.88.03,25.0
5210.21.80,52102180,9903.88.03,25.0
5210.29.10,52102910,9903.88.03,25.0
5210.29.20,52102920,9903.88.03,25.0
5210.29.40,52102940,9903.88.03,25.0
5210.29.60,52102960,9903.88.03,25.0
5210.29.80,52102980,9903.88.03,25.0
5210.31.40,52103140,9903.88.03,25.0
5210.31.60,52103160,9903.88.03,25.0
5210.31.80,52103180,9903.88.03,25.0
5210.32.00,52103200,9903.88.03,25.0
5210.39.20,52103920,9903.88.03,25.0
5210.39.40,52103940,9903.88.03,25.0
5210.39.60,52103960,9903.88.03,25.0
5210.39.80,52103980,9903.88.03,25.0
5210.41.40,52104140,9903.88.03,25.0
5210.41.60,52104160,9903.88.03,25.0
5210.41.80,52104180,9903.88.03,25.0
5210.49.10,52104910,9903.88.03,25.0
5210.49.20,52104920,9903.88.03,25.0
5210.49.40,52104940,9903.88.03,25.0
5210.49.60,52104960,9903.88.03,25.0
5210.49.80,52104980,9903.88.03,25.0
5210.51.40,52105140,9903.88.03,25.0
5210.51.60,52105160,9903.88.03,25.0
5210.51.80,52105180,9903.88.03,25.0
5210.59.10,52105910,9903.88.03,25.0
5210.59.20,52105920,9903.88.03,25.0
5210.59.40,52105940,9903.88.03,25.0
5210.59.60,52105960,9903.88.03,25.0
5210.59.80,52105980,9903.88.03,25.0
5211.11.00,52111100,9903.88.03,25.0
5211.12.00,52111200,9903.88.03,25.0
5211.19.00,52111900,9903.88.03,25.0
5211.20.21,52112021,9903.88.03,25.0
5211.20.22,52112022,9903.88.03,25.0
5211.20.29,52112029,9903.88.03,25.0
5211.31.00,52113100,9903.88.03,25.0
5211.32.00,52113200,9903.88.03,25.0
5211.39.00,52113900,9903.88.03,25.0
5211.41.00,52114100,9903.88.03,25.0
5211.42.00,52114200,9903.88.03,25.0
5211.43.00,52114300,9903.88.03,25.0
5211.49.00,52114900,9903.88.03,25.0
5211.51.00,52115100,9903.88.03,25.0
5211.52.00,52115200,9903.88.03,25.0
5211.59.00,52115900,9903.88.03,25.0
5212-11-10 00:00:00,5212-11-10 00:00:00,9903.88.03,25.0
5212.11.60,52121160,9903.88.03,25.0
5212-12-10 00:00:00,5212-12-10 00:00:00,9903.88.03,25.0
5212.12.60,52121260,9903.88.03,25.0
5212.13.10,52121310,9903.88.03,25.0
5212.13.60,52121360,9903.88.03,25.0
5212.14.10,52121410,9903.88.03,25.0
5212.14.60,52121460,9903.88.03,25.0
5212.15.10,52121510,9903.88.03,25.0
5212.15.60,52121560,9903.88.03,25.0
5212.21.10,52122110,9903.88.03,25.0
5212.21.60,52122160,9903.88.03,25.0
5212.22.10,52122210,9903.88.03,25.0
5212.22.60,52122260,9903.88.03,25.0
5212.23.10,52122310,9903.88.03,25.0
5212.23.60,52122360,9903.88.03,25.0
5212.24.10,52122410,9903.88.03,25.0
5212.24.60,52122460,9903.88.03,25.0
5212.25.10,52122510,9903.88.03,25.0
5212.25.60,52122560,9903.88.03,25.0
5301.10.00,53011000,9903.88.03,25.0
5301.21.00,53012100,9903.88.03,25.0
5301.29.00,53012900,9903.88.03,25.0
5301.30.00,53013000,9903.88.03,25.0
5302.10.00,53021000,9903.88.03,25.0
5302.90.00,53029000,9903.88.03,25.0
5303.10.00,53031000,9903.88.03,25.0
5303.90.00,53039000,9903.88.03,25.0
5305.00.00,53050000,9903.88.03,25.0
5306.10.00,53061000,9903.88.03,25.0
5306.20.00,53062000,9903.88.03,25.0
5307.10.00,53071000,9903.88.03,25.0
5307.20.00,53072000,9903.88.03,25.0
5308.10.00,53081000,9903.88.03,25.0
5308.20.00,53082000,9903.88.03,25.0
5308.90.10,53089010,9903.88.03,25.0
5308.90.90,53089090,9903.88.15,7.5
5309.11.00,53091100,9903.88.03,25.0
5309.19.00,53091900,9903.88.03,25.0
5309.21.20,53092120,9903.88.03,25.0
5309.21.30,53092130,9903.88.03,25.0
5309.21.40,53092140,9903.88.03,25.0
5309.29.20,53092920,9903.88.03,25.0
5309.29.30,53092930,9903.88.03,25.0
5309.29.40,53092940,9903.88.03,25.0
5310.10.00,53101000,9903.88.03,25.0
5310.90.00,53109000,9903.88.03,25.0
5311.00.20,53110020,9903.88.03,25.0
5311.00.30,53110030,9903.88.03,25.0
5311.00.40,53110040,9903.88.03,25.0
5311.00.60,53110060,9903.88.03,25.0
5401.10.00,54011000,9903.88.03,25.0
5401.20.00,54012000,9903.88.03,25.0
5402-11-30 00:00:00,5402-11-30 00:00:00,9903.88.03,25.0
5402.11.60,54021160,9903.88.03,25.0
5402.19.30,54021930,9903.88.03,25.0
5402.19.60,54021960,9903.88.03,25.0
5402.20.30,54022030,9903.88.03,25.0
5402.31.30,54023130,9903.88.03,25.0
5402.31.60,54023160,9903.88.03,25.0
5402.32.30,54023230,9903.88.03,25.0
5402.32.60,54023260,9903.88.03,25.0
5402.33.30,54023330,9903.88.03,25.0
5402.33.60,54023360,9903.88.03,25.0
5402.34.30,54023430,9903.88.03,25.0
5402.34.60,54023460,9903.88.03,25.0
5402.39.31,54023931,9903.88.03,25.0
5402.39.61,54023961,9903.88.03,25.0
5402.44.00,54024400,9903.88.03,25.0
5402.45.10,54024510,9903.88.03,25.0
5402.45.90,54024590,9903.88.03,25.0
5402.46.00,54024600,9903.88.03,25.0
5402.47.10,54024710,9903.88.03,25.0
5402.47.90,54024790,9903.88.03,25.0
5402.48.00,54024800,9903.88.03,25.0
5402.49.11,54024911,9903.88.03,25.0
5402.49.91,54024991,9903.88.03,25.0
5402.51.00,54025100,9903.88.03,25.0
5402.52.10,54025210,9903.88.03,25.0
5402.52.90,54025290,9903.88.03,25.0
5402.53.00,54025300,9903.88.03,25.0
5402.59.01,54025901,9903.88.03,25.0
5402.61.00,54026100,9903.88.03,25.0
5402.62.00,54026200,9903.88.03,25.0
5402.63.00,54026300,9903.88.03,25.0
5402.69.01,54026901,9903.88.03,25.0
5403-10-30 00:00:00,5403-10-30 00:00:00,9903.88.03,25.0
5403.10.60,54031060,9903.88.03,25.0
5403.31.00,54033100,9903.88.03,25.0
5403.32.00,54033200,9903.88.03,25.0
5403.33.00,54033300,9903.88.03,25.0
5403.39.10,54033910,9903.88.03,25.0
5403.39.90,54033990,9903.88.03,25.0
5403.41.00,54034100,9903.88.03,25.0
5403.42.00,54034200,9903.88.03,25.0
5403.49.10,54034910,9903.88.03,25.0
5403.49.90,54034990,9903.88.03,25.0
5404.11.00,54041100,9903.88.03,25.0
5404-12-10 00:00:00,5404-12-10 00:00:00,9903.88.03,25.0
5404.12.90,54041290,9903.88.03,25.0
5404.19.10,54041910,9903.88.03,25.0
5404.19.80,54041980,9903.88.03,25.0
5404.90.00,54049000,9903.88.03,25.0
5405.00.30,54050030,9903.88.03,25.0
5405.00.60,54050060,9903.88.03,25.0
5406.00.10,54060010,9903.88.03,25.0
5406.00.20,54060020,9903.88.03,25.0
5407.10.00,54071000,9903.88.03,25.0
5407.20.00,54072000,9903.88.03,25.0
5407.30.10,54073010,9903.88.03,25.0
5407.30.90,54073090,9903.88.03,25.0
5407.41.00,54074100,9903.88.03,25.0
5407.42.00,54074200,9903.88.03,25.0
5407.43.10,54074310,9903.88.03,25.0
5407.43.20,54074320,9903.88.03,25.0
5407.44.00,54074400,9903.88.03,25.0
5407.51.00,54075100,9903.88.03,25.0
5407.52.05,54075205,9903.88.03,25.0
5407.52.20,54075220,9903.88.03,25.0
5407.53.10,54075310,9903.88.03,25.0
5407.53.20,54075320,9903.88.03,25.0
5407.54.00,54075400,9903.88.15,7.5
5407.61.11,54076111,9903.88.03,25.0
5407.61.19,54076119,9903.88.03,25.0
5407.61.21,54076121,9903.88.03,25.0
5407.61.29,54076129,9903.88.03,25.0
5407.61.91,54076191,9903.88.03,25.0
5407.61.99,54076199,9903.88.03,25.0
5407.69.10,54076910,9903.88.03,25.0
5407.69.20,54076920,9903.88.03,25.0
5407.69.30,54076930,9903.88.03,25.0
5407.69.40,54076940,9903.88.03,25.0
5407.69.90,54076990,9903.88.03,25.0
5407.71.00,54077100,9903.88.03,25.0
5407.72.00,54077200,9903.88.03,25.0
5407.73.10,54077310,9903.88.03,25.0
5407.73.20,54077320,9903.88.03,25.0
5407.74.00,54077400,9903.88.03,25.0
5407.81.00,54078100,9903.88.03,25.0
5407.82.00,54078200,9903.88.03,25.0
5407.83.00,54078300,9903.88.03,25.0
5407.84.00,54078400,9903.88.03,25.0
5407.91.05,54079105,9903.88.03,25.0
5407.91.10,54079110,9903.88.03,25.0
5407.91.20,54079120,9903.88.03,25.0
5407.92.05,54079205,9903.88.03,25.0
5407.92.10,54079210,9903.88.03,25.0
5407.92.20,54079220,9903.88.03,25.0
5407.93.05,54079305,9903.88.03,25.0
5407.93.10,54079310,9903.88.03,25.0
5407.93.15,54079315,9903.88.03,25.0
5407.93.20,54079320,9903.88.03,25.0
5407.94.05,54079405,9903.88.03,25.0
5407.94.10,54079410,9903.88.03,25.0
5407.94.20,54079420,9903.88.03,25.0
5408.10.00,54081000,9903.88.03,25.0
5408.21.00,54082100,9903.88.03,25.0
5408.22.10,54082210,9903.88.03,25.0
5408.22.90,54082290,9903.88.03,25.0
5408.23.11,54082311,9903.88.03,25.0
5408.23.19,54082319,9903.88.03,25.0
5408.23.21,54082321,9903.88.03,25.0
5408.23.29,54082329,9903.88.03,25.0
5408.24.10,54082410,9903.88.03,25.0
5408.24.90,54082490,9903.88.03,25.0
5408.31.05,54083105,9903.88.03,25.0
5408.31.10,54083110,9903.88.03,25.0
5408.31.20,54083120,9903.88.03,25.0
5408.32.05,54083205,9903.88.03,25.0
5408.32.10,54083210,9903.88.03,25.0
5408.32.30,54083230,9903.88.03,25.0
5408.32.90,54083290,9903.88.03,25.0
5408.33.05,54083305,9903.88.03,25.0
5408.33.10,54083310,9903.88.03,25.0
5408.33.15,54083315,9903.88.03,25.0
5408.33.30,54083330,9903.88.03,25.0
5408.33.90,54083390,9903.88.03,25.0
5408.34.05,54083405,9903.88.03,25.0
5408.34.10,54083410,9903.88.03,25.0
5408.34.30,54083430,9903.88.03,25.0
5408.34.90,54083490,9903.88.03,25.0
5501.11.00,55011100,9903.88.03,25.0
5501.19.00,55011900,9903.88.03,25.0
5501.20.00,55012000,9903.88.03,25.0
5501.30.00,55013000,9903.88.03,25.0
5501.40.00,55014000,9903.88.03,25.0
5501.90.01,55019001,9903.88.03,25.0
5502.10.00,55021000,9903.88.03,25.0
5502.90.00,55029000,9903.88.03,25.0
5503.11.00,55031100,9903.88.03,25.0
5503.19.10,55031910,9903.88.03,25.0
5503.19.90,55031990,9903.88.03,25.0
5503.20.00,55032000,9903.88.03,25.0
5503.30.00,55033000,9903.88.03,25.0
5503.40.00,55034000,9903.88.03,25.0
5503.90.10,55039010,9903.88.03,25.0
5503.90.90,55039090,9903.88.03,25.0
5504.10.00,55041000,9903.88.15,7.5
5504.90.00,55049000,9903.88.03,25.0
5505.10.00,55051000,9903.88.03,25.0
5505.20.00,55052000,9903.88.03,25.0
5506.10.00,55061000,9903.88.03,25.0
5506.20.00,55062000,9903.88.03,25.0
5506.30.00,55063000,9903.88.03,25.0
5506.40.00,55064000,9903.88.03,25.0
5506.90.01,55069001,9903.88.03,25.0
5507.00.00,55070000,9903.88.03,25.0
5508.10.00,55081000,9903.88.03,25.0
5508.20.00,55082000,9903.88.03,25.0
5509.11.00,55091100,9903.88.03,25.0
5509.12.00,55091200,9903.88.03,25.0
5509.21.00,55092100,9903.88.03,25.0
5509.22.00,55092200,9903.88.03,25.0
5509.31.00,55093100,9903.88.03,25.0
5509.32.00,55093200,9903.88.03,25.0
5509.41.00,55094100,9903.88.03,25.0
5509.42.00,55094200,9903.88.03,25.0
5509.51.30,55095130,9903.88.03,25.0
5509.51.60,55095160,9903.88.03,25.0
5509.52.00,55095200,9903.88.03,25.0
5509.53.00,55095300,9903.88.03,25.0
5509.59.00,55095900,9903.88.03,25.0
5509.61.00,55096100,9903.88.03,25.0
5509.62.00,55096200,9903.88.03,25.0
5509.69.20,55096920,9903.88.03,25.0
5509.69.40,55096940,9903.88.03,25.0
5509.69.60,55096960,9903.88.03,25.0
5509.91.00,55099100,9903.88.03,25.0
5509.92.00,55099200,9903.88.03,25.0
5509.99.20,55099920,9903.88.03,25.0
5509.99.40,55099940,9903.88.03,25.0
5509.99.60,55099960,9903.88.03,25.0
5510.11.00,55101100,9903.88.03,25.0
5510.12.00,55101200,9903.88.03,25.0
5510.20.00,55102000,9903.88.03,25.0
5510.30.00,55103000,9903.88.03,25.0
5510.90.20,55109020,9903.88.03,25.0
5510.90.40,55109040,9903.88.03,25.0
5510.90.60,55109060,9903.88.03,25.0
5511.10.00,55111000,9903.88.03,25.0
5511.20.00,55112000,9903.88.03,25.0
5511.30.00,55113000,9903.88.03,25.0
5512.11.00,55121100,9903.88.03,25.0
5512.19.00,55121900,9903.88.03,25.0
5512.21.00,55122100,9903.88.03,25.0
5512.29.00,55122900,9903.88.03,25.0
5512.91.00,55129100,9903.88.03,25.0
5512.99.00,55129900,9903.88.03,25.0
5513.11.00,55131100,9903.88.03,25.0
5513.12.00,55131200,9903.88.03,25.0
5513.13.00,55131300,9903.88.03,25.0
5513.19.00,55131900,9903.88.03,25.0
5513.23.01,55132301,9903.88.03,25.0
5513.29.00,55132900,9903.88.03,25.0
5513.31.00,55133100,9903.88.03,25.0
5513.39.01,55133901,9903.88.03,25.0
5513.41.00,55134100,9903.88.03,25.0
5513.49.10,55134910,9903.88.03,25.0
5513.49.20,55134920,9903.88.03,25.0
5513.49.90,55134990,9903.88.03,25.0
5514.11.00,55141100,9903.88.03,25.0
5514.12.00,55141200,9903.88.03,25.0
5514.19.10,55141910,9903.88.03,25.0
5514.19.90,55141990,9903.88.03,25.0
5514.21.00,55142100,9903.88.03,25.0
5514.22.00,55142200,9903.88.03,25.0
5514.23.00,55142300,9903.88.03,25.0
5514.29.00,55142900,9903.88.03,25.0
5514.30.31,55143031,9903.88.03,25.0
5514.30.32,55143032,9903.88.03,25.0
5514.30.33,55143033,9903.88.03,25.0
5514.30.39,55143039,9903.88.03,25.0
5514.41.00,55144100,9903.88.03,25.0
5514.42.00,55144200,9903.88.03,25.0
5514.43.00,55144300,9903.88.03,25.0
5514.49.00,55144900,9903.88.03,25.0
5515.11.00,55151100,9903.88.03,25.0
5515.12.00,55151200,9903.88.03,25.0
5515.13.05,55151305,9903.88.03,25.0
5515.13.10,55151310,9903.88.03,25.0
5515.19.00,55151900,9903.88.03,25.0
5515.21.00,55152100,9903.88.03,25.0
5515.22.05,55152205,9903.88.03,25.0
5515.22.10,55152210,9903.88.03,25.0
5515.29.00,55152900,9903.88.03,25.0
5515.91.00,55159100,9903.88.03,25.0
5515.99.05,55159905,9903.88.03,25.0
5515.99.10,55159910,9903.88.03,25.0
5515.99.90,55159990,9903.88.03,25.0
5516.11.00,55161100,9903.88.03,25.0
5516.12.00,55161200,9903.88.03,25.0
5516.13.00,55161300,9903.88.03,25.0
5516.14.00,55161400,9903.88.03,25.0
5516.21.00,55162100,9903.88.03,25.0
5516.22.00,55162200,9903.88.03,25.0
5516.23.00,55162300,9903.88.03,25.0
5516.24.00,55162400,9903.88.03,25.0
5516.31.05,55163105,9903.88.03,25.0
5516.31.10,55163110,9903.88.03,25.0
5516.32.05,55163205,9903.88.03,25.0
5516.32.10,55163210,9903.88.03,25.0
5516.33.05,55163305,9903.88.03,25.0
5516.33.10,55163310,9903.88.03,25.0
5516.34.05,55163405,9903.88.03,25.0
5516.34.10,55163410,9903.88.03,25.0
5516.41.00,55164100,9903.88.03,25.0
5516.42.00,55164200,9903.88.03,25.0
5516.43.00,55164300,9903.88.03,25.0
5516.44.00,55164400,9903.88.03,25.0
5516.91.00,55169100,9903.88.03,25.0
5516.92.00,55169200,9903.88.03,25.0
5516.93.00,55169300,9903.88.03,25.0
5516.94.00,55169400,9903.88.03,25.0
5601.21.00,56012100,9903.88.03,25.0
5601.22.00,56012200,9903.88.03,25.0
5601.29.00,56012900,9903.88.03,25.0
5601.30.00,56013000,9903.88.03,25.0
5602-10-10 00:00:00,5602-10-10 00:00:00,9903.88.03,25.0
5602.10.90,56021090,9903.88.03,25.0
5602.21.00,56022100,9903.88.03,25.0
5602.29.00,56022900,9903.88.03,25.0
5602.90.30,56029030,9903.88.03,25.0
5602.90.60,56029060,9903.88.03,25.0
5602.90.90,56029090,9903.88.03,25.0
5603.11.00,56031100,9903.88.03,25.0
5603.12.00,56031200,9903.88.03,25.0
5603.13.00,56031300,9903.88.03,25.0
5603.14.30,56031430,9903.88.03,25.0
5603.14.90,56031490,9903.88.03,25.0
5603.91.00,56039100,9903.88.03,25.0
5603.92.00,56039200,9903.88.03,25.0
5603.93.00,56039300,9903.88.03,25.0
5603.94.10,56039410,9903.88.03,25.0
5603.94.30,56039430,9903.88.03,25.0
5603.94.90,56039490,9903.88.03,25.0
5604.10.00,56041000,9903.88.03,25.0
5604.90.20,56049020,9903.88.03,25.0
5604.90.90,56049090,9903.88.03,25.0
5605.00.10,56050010,9903.88.03,25.0
5605.00.90,56050090,9903.88.03,25.0
5606.00.00,56060000,9903.88.03,25.0
5607.21.00,56072100,9903.88.03,25.0
5607.29.00,56072900,9903.88.03,25.0
5607.41.10,56074110,9903.88.03,25.0
5607.41.30,56074130,9903.88.03,25.0
5607.49.10,56074910,9903.88.03,25.0
5607.49.15,56074915,9903.88.03,25.0
5607.49.25,56074925,9903.88.03,25.0
5607.49.30,56074930,9903.88.03,25.0
5607.50.25,56075025,9903.88.03,25.0
5607.50.35,56075035,9903.88.03,25.0
5607.50.40,56075040,9903.88.03,25.0
5607.90.10,56079010,9903.88.03,25.0
5607.90.15,56079015,9903.88.03,25.0
5607.90.25,56079025,9903.88.03,25.0
5607.90.35,56079035,9903.88.03,25.0
5607.90.90,56079090,9903.88.03,25.0
5608.11.00,56081100,9903.88.03,25.0
5608.19.10,56081910,9903.88.03,25.0
5608.19.20,56081920,9903.88.03,25.0
5608.90.10,56089010,9903.88.03,25.0
5608.90.23,56089023,9903.88.03,25.0
5608.90.27,56089027,9903.88.03,25.0
5608.90.30,56089030,9903.88.03,25.0
5609.00.10,56090010,9903.88.03,25.0
5609.00.20,56090020,9903.88.03,25.0
5609.00.30,56090030,9903.88.03,25.0
5609.00.40,56090040,9903.88.03,25.0
5701-10-13 00:00:00,5701-10-13 00:00:00,9903.88.03,25.0
5701-10-16 00:00:00,5701-10-16 00:00:00,9903.88.03,25.0
5701.10.40,57011040,9903.88.03,25.0
5701.10.90,57011090,9903.88.03,25.0
5701.90.10,57019010,9903.88.03,25.0
5701.90.20,57019020,9903.88.03,25.0
5702-10-10 00:00:00,5702-10-10 00:00:00,9903.88.03,25.0
5702.10.90,57021090,9903.88.03,25.0
5702.20.10,57022010,9903.88.03,25.0
5702.20.20,57022020,9903.88.03,25.0
5702.31.10,57023110,9903.88.03,25.0
5702.31.20,57023120,9903.88.03,25.0
5702.32.10,57023210,9903.88.03,25.0
5702.32.20,57023220,9903.88.03,25.0
5702.39.10,57023910,9903.88.03,25.0
5702.39.20,57023920,9903.88.03,25.0
5702.41.10,57024110,9903.88.03,25.0
5702.41.20,57024120,9903.88.03,25.0
5702.42.10,57024210,9903.88.03,25.0
5702.42.20,57024220,9903.88.03,25.0
5702.49.10,57024910,9903.88.03,25.0
5702.49.15,57024915,9903.88.03,25.0
5702.49.20,57024920,9903.88.03,25.0
5702.50.20,57025020,9903.88.03,25.0
5702.50.40,57025040,9903.88.03,25.0
5702.50.52,57025052,9903.88.03,25.0
5702.50.56,57025056,9903.88.03,25.0
5702.50.59,57025059,9903.88.03,25.0
5702.91.20,57029120,9903.88.03,25.0
5702.91.30,57029130,9903.88.03,25.0
5702.91.40,57029140,9903.88.03,25.0
5702.92.10,57029210,9903.88.03,25.0
5702.92.90,57029290,9903.88.03,25.0
5702.99.05,57029905,9903.88.03,25.0
5702.99.15,57029915,9903.88.03,25.0
5702.99.20,57029920,9903.88.03,25.0
5703-10-20 00:00:00,5703-10-20 00:00:00,9903.88.03,25.0
5703.10.80,57031080,9903.88.03,25.0
5703.21.00,57032100,9903.88.03,25.0
5703.29.10,57032910,9903.88.03,25.0
5703.29.20,57032920,9903.88.03,25.0
5703.31.00,57033100,9903.88.03,25.0
5703.39.10,57033910,9903.88.03,25.0
5703.39.20,57033920,9903.88.03,25.0
5703.90.00,57039000,9903.88.03,25.0
5704.10.00,57041000,9903.88.03,25.0
5704.20.00,57042000,9903.88.03,25.0
5704.90.01,57049001,9903.88.03,25.0
5705.00.10,57050010,9903.88.03,25.0
5705.00.20,57050020,9903.88.03,25.0
5801.10.00,58011000,9903.88.03,25.0
5801.21.00,58012100,9903.88.03,25.0
5801.22.10,58012210,9903.88.03,25.0
5801.22.90,58012290,9903.88.03,25.0
5801.23.00,58012300,9903.88.03,25.0
5801.26.00,58012600,9903.88.03,25.0
5801.27.10,58012710,9903.88.03,25.0
5801.27.50,58012750,9903.88.03,25.0
5801.33.00,58013300,9903.88.15,7.5
5801.36.00,58013600,9903.88.15,7.5
5801.37.10,58013710,9903.88.03,25.0
5801.37.50,58013750,9903.88.03,25.0
5801.90.10,58019010,9903.88.03,25.0
5801.90.20,58019020,9903.88.03,25.0
5802-10-10 00:00:00,5802-10-10 00:00:00,9903.88.03,25.0
5802.10.90,58021090,9903.88.03,25.0
5802.20.00,58022000,9903.88.03,25.0
5802.30.00,58023000,9903.88.03,25.0
5803.00.10,58030010,9903.88.03,25.0
5803.00.20,58030020,9903.88.03,25.0
5803.00.30,58030030,9903.88.03,25.0
5803.00.40,58030040,9903.88.03,25.0
5803.00.50,58030050,9903.88.03,25.0
5803.00.90,58030090,9903.88.03,25.0
5804-10-10 00:00:00,5804-10-10 00:00:00,9903.88.03,25.0
5804.10.90,58041090,9903.88.03,25.0
5804.21.00,58042100,9903.88.03,25.0
5804.29.10,58042910,9903.88.03,25.0
5804.29.90,58042990,9903.88.03,25.0
5804.30.00,58043000,9903.88.03,25.0
5805.00.10,58050010,9903.88.03,25.0
5805.00.20,58050020,9903.88.03,25.0
5805.00.25,58050025,9903.88.03,25.0
5805.00.30,58050030,9903.88.03,25.0
5805.00.40,58050040,9903.88.03,25.0
5806-10-10 00:00:00,5806-10-10 00:00:00,9903.88.03,25.0
5806-10-24 00:00:00,5806-10-24 00:00:00,9903.88.03,25.0
5806-10-28 00:00:00,5806-10-28 00:00:00,9903.88.03,25.0
5806-10-30 00:00:00,5806-10-30 00:00:00,9903.88.03,25.0
5806.20.00,58062000,9903.88.03,25.0
5806.31.00,58063100,9903.88.03,25.0
5806.32.10,58063210,9903.88.03,25.0
5806.32.20,58063220,9903.88.03,25.0
5806.39.10,58063910,9903.88.03,25.0
5806.39.20,58063920,9903.88.03,25.0
5806.39.30,58063930,9903.88.03,25.0
5806.40.00,58064000,9903.88.03,25.0
5807-10-05 00:00:00,5807-10-05 00:00:00,9903.88.03,25.0
5807-10-15 00:00:00,5807-10-15 00:00:00,9903.88.03,25.0
5807-10-20 00:00:00,5807-10-20 00:00:00,9903.88.03,25.0
5807.90.05,58079005,9903.88.03,25.0
5807.90.15,58079015,9903.88.03,25.0
5807.90.20,58079020,9903.88.03,25.0
5808-10-10 00:00:00,5808-10-10 00:00:00,9903.88.03,25.0
5808.10.40,58081040,9903.88.03,25.0
5808.10.50,58081050,9903.88.03,25.0
5808.10.70,58081070,9903.88.03,25.0
5808.10.90,58081090,9903.88.03,25.0
5808.90.00,58089000,9903.88.03,25.0
5809.00.00,58090000,9903.88.03,25.0
5810.10.00,58101000,9903.88.03,25.0
5810.91.00,58109100,9903.88.03,25.0
5810.92.10,58109210,9903.88.03,25.0
5810.92.90,58109290,9903.88.03,25.0
5810.99.10,58109910,9903.88.03,25.0
5810.99.90,58109990,9903.88.03,25.0
5811.00.10,58110010,9903.88.03,25.0
5811.00.20,58110020,9903.88.03,25.0
5811.00.30,58110030,9903.88.03,25.0
5811.00.40,58110040,9903.88.03,25.0
5901-10-10 00:00:00,5901-10-10 00:00:00,9903.88.03,25.0
5901-10-20 00:00:00,5901-10-20 00:00:00,9903.88.03,25.0
5901.90.20,59019020,9903.88.03,25.0
5901.90.40,59019040,9903.88.03,25.0
5902.10.00,59021000,9903.88.03,25.0
5902.20.00,59022000,9903.88.03,25.0
5902.90.00,59029000,9903.88.03,25.0
5903-10-10 00:00:00,5903-10-10 00:00:00,9903.88.03,25.0
5903-10-15 00:00:00,5903-10-15 00:00:00,9903.88.15,7.5
5903-10-18 00:00:00,5903-10-18 00:00:00,9903.88.03,25.0
5903-10-20 00:00:00,5903-10-20 00:00:00,9903.88.03,25.0
5903-10-25 00:00:00,5903-10-25 00:00:00,9903.88.03,25.0
5903-10-30 00:00:00,5903-10-30 00:00:00,9903.88.03,25.0
5903.20.10,59032010,9903.88.03,25.0
5903.20.15,59032015,9903.88.03,25.0
5903.20.18,59032018,9903.88.03,25.0
5903.20.20,59032020,9903.88.03,25.0
5903.20.25,59032025,9903.88.03,25.0
5903.20.30,59032030,9903.88.03,25.0
5903.90.10,59039010,9903.88.03,25.0
5903.90.15,59039015,9903.88.03,25.0
5903.90.18,59039018,9903.88.03,25.0
5903.90.20,59039020,9903.88.03,25.0
5903.90.25,59039025,9903.88.03,25.0
5903.90.30,59039030,9903.88.03,25.0
5904.10.00,59041000,9903.88.03,25.0
5904.90.10,59049010,9903.88.03,25.0
5904.90.90,59049090,9903.88.03,25.0
5905.00.10,59050010,9903.88.03,25.0
5905.00.90,59050090,9903.88.03,25.0
5906.10.00,59061000,9903.88.03,25.0
5906.91.10,59069110,9903.88.03,25.0
5906.91.20,59069120,9903.88.03,25.0
5906.91.25,59069125,9903.88.03,25.0
5906.91.30,59069130,9903.88.03,25.0
5906.99.10,59069910,9903.88.03,25.0
5906.99.20,59069920,9903.88.03,25.0
5906.99.25,59069925,9903.88.03,25.0
5906.99.30,59069930,9903.88.03,25.0
5907.00.05,59070005,9903.88.03,25.0
5907.00.15,59070015,9903.88.03,25.0
5907.00.25,59070025,9903.88.03,25.0
5907.00.35,59070035,9903.88.03,25.0
5907.00.60,59070060,9903.88.03,25.0
5907.00.80,59070080,9903.88.03,25.0
5908.00.00,59080000,9903.88.03,25.0
5909.00.10,59090010,9903.88.03,25.0
5909.00.20,59090020,9903.88.03,25.0
5910.00.10,59100010,9903.88.03,25.0
5910.00.90,59100090,9903.88.03,25.0
5911-10-10 00:00:00,5911-10-10 00:00:00,9903.88.03,25.0
5911-10-20 00:00:00,5911-10-20 00:00:00,9903.88.03,25.0
5911.20.10,59112010,9903.88.03,25.0
5911.20.20,59112020,9903.88.03,25.0
5911.20.30,59112030,9903.88.03,25.0
5911.31.00,59113100,9903.88.03,25.0
5911.32.00,59113200,9903.88.03,25.0
5911.40.01,59114001,9903.88.03,25.0
5911.90.00,59119000,9903.88.03,25.0
6001-10-20 00:00:00,6001-10-20 00:00:00,9903.88.03,25.0
6001.10.60,60011060,9903.88.03,25.0
6001.21.00,60012100,9903.88.03,25.0
6001.29.00,60012900,9903.88.03,25.0
6001.91.00,60019100,9903.88.03,25.0
6001.92.00,60019200,9903.88.03,25.0
6001.99.10,60019910,9903.88.03,25.0
6001.99.90,60019990,9903.88.03,25.0
6002.40.40,60024040,9903.88.03,25.0
6002.40.80,60024080,9903.88.03,25.0
6002.90.40,60029040,9903.88.03,25.0
6002.90.80,60029080,9903.88.03,25.0
6003-10-10 00:00:00,6003-10-10 00:00:00,9903.88.03,25.0
6003.10.90,60031090,9903.88.03,25.0
6003.20.10,60032010,9903.88.03,25.0
6003.20.30,60032030,9903.88.03,25.0
6003.30.10,60033010,9903.88.03,25.0
6003.30.60,60033060,9903.88.03,25.0
6003.40.10,60034010,9903.88.03,25.0
6003.40.60,60034060,9903.88.03,25.0
6003.90.10,60039010,9903.88.03,25.0
6003.90.90,60039090,9903.88.03,25.0
6004.10.00,60041000,9903.88.03,25.0
6004.90.20,60049020,9903.88.03,25.0
6004.90.90,60049090,9903.88.03,25.0
6005.21.00,60052100,9903.88.03,25.0
6005.22.00,60052200,9903.88.03,25.0
6005.23.00,60052300,9903.88.03,25.0
6005.24.00,60052400,9903.88.03,25.0
6005.35.00,60053500,9903.88.15,7.5
6005.36.00,60053600,9903.88.03,25.0
6005.37.00,60053700,9903.88.03,25.0
6005.38.00,60053800,9903.88.03,25.0
6005.39.00,60053900,9903.88.03,25.0
6005.42.00,60054200,9903.88.03,25.0
6005.43.00,60054300,9903.88.03,25.0
6005.44.00,60054400,9903.88.03,25.0
6005.90.10,60059010,9903.88.03,25.0
6005.90.90,60059090,9903.88.03,25.0
6006.10.00,60061000,9903.88.03,25.0
6006.21.10,60062110,9903.88.03,25.0
6006.21.90,60062190,9903.88.03,25.0
6006.22.10,60062210,9903.88.03,25.0
6006.22.90,60062290,9903.88.03,25.0
6006.23.10,60062310,9903.88.03,25.0
6006.23.90,60062390,9903.88.03,25.0
6006.24.10,60062410,9903.88.03,25.0
6006.31.00,60063100,9903.88.03,25.0
6006.32.00,60063200,9903.88.03,25.0
6006.33.00,60063300,9903.88.03,25.0
6006.34.00,60063400,9903.88.03,25.0
6006.42.00,60064200,9903.88.03,25.0
6006.43.00,60064300,9903.88.03,25.0
6006.44.00,60064400,9903.88.03,25.0
6006.90.10,60069010,9903.88.03,25.0
6006.90.90,60069090,9903.88.03,25.0
6101.20.00,61012000,9903.88.15,7.5
6101.30.10,61013010,9903.88.15,7.5
6101.30.15,61013015,9903.88.15,7.5
6101.30.20,61013020,9903.88.15,7.5
6101.90.05,61019005,9903.88.15,7.5
6101.90.10,61019010,9903.88.15,7.5
6101.90.90,61019090,9903.88.15,7.5
6102.10.00,61021000,9903.88.15,7.5
6102.20.00,61022000,9903.88.15,7.5
6102.30.05,61023005,9903.88.15,7.5
6102.30.10,61023010,9903.88.15,7.5
6102.30.20,61023020,9903.88.15,7.5
6102.90.10,61029010,9903.88.15,7.5
6102.90.90,61029090,9903.88.15,7.5
6103-10-10 00:00:00,6103-10-10 00:00:00,9903.88.15,7.5
6103-10-20 00:00:00,6103-10-20 00:00:00,9903.88.15,7.5
6103-10-30 00:00:00,6103-10-30 00:00:00,9903.88.15,7.5
6103.10.50,61031050,9903.88.15,7.5
6103.10.60,61031060,9903.88.15,7.5
6103.10.90,61031090,9903.88.15,7.5
6103.22.00,61032200,9903.88.15,7.5
6103.23.00,61032300,9903.88.15,7.5
6103.29.05,61032905,9903.88.15,7.5
6103.29.10,61032910,9903.88.15,7.5
6103.29.20,61032920,9903.88.15,7.5
6103.31.00,61033100,9903.88.15,7.5
6103.32.00,61033200,9903.88.15,7.5
6103.33.10,61033310,9903.88.15,7.5
6103.33.20,61033320,9903.88.15,7.5
6103.39.10,61033910,9903.88.15,7.5
6103.39.40,61033940,9903.88.15,7.5
6103.39.80,61033980,9903.88.15,7.5
6103.41.10,61034110,9903.88.15,7.5
6103.41.20,61034120,9903.88.15,7.5
6103.42.10,61034210,9903.88.15,7.5
6103.42.20,61034220,9903.88.15,7.5
6103.43.10,61034310,9903.88.15,7.5
6103.43.15,61034315,9903.88.15,7.5
6103.43.20,61034320,9903.88.15,7.5
6103.49.10,61034910,9903.88.15,7.5
6103.49.20,61034920,9903.88.15,7.5
6103.49.40,61034940,9903.88.15,7.5
6103.49.80,61034980,9903.88.15,7.5
6104.13.10,61041310,9903.88.15,7.5
6104.19.15,61041915,9903.88.15,7.5
6104.19.40,61041940,9903.88.15,7.5
6104.19.50,61041950,9903.88.15,7.5
6104.19.60,61041960,9903.88.15,7.5
6104.19.80,61041980,9903.88.15,7.5
6104.22.00,61042200,9903.88.15,7.5
6104.23.00,61042300,9903.88.15,7.5
6104.29.05,61042905,9903.88.15,7.5
6104.29.10,61042910,9903.88.15,7.5
6104.31.00,61043100,9903.88.15,7.5
6104.32.00,61043200,9903.88.15,7.5
6104.33.20,61043320,9903.88.15,7.5
6104.39.10,61043910,9903.88.15,7.5
6104.39.20,61043920,9903.88.15,7.5
6104.41.00,61044100,9903.88.15,7.5
6104.42.00,61044200,9903.88.15,7.5
6104.43.10,61044310,9903.88.15,7.5
6104.43.20,61044320,9903.88.15,7.5
6104.44.10,61044410,9903.88.15,7.5
6104.44.20,61044420,9903.88.15,7.5
6104.49.10,61044910,9903.88.15,7.5
6104.49.90,61044990,9903.88.15,7.5
6104.51.00,61045100,9903.88.15,7.5
6104.52.00,61045200,9903.88.15,7.5
6104.53.20,61045320,9903.88.15,7.5
6104.59.10,61045910,9903.88.15,7.5
6104.59.40,61045940,9903.88.15,7.5
6104.59.80,61045980,9903.88.15,7.5
6104.61.00,61046100,9903.88.15,7.5
6104.62.10,61046210,9903.88.15,7.5
6104.62.20,61046220,9903.88.15,7.5
6104.63.10,61046310,9903.88.15,7.5
6104.63.15,61046315,9903.88.15,7.5
6104.63.20,61046320,9903.88.15,7.5
6104.69.10,61046910,9903.88.15,7.5
6104.69.20,61046920,9903.88.15,7.5
6104.69.40,61046940,9903.88.15,7.5
6104.69.80,61046980,9903.88.15,7.5
6105.10.00,61051000,9903.88.15,7.5
6105.20.10,61052010,9903.88.15,7.5
6105.20.20,61052020,9903.88.15,7.5
6105.90.10,61059010,9903.88.15,7.5
6105.90.80,61059080,9903.88.15,7.5
6106.10.00,61061000,9903.88.15,7.5
6106.20.10,61062010,9903.88.15,7.5
6106.20.20,61062020,9903.88.15,7.5
6106.90.10,61069010,9903.88.15,7.5
6106.90.15,61069015,9903.88.15,7.5
6106.90.25,61069025,9903.88.15,7.5
6106.90.30,61069030,9903.88.15,7.5
6107.11.00,61071100,9903.88.15,7.5
6107.12.00,61071200,9903.88.15,7.5
6107.19.90,61071990,9903.88.15,7.5
6107.21.00,61072100,9903.88.15,7.5
6107.22.00,61072200,9903.88.15,7.5
6107.29.20,61072920,9903.88.15,7.5
6107.29.50,61072950,9903.88.15,7.5
6107.29.90,61072990,9903.88.15,7.5
6107.91.00,61079100,9903.88.15,7.5
6107.99.50,61079950,9903.88.15,7.5
6108.11.00,61081100,9903.88.15,7.5
6108.19.90,61081990,9903.88.15,7.5
6108.21.00,61082100,9903.88.15,7.5
6108.22.10,61082210,9903.88.15,7.5
6108.22.90,61082290,9903.88.15,7.5
6108.29.90,61082990,9903.88.15,7.5
6108.31.00,61083100,9903.88.15,7.5
6108.32.00,61083200,9903.88.15,7.5
6108.91.00,61089100,9903.88.15,7.5
6108.92.00,61089200,9903.88.15,7.5
6108.99.20,61089920,9903.88.15,7.5
6108.99.90,61089990,9903.88.15,7.5
6109.10.00,61091000,9903.88.15,7.5
6109.90.10,61099010,9903.88.15,7.5
6109.90.15,61099015,9903.88.15,7.5
6109.90.80,61099080,9903.88.15,7.5
6110.11.00,61101100,9903.88.15,7.5
6110-12-20 00:00:00,6110-12-20 00:00:00,9903.88.15,7.5
6110.19.00,61101900,9903.88.15,7.5
6110.20.10,61102010,9903.88.15,7.5
6110.20.20,61102020,9903.88.15,7.5
6110.30.10,61103010,9903.88.15,7.5
6110.30.20,61103020,9903.88.15,7.5
6110.30.30,61103030,9903.88.15,7.5
6110.90.90,61109090,9903.88.15,7.5
6111.20.10,61112010,9903.88.15,7.5
6111.20.20,61112020,9903.88.15,7.5
6111.20.30,61112030,9903.88.15,7.5
6111.20.40,61112040,9903.88.15,7.5
6111.20.50,61112050,9903.88.15,7.5
6111.20.60,61112060,9903.88.15,7.5
6111.30.10,61113010,9903.88.15,7.5
6111.30.20,61113020,9903.88.15,7.5
6111.30.30,61113030,9903.88.15,7.5
6111.30.40,61113040,9903.88.15,7.5
6111.30.50,61113050,9903.88.15,7.5
6111.90.05,61119005,9903.88.15,7.5
6111.90.10,61119010,9903.88.15,7.5
6111.90.20,61119020,9903.88.15,7.5
6111.90.40,61119040,9903.88.15,7.5
6111.90.50,61119050,9903.88.15,7.5
6111.90.70,61119070,9903.88.15,7.5
6111.90.90,61119090,9903.88.15,7.5
6112.11.00,61121100,9903.88.15,7.5
6112.12.00,61121200,9903.88.15,7.5
6112.19.10,61121910,9903.88.15,7.5
6112.19.40,61121940,9903.88.15,7.5
6112.19.80,61121980,9903.88.15,7.5
6112.20.10,61122010,9903.88.15,7.5
6112.20.20,61122020,9903.88.15,7.5
6112.31.00,61123100,9903.88.15,7.5
6112.39.00,61123900,9903.88.15,7.5
6112.41.00,61124100,9903.88.15,7.5
6112.49.00,61124900,9903.88.15,7.5
6113.00.10,61130010,9903.88.15,7.5
6113.00.90,61130090,9903.88.15,7.5
6114.20.00,61142000,9903.88.15,7.5
6114.30.10,61143010,9903.88.15,7.5
6114.30.20,61143020,9903.88.15,7.5
6114.30.30,61143030,9903.88.15,7.5
6114.90.05,61149005,9903.88.15,7.5
6114.90.10,61149010,9903.88.15,7.5
6115-10-10 00:00:00,6115-10-10 00:00:00,9903.88.15,7.5
6115-10-15 00:00:00,6115-10-15 00:00:00,9903.88.15,7.5
6115-10-30 00:00:00,6115-10-30 00:00:00,9903.88.15,7.5
6115.10.40,61151040,9903.88.15,7.5
6115.10.55,61151055,9903.88.15,7.5
6115.10.60,61151060,9903.88.15,7.5
6115.21.00,61152100,9903.88.15,7.5
6115.29.40,61152940,9903.88.15,7.5
6115.30.10,61153010,9903.88.15,7.5
6115.30.90,61153090,9903.88.15,7.5
6115.94.00,61159400,9903.88.15,7.5
6115.95.60,61159560,9903.88.15,7.5
6115.95.90,61159590,9903.88.15,7.5
6115.96.60,61159660,9903.88.15,7.5
6115.99.14,61159914,9903.88.15,7.5
6115.99.40,61159940,9903.88.15,7.5
6115.99.90,61159990,9903.88.15,7.5
6116-10-08 00:00:00,6116-10-08 00:00:00,9903.88.15,7.5
6116-10-13 00:00:00,6116-10-13 00:00:00,9903.88.15,7.5
6116-10-17 00:00:00,6116-10-17 00:00:00,9903.88.15,7.5
6116.10.44,61161044,9903.88.15,7.5
6116.10.48,61161048,9903.88.15,7.5
6116.10.55,61161055,9903.88.15,7.5
6116.10.65,61161065,9903.88.15,7.5
6116.10.95,61161095,9903.88.15,7.5
6116.91.00,61169100,9903.88.15,7.5
6116.92.08,61169208,9903.88.15,7.5
6116.92.64,61169264,9903.88.15,7.5
6116.92.88,61169288,9903.88.15,7.5
6116.92.94,61169294,9903.88.15,7.5
6116.93.05,61169305,9903.88.15,7.5
6116.93.08,61169308,9903.88.15,7.5
6116.93.74,61169374,9903.88.15,7.5
6116.93.88,61169388,9903.88.15,7.5
6116.99.35,61169935,9903.88.15,7.5
6117-10-10 00:00:00,6117-10-10 00:00:00,9903.88.15,7.5
6117.10.40,61171040,9903.88.15,7.5
6117.10.60,61171060,9903.88.15,7.5
6117.80.20,61178020,9903.88.15,7.5
6117.80.85,61178085,9903.88.15,7.5
6117.80.95,61178095,9903.88.15,7.5
6117.90.10,61179010,9903.88.15,7.5
6117.90.90,61179090,9903.88.15,7.5
6201.20.11,62012011,9903.88.15,7.5
6201.20.19,62012019,9903.88.15,7.5
6201.20.29,62012029,9903.88.15,7.5
6201.20.35,62012035,9903.88.15,7.5
6201.20.40,62012040,9903.88.15,7.5
6201.30.12,62013012,9903.88.15,7.5
6201.30.20,62013020,9903.88.15,7.5
6201.30.30,62013030,9903.88.15,7.5
6201.30.50,62013050,9903.88.15,7.5
6201.30.60,62013060,9903.88.15,7.5
6201.30.70,62013070,9903.88.15,7.5
6201.30.80,62013080,9903.88.15,7.5
6201.40.10,62014010,9903.88.15,7.5
6201.40.15,62014015,9903.88.15,7.5
6201.40.20,62014020,9903.88.15,7.5
6201.40.25,62014025,9903.88.15,7.5
6201.40.35,62014035,9903.88.15,7.5
6201.40.40,62014040,9903.88.15,7.5
6201.40.45,62014045,9903.88.15,7.5
6201.40.50,62014050,9903.88.15,7.5
6201.40.55,62014055,9903.88.15,7.5
6201.40.60,62014060,9903.88.15,7.5
6201.40.65,62014065,9903.88.15,7.5
6201.40.70,62014070,9903.88.15,7.5
6201.40.75,62014075,9903.88.15,7.5
6201.90.19,62019019,9903.88.15,7.5
6201.90.29,62019029,9903.88.15,7.5
6201.90.39,62019039,9903.88.15,7.5
6201.90.49,62019049,9903.88.15,7.5
6201.90.59,62019059,9903.88.15,7.5
6201.90.69,62019069,9903.88.15,7.5
6202.20.11,62022011,9903.88.15,7.5
6202.20.19,62022019,9903.88.15,7.5
6202.20.29,62022029,9903.88.15,7.5
6202.20.35,62022035,9903.88.15,7.5
6202.20.40,62022040,9903.88.15,7.5
6202.30.12,62023012,9903.88.15,7.5
6202.30.20,62023020,9903.88.15,7.5
6202.30.30,62023030,9903.88.15,7.5
6202.30.40,62023040,9903.88.15,7.5
6202.30.50,62023050,9903.88.15,7.5
6202.30.60,62023060,9903.88.15,7.5
6202.30.70,62023070,9903.88.15,7.5
6202.30.80,62023080,9903.88.15,7.5
6202.40.10,62024010,9903.88.15,7.5
6202.40.15,62024015,9903.88.15,7.5
6202.40.20,62024020,9903.88.15,7.5
6202.40.25,62024025,9903.88.15,7.5
6202.40.40,62024040,9903.88.15,7.5
6202.40.45,62024045,9903.88.15,7.5
6202.40.50,62024050,9903.88.15,7.5
6202.40.55,62024055,9903.88.15,7.5
6202.40.60,62024060,9903.88.15,7.5
6202.40.65,62024065,9903.88.15,7.5
6202.40.70,62024070,9903.88.15,7.5
6202.40.75,62024075,9903.88.15,7.5
6202.90.19,62029019,9903.88.15,7.5
6202.90.29,62029029,9903.88.15,7.5
6202.90.39,62029039,9903.88.15,7.5
6202.90.49,62029049,9903.88.15,7.5
6202.90.59,62029059,9903.88.15,7.5
6202.90.69,62029069,9903.88.15,7.5
6203-11-15 00:00:00,6203-11-15 00:00:00,9903.88.15,7.5
6203-11-30 00:00:00,6203-11-30 00:00:00,9903.88.15,7.5
6203.11.60,62031160,9903.88.15,7.5
6203.11.90,62031190,9903.88.15,7.5
6203-12-10 00:00:00,6203-12-10 00:00:00,9903.88.15,7.5
6203-12-20 00:00:00,6203-12-20 00:00:00,9903.88.15,7.5
6203.19.10,62031910,9903.88.15,7.5
6203.19.50,62031950,9903.88.15,7.5
6203.22.10,62032210,9903.88.15,7.5
6203.22.30,62032230,9903.88.15,7.5
6203.29.10,62032910,9903.88.15,7.5
6203.29.15,62032915,9903.88.15,7.5
6203.29.20,62032920,9903.88.15,7.5
6203.29.30,62032930,9903.88.15,7.5
6203.31.50,62033150,9903.88.15,7.5
6203.31.90,62033190,9903.88.15,7.5
6203.32.10,62033210,9903.88.15,7.5
6203.32.20,62033220,9903.88.15,7.5
6203.33.10,62033310,9903.88.15,7.5
6203.33.20,62033320,9903.88.15,7.5
6203.39.20,62033920,9903.88.15,7.5
6203.39.50,62033950,9903.88.15,7.5
6203.39.90,62033990,9903.88.15,7.5
6203.41.01,62034101,9903.88.15,7.5
6203.41.03,62034103,9903.88.15,7.5
6203.41.06,62034106,9903.88.15,7.5
6203.41.08,62034108,9903.88.15,7.5
6203.41.25,62034125,9903.88.15,7.5
6203.41.30,62034130,9903.88.15,7.5
6203.41.60,62034160,9903.88.15,7.5
6203.41.80,62034180,9903.88.15,7.5
6203.42.03,62034203,9903.88.15,7.5
6203.42.05,62034205,9903.88.15,7.5
6203.42.07,62034207,9903.88.15,7.5
6203.42.17,62034217,9903.88.15,7.5
6203.42.25,62034225,9903.88.15,7.5
6203.42.45,62034245,9903.88.15,7.5
6203.43.03,62034303,9903.88.15,7.5
6203.43.05,62034305,9903.88.15,7.5
6203.43.09,62034309,9903.88.15,7.5
6203.43.11,62034311,9903.88.15,7.5
6203.43.13,62034313,9903.88.15,7.5
6203.43.45,62034345,9903.88.15,7.5
6203.43.55,62034355,9903.88.15,7.5
6203.43.60,62034360,9903.88.15,7.5
6203.43.65,62034365,9903.88.15,7.5
6203.43.70,62034370,9903.88.15,7.5
6203.43.75,62034375,9903.88.15,7.5
6203.43.90,62034390,9903.88.15,7.5
6203.49.01,62034901,9903.88.15,7.5
6203.49.05,62034905,9903.88.15,7.5
6203.49.07,62034907,9903.88.15,7.5
6203.49.09,62034909,9903.88.15,7.5
6203.49.25,62034925,9903.88.15,7.5
6203.49.35,62034935,9903.88.15,7.5
6203.49.50,62034950,9903.88.15,7.5
6203.49.90,62034990,9903.88.15,7.5
6204.11.00,62041100,9903.88.15,7.5
6204.12.00,62041200,9903.88.15,7.5
6204.13.10,62041310,9903.88.15,7.5
6204.13.20,62041320,9903.88.15,7.5
6204.19.10,62041910,9903.88.15,7.5
6204.19.20,62041920,9903.88.15,7.5
6204.19.40,62041940,9903.88.15,7.5
6204.19.80,62041980,9903.88.15,7.5
6204.21.00,62042100,9903.88.15,7.5
6204.22.10,62042210,9903.88.15,7.5
6204.22.30,62042230,9903.88.15,7.5
6204.23.00,62042300,9903.88.15,7.5
6204.29.20,62042920,9903.88.15,7.5
6204.31.10,62043110,9903.88.15,7.5
6204.31.20,62043120,9903.88.15,7.5
6204.32.10,62043210,9903.88.15,7.5
6204.32.20,62043220,9903.88.15,7.5
6204.33.10,62043310,9903.88.15,7.5
6204.33.40,62043340,9903.88.15,7.5
6204.33.50,62043350,9903.88.15,7.5
6204.39.20,62043920,9903.88.15,7.5
6204.39.30,62043930,9903.88.15,7.5
6204.39.60,62043960,9903.88.15,7.5
6204.39.80,62043980,9903.88.15,7.5
6204.41.10,62044110,9903.88.15,7.5
6204.41.20,62044120,9903.88.15,7.5
6204.42.10,62044210,9903.88.15,7.5
6204.42.20,62044220,9903.88.15,7.5
6204.42.30,62044230,9903.88.15,7.5
6204.43.10,62044310,9903.88.15,7.5
6204.43.20,62044320,9903.88.15,7.5
6204.43.30,62044330,9903.88.15,7.5
6204.43.40,62044340,9903.88.15,7.5
6204.44.20,62044420,9903.88.15,7.5
6204.44.30,62044430,9903.88.15,7.5
6204.44.40,62044440,9903.88.15,7.5
6204.49.10,62044910,9903.88.15,7.5
6204.49.50,62044950,9903.88.15,7.5
6204.51.00,62045100,9903.88.15,7.5
6204.52.10,62045210,9903.88.15,7.5
6204.52.20,62045220,9903.88.15,7.5
6204.53.10,62045310,9903.88.15,7.5
6204.53.20,62045320,9903.88.15,7.5
6204.53.30,62045330,9903.88.15,7.5
6204.59.10,62045910,9903.88.15,7.5
6204.59.20,62045920,9903.88.15,7.5
6204.59.30,62045930,9903.88.15,7.5
6204.59.40,62045940,9903.88.15,7.5
6204.61.05,62046105,9903.88.15,7.5
6204.61.15,62046115,9903.88.15,7.5
6204.61.60,62046160,9903.88.15,7.5
6204.61.80,62046180,9903.88.15,7.5
6204.62.03,62046203,9903.88.15,7.5
6204.62.05,62046205,9903.88.15,7.5
6204.62.15,62046215,9903.88.15,7.5
6204.62.50,62046250,9903.88.15,7.5
6204.62.60,62046260,9903.88.15,7.5
6204.62.70,62046270,9903.88.15,7.5
6204.62.80,62046280,9903.88.15,7.5
6204.63.01,62046301,9903.88.15,7.5
6204.63.02,62046302,9903.88.15,7.5
6204.63.03,62046303,9903.88.15,7.5
6204.63.08,62046308,9903.88.15,7.5
6204.63.09,62046309,9903.88.15,7.5
6204.63.11,62046311,9903.88.15,7.5
6204.63.50,62046350,9903.88.15,7.5
6204.63.55,62046355,9903.88.15,7.5
6204.63.60,62046360,9903.88.15,7.5
6204.63.65,62046365,9903.88.15,7.5
6204.63.70,62046370,9903.88.15,7.5
6204.63.75,62046375,9903.88.15,7.5
6204.63.90,62046390,9903.88.15,7.5
6204.69.01,62046901,9903.88.15,7.5
6204.69.02,62046902,9903.88.15,7.5
6204.69.03,62046903,9903.88.15,7.5
6204.69.04,62046904,9903.88.15,7.5
6204.69.05,62046905,9903.88.15,7.5
6204.69.06,62046906,9903.88.15,7.5
6204.69.15,62046915,9903.88.15,7.5
6204.69.22,62046922,9903.88.15,7.5
6204.69.28,62046928,9903.88.15,7.5
6204.69.45,62046945,9903.88.15,7.5
6204.69.65,62046965,9903.88.15,7.5
6204.69.80,62046980,9903.88.15,7.5
6205.20.10,62052010,9903.88.15,7.5
6205.20.20,62052020,9903.88.15,7.5
6205.30.10,62053010,9903.88.15,7.5
6205.30.15,62053015,9903.88.15,7.5
6205.30.20,62053020,9903.88.15,7.5
6205.90.05,62059005,9903.88.15,7.5
6205.90.07,62059007,9903.88.15,7.5
6205.90.40,62059040,9903.88.15,7.5
6206.10.00,62061000,9903.88.15,7.5
6206.20.10,62062010,9903.88.15,7.5
6206.20.20,62062020,9903.88.15,7.5
6206.20.30,62062030,9903.88.15,7.5
6206.30.10,62063010,9903.88.15,7.5
6206.30.20,62063020,9903.88.15,7.5
6206.30.30,62063030,9903.88.15,7.5
6206.40.10,62064010,9903.88.15,7.5
6206.40.20,62064020,9903.88.15,7.5
6206.40.25,62064025,9903.88.15,7.5
6206.40.30,62064030,9903.88.15,7.5
6206.90.00,62069000,9903.88.15,7.5
6207.11.00,62071100,9903.88.15,7.5
6207.19.10,62071910,9903.88.15,7.5
6207.19.90,62071990,9903.88.15,7.5
6207.21.00,62072100,9903.88.15,7.5
6207.22.00,62072200,9903.88.15,7.5
6207.29.10,62072910,9903.88.15,7.5
6207.29.90,62072990,9903.88.15,7.5
6207.91.10,62079110,9903.88.15,7.5
6207.91.30,62079130,9903.88.15,7.5
6207.99.20,62079920,9903.88.15,7.5
6207.99.40,62079940,9903.88.15,7.5
6207.99.70,62079970,9903.88.15,7.5
6207.99.85,62079985,9903.88.15,7.5
6208.11.00,62081100,9903.88.15,7.5
6208.19.20,62081920,9903.88.15,7.5
6208.19.50,62081950,9903.88.15,7.5
6208.19.90,62081990,9903.88.15,7.5
6208.21.00,62082100,9903.88.15,7.5
6208.22.00,62082200,9903.88.15,7.5
6208.29.10,62082910,9903.88.15,7.5
6208.29.90,62082990,9903.88.15,7.5
6208.91.10,62089110,9903.88.15,7.5
6208.91.30,62089130,9903.88.15,7.5
6208.92.00,62089200,9903.88.15,7.5
6208.99.20,62089920,9903.88.15,7.5
6208.99.30,62089930,9903.88.15,7.5
6208.99.50,62089950,9903.88.15,7.5
6208.99.80,62089980,9903.88.15,7.5
6209.20.10,62092010,9903.88.15,7.5
6209.20.20,62092020,9903.88.15,7.5
6209.20.30,62092030,9903.88.15,7.5
6209.20.50,62092050,9903.88.15,7.5
6209.30.10,62093010,9903.88.15,7.5
6209.30.20,62093020,9903.88.15,7.5
6209.30.30,62093030,9903.88.15,7.5
6209.90.05,62099005,9903.88.15,7.5
6209.90.10,62099010,9903.88.15,7.5
6209.90.20,62099020,9903.88.15,7.5
6209.90.30,62099030,9903.88.15,7.5
6209.90.50,62099050,9903.88.15,7.5
6209.90.90,62099090,9903.88.15,7.5
6210.10.50,62101050,9903.88.15,7.5
6210.20.50,62102050,9903.88.15,7.5
6210.20.90,62102090,9903.88.15,7.5
6210.30.50,62103050,9903.88.15,7.5
6210.30.70,62103070,9903.88.15,7.5
6210.30.90,62103090,9903.88.15,7.5
6210.40.15,62104015,9903.88.15,7.5
6210.40.25,62104025,9903.88.15,7.5
6210.40.28,62104028,9903.88.15,7.5
6210.40.29,62104029,9903.88.15,7.5
6210.40.55,62104055,9903.88.15,7.5
6210.40.75,62104075,9903.88.15,7.5
6210.40.80,62104080,9903.88.15,7.5
6210.50.05,62105005,9903.88.15,7.5
6210.50.22,62105022,9903.88.15,7.5
6210.50.55,62105055,9903.88.15,7.5
6210.50.75,62105075,9903.88.15,7.5
6210.50.80,62105080,9903.88.15,7.5
6211-11-10 00:00:00,6211-11-10 00:00:00,9903.88.15,7.5
6211.11.40,62111140,9903.88.15,7.5
6211.11.80,62111180,9903.88.15,7.5
6211-12-10 00:00:00,6211-12-10 00:00:00,9903.88.15,7.5
6211.12.40,62111240,9903.88.15,7.5
6211.12.80,62111280,9903.88.15,7.5
6211.20.04,62112004,9903.88.15,7.5
6211.20.08,62112008,9903.88.15,7.5
6211.20.15,62112015,9903.88.15,7.5
6211.20.24,62112024,9903.88.15,7.5
6211.20.28,62112028,9903.88.15,7.5
6211.20.34,62112034,9903.88.15,7.5
6211.20.38,62112038,9903.88.15,7.5
6211.20.44,62112044,9903.88.15,7.5
6211.20.54,62112054,9903.88.15,7.5
6211.20.64,62112064,9903.88.15,7.5
6211.20.68,62112068,9903.88.15,7.5
6211.20.74,62112074,9903.88.15,7.5
6211.20.78,62112078,9903.88.15,7.5
6211.32.50,62113250,9903.88.15,7.5
6211.32.90,62113290,9903.88.15,7.5
6211.33.50,62113350,9903.88.15,7.5
6211.33.90,62113390,9903.88.15,7.5
6211.39.03,62113903,9903.88.15,7.5
6211.39.07,62113907,9903.88.15,7.5
6211.39.15,62113915,9903.88.15,7.5
6211.39.30,62113930,9903.88.15,7.5
6211.39.60,62113960,9903.88.15,7.5
6211.39.80,62113980,9903.88.15,7.5
6211.42.05,62114205,9903.88.15,7.5
6211.42.10,62114210,9903.88.15,7.5
6211.43.05,62114305,9903.88.15,7.5
6211.43.10,62114310,9903.88.15,7.5
6211.49.03,62114903,9903.88.15,7.5
6211.49.15,62114915,9903.88.15,7.5
6211.49.25,62114925,9903.88.15,7.5
6211.49.50,62114950,9903.88.15,7.5
6211.49.60,62114960,9903.88.15,7.5
6211.49.80,62114980,9903.88.15,7.5
6212-10-30 00:00:00,6212-10-30 00:00:00,9903.88.15,7.5
6212.10.50,62121050,9903.88.15,7.5
6212.10.70,62121070,9903.88.15,7.5
6212.10.90,62121090,9903.88.15,7.5
6212.20.00,62122000,9903.88.15,7.5
6212.30.00,62123000,9903.88.15,7.5
6212.90.00,62129000,9903.88.15,7.5
6213.20.20,62132020,9903.88.15,7.5
6213.90.05,62139005,9903.88.15,7.5
6213.90.07,62139007,9903.88.15,7.5
6213.90.20,62139020,9903.88.15,7.5
6214-10-10 00:00:00,6214-10-10 00:00:00,9903.88.15,7.5
6214-10-20 00:00:00,6214-10-20 00:00:00,9903.88.15,7.5
6214.20.00,62142000,9903.88.15,7.5
6214.40.00,62144000,9903.88.15,7.5
6214.90.00,62149000,9903.88.15,7.5
6215.10.00,62151000,9903.88.15,7.5
6216.00.05,62160005,9903.88.15,7.5
6216.00.08,62160008,9903.88.15,7.5
6216.00.17,62160017,9903.88.15,7.5
6216.00.19,62160019,9903.88.15,7.5
6216.00.24,62160024,9903.88.15,7.5
6216.00.26,62160026,9903.88.15,7.5
6216.00.29,62160029,9903.88.15,7.5
6216.00.31,62160031,9903.88.15,7.5
6216.00.33,62160033,9903.88.15,7.5
6216.00.38,62160038,9903.88.15,7.5
6216.00.41,62160041,9903.88.15,7.5
6216.00.43,62160043,9903.88.15,7.5
6216.00.46,62160046,9903.88.15,7.5
6216.00.54,62160054,9903.88.15,7.5
6216.00.58,62160058,9903.88.15,7.5
6216.00.80,62160080,9903.88.15,7.5
6216.00.90,62160090,9903.88.15,7.5
6217-10-10 00:00:00,6217-10-10 00:00:00,9903.88.15,7.5
6217.10.95,62171095,9903.88.15,7.5
6217.90.10,62179010,9903.88.15,7.5
6217.90.90,62179090,9903.88.15,7.5
6301.20.00,63012000,9903.88.15,7.5
6301.30.00,63013000,9903.88.15,7.5
6302.10.00,63021000,9903.88.15,7.5
6302.21.30,63022130,9903.88.15,7.5
6302.21.50,63022150,9903.88.15,7.5
6302.21.70,63022170,9903.88.15,7.5
6302.21.90,63022190,9903.88.15,7.5
6302.29.00,63022900,9903.88.15,7.5
6302.31.30,63023130,9903.88.15,7.5
6302.31.50,63023150,9903.88.15,7.5
6302.31.70,63023170,9903.88.15,7.5
6302.31.90,63023190,9903.88.15,7.5
6302.39.00,63023900,9903.88.15,7.5
6302.40.10,63024010,9903.88.15,7.5
6302.40.20,63024020,9903.88.15,7.5
6302.51.20,63025120,9903.88.15,7.5
6302.51.30,63025130,9903.88.15,7.5
6302.51.40,63025140,9903.88.15,7.5
6302.53.00,63025300,9903.88.15,7.5
6302.59.10,63025910,9903.88.15,7.5
6302.59.20,63025920,9903.88.15,7.5
6302.59.30,63025930,9903.88.15,7.5
6302.60.00,63026000,9903.88.15,7.5
6302.91.00,63029100,9903.88.15,7.5
6302.99.10,63029910,9903.88.15,7.5
6302.99.15,63029915,9903.88.15,7.5
6302.99.20,63029920,9903.88.15,7.5
6303.12.00,63031200,9903.88.15,7.5
6303.19.11,63031911,9903.88.15,7.5
6303.19.21,63031921,9903.88.15,7.5
6303.91.00,63039100,9903.88.15,7.5
6303.92.20,63039220,9903.88.15,7.5
6303.99.00,63039900,9903.88.15,7.5
6304-11-10 00:00:00,6304-11-10 00:00:00,9903.88.15,7.5
6304.19.05,63041905,9903.88.15,7.5
6304.19.10,63041910,9903.88.15,7.5
6304.19.30,63041930,9903.88.15,7.5
6304.20.00,63042000,9903.88.15,7.5
6304.91.01,63049101,9903.88.15,7.5
6304.92.00,63049200,9903.88.15,7.5
6304.99.10,63049910,9903.88.15,7.5
6304.99.15,63049915,9903.88.15,7.5
6304.99.25,63049925,9903.88.15,7.5
6304.99.35,63049935,9903.88.15,7.5
6304.99.40,63049940,9903.88.15,7.5
6304.99.60,63049960,9903.88.15,7.5
6305.10.00,63051000,9903.88.15,7.5
6305.20.00,63052000,9903.88.15,7.5
6305.32.00,63053200,9903.88.15,7.5
6305.33.00,63053300,9903.88.15,7.5
6305.39.00,63053900,9903.88.15,7.5
6305.90.00,63059000,9903.88.15,7.5
6306.19.11,63061911,9903.88.15,7.5
6306.19.21,63061921,9903.88.15,7.5
6306.22.10,63062210,9903.88.15,7.5
6306.22.90,63062290,9903.88.15,7.5
6306.30.00,63063000,9903.88.15,7.5
6306.40.41,63064041,9903.88.15,7.5
6306.40.49,63064049,9903.88.15,7.5
6307-10-10 00:00:00,6307-10-10 00:00:00,9903.88.15,7.5
6307-10-20 00:00:00,6307-10-20 00:00:00,9903.88.15,7.5
6307.90.30,63079030,9903.88.15,7.5
6307.90.40,63079040,9903.88.15,7.5
6307.90.50,63079050,9903.88.15,7.5
6307.90.60,63079060,9903.88.15,7.5
6307.90.68,63079068,9903.88.15,7.5
6307.90.72,63079072,9903.88.15,7.5
6307.90.85,63079085,9903.88.15,7.5
6307.90.9825,6307909825,9903.88.15,7.5
6307.90.9835,6307909835,9903.88.15,7.5
6307.90.9842,6307909842,9903.91.07,50.0
6307.90.9844,6307909844,9903.91.07,50.0
6307.90.9850,6307909850,9903.91.07,50.0
6307.90.9870,6307909870,9903.91.07,50.0
6307.90.9875,6307909875,9903.91.07,50.0
6307.90.9882,6307909882,9903.88.15,7.5
6307.90.9884,6307909884,9903.88.15,7.5
6307.90.9885,6307909885,9903.88.15,7.5
6307.90.9887,6307909887,9903.88.15,7.5
6307.90.9891,6307909891,9903.88.15,7.5
6308.00.00,63080000,9903.88.15,7.5
6309.00.00,63090000,9903.88.15,7.5
6310-10-10 00:00:00,6310-10-10 00:00:00,9903.88.15,7.5
6310-10-20 00:00:00,6310-10-20 00:00:00,9903.88.15,7.5
6310.90.10,63109010,9903.88.15,7.5
6310.90.20,63109020,9903.88.15,7.5
6401.10.00,64011000,9903.88.15,7.5
6401.92.30,64019230,9903.88.15,7.5
6401.92.90,64019290,9903.88.15,7.5
6401.99.30,64019930,9903.88.15,7.5
6401.99.60,64019960,9903.88.15,7.5
6401.99.80,64019980,9903.88.15,7.5
6402.12.00,64021200,9903.88.15,7.5
6402.19.15,64021915,9903.88.15,7.5
6402.19.50,64021950,9903.88.15,7.5
6402.19.70,64021970,9903.88.15,7.5
6402.19.90,64021990,9903.88.15,7.5
6402.91.26,64029126,9903.88.15,7.5
6402.91.60,64029160,9903.88.15,7.5
6402.91.80,64029180,9903.88.15,7.5
6402.91.90,64029190,9903.88.15,7.5
6402.99.08,64029908,9903.88.15,7.5
6402.99.21,64029921,9903.88.15,7.5
6402.99.23,64029923,9903.88.15,7.5
6402.99.25,64029925,9903.88.15,7.5
6402.99.27,64029927,9903.88.15,7.5
6402.99.32,64029932,9903.88.15,7.5
6402.99.33,64029933,9903.88.15,7.5
6402.99.49,64029949,9903.88.15,7.5
6402.99.80,64029980,9903.88.15,7.5
6402.99.90,64029990,9903.88.15,7.5
6403-12-30 00:00:00,6403-12-30 00:00:00,9903.88.15,7.5
6403.12.60,64031260,9903.88.15,7.5
6403.19.10,64031910,9903.88.15,7.5
6403.19.20,64031920,9903.88.15,7.5
6403.19.40,64031940,9903.88.15,7.5
6403.19.50,64031950,9903.88.15,7.5
6403.19.70,64031970,9903.88.15,7.5
6403.20.00,64032000,9903.88.15,7.5
6403.40.30,64034030,9903.88.15,7.5
6403.51.11,64035111,9903.88.15,7.5
6403.51.30,64035130,9903.88.15,7.5
6403.51.60,64035160,9903.88.15,7.5
6403.51.90,64035190,9903.88.15,7.5
6403.59.10,64035910,9903.88.15,7.5
6403.59.15,64035915,9903.88.15,7.5
6403.59.30,64035930,9903.88.15,7.5
6403.59.60,64035960,9903.88.15,7.5
6403.59.90,64035990,9903.88.15,7.5
6403.91.11,64039111,9903.88.15,7.5
6403.91.30,64039130,9903.88.15,7.5
6403.91.60,64039160,9903.88.15,7.5
6403.91.90,64039190,9903.88.15,7.5
6403.99.10,64039910,9903.88.15,7.5
6403.99.20,64039920,9903.88.15,7.5
6403.99.40,64039940,9903.88.15,7.5
6403.99.60,64039960,9903.88.15,7.5
6403.99.90,64039990,9903.88.15,7.5
6404-11-20 00:00:00,6404-11-20 00:00:00,9903.88.15,7.5
6404.11.71,64041171,9903.88.15,7.5
6404.11.79,64041179,9903.88.15,7.5
6404.11.81,64041181,9903.88.15,7.5
6404.11.89,64041189,9903.88.15,7.5
6404.11.90,64041190,9903.88.15,7.5
6404.19.15,64041915,9903.88.15,7.5
6404.19.25,64041925,9903.88.15,7.5
6404.19.39,64041939,9903.88.15,7.5
6404.19.79,64041979,9903.88.15,7.5
6404.19.82,64041982,9903.88.15,7.5
6404.19.89,64041989,9903.88.15,7.5
6404.19.90,64041990,9903.88.15,7.5
6404.20.20,64042020,9903.88.15,7.5
6404.20.40,64042040,9903.88.15,7.5
6404.20.60,64042060,9903.88.15,7.5
6405.10.00,64051000,9903.88.15,7.5
6405.20.60,64052060,9903.88.15,7.5
6405.90.20,64059020,9903.88.15,7.5
6406-10-05 00:00:00,6406-10-05 00:00:00,9903.88.15,7.5
6406-10-20 00:00:00,6406-10-20 00:00:00,9903.88.15,7.5
6406-10-25 00:00:00,6406-10-25 00:00:00,9903.88.15,7.5
6406-10-30 00:00:00,6406-10-30 00:00:00,9903.88.15,7.5
6406.10.35,64061035,9903.88.15,7.5
6406.10.40,64061040,9903.88.15,7.5
6406.10.45,64061045,9903.88.15,7.5
6406.10.50,64061050,9903.88.15,7.5
6406.10.60,64061060,9903.88.15,7.5
6406.10.65,64061065,9903.88.15,7.5
6406.10.70,64061070,9903.88.15,7.5
6406.10.72,64061072,9903.88.15,7.5
6406.10.77,64061077,9903.88.15,7.5
6406.10.85,64061085,9903.88.15,7.5
6406.10.90,64061090,9903.88.15,7.5
6406.20.00,64062000,9903.88.15,7.5
6406.90.10,64069010,9903.88.15,7.5
6406.90.15,64069015,9903.88.15,7.5
6406.90.60,64069060,9903.88.15,7.5
6406.90.90,64069090,9903.88.15,7.5
6501.00.30,65010030,9903.88.03,25.0
6501.00.60,65010060,9903.88.03,25.0
6501.00.90,65010090,9903.88.03,25.0
6502.00.20,65020020,9903.88.03,25.0
6502.00.40,65020040,9903.88.03,25.0
6502.00.60,65020060,9903.88.03,25.0
6502.00.90,65020090,9903.88.03,25.0
6504.00.30,65040030,9903.88.03,25.0
6504.00.60,65040060,9903.88.03,25.0
6504.00.90,65040090,9903.88.03,25.0
6505.00.01,65050001,9903.88.15,7.5
6505.00.04,65050004,9903.88.03,25.0
6505.00.08,65050008,9903.88.03,25.0
6505.00.15,65050015,9903.88.03,25.0
6505.00.20,65050020,9903.88.03,25.0
6505.00.25,65050025,9903.88.03,25.0
6505.00.30,65050030,9903.88.03,25.0
6505.00.40,65050040,9903.88.03,25.0
6505.00.50,65050050,9903.88.03,25.0
6505.00.60,65050060,9903.88.03,25.0
6505.00.70,65050070,9903.88.03,25.0
6505.00.80,65050080,9903.88.03,25.0
6505.00.90,65050090,9903.88.03,25.0
6506-10-30 00:00:00,6506-10-30 00:00:00,9903.88.15,7.5
6506.10.60,65061060,9903.88.15,7.5
6506.91.00,65069100,9903.88.03,25.0
6506.99.30,65069930,9903.88.03,25.0
6506.99.60,65069960,9903.88.03,25.0
6507.00.00,65070000,9903.88.03,25.0
6602.00.00,66020000,9903.88.15,7.5
6603.90.41,66039041,9903.88.15,7.5
6701.00.30,67010030,9903.88.03,25.0
6701.00.60,67010060,9903.88.03,25.0
6702.90.10,67029010,9903.88.15,7.5
6702.90.65,67029065,9903.88.15,7.5
6703.00.30,67030030,9903.88.15,7.5
6703.00.60,67030060,9903.88.15,7.5
6704.11.00,67041100,9903.88.15,7.5
6704.19.00,67041900,9903.88.15,7.5
6704.90.00,67049000,9903.88.15,7.5
6801.00.00,68010000,9903.88.03,25.0
6802.10.00,68021000,9903.88.03,25.0
6802.21.10,68022110,9903.88.03,25.0
6802.21.50,68022150,9903.88.03,25.0
6802.23.00,68022300,9903.88.03,25.0
6802.29.10,68022910,9903.88.03,25.0
6802.29.90,68022990,9903.88.03,25.0
6802.91.05,68029105,9903.88.03,25.0
6802.91.15,68029115,9903.88.03,25.0
6802.91.20,68029120,9903.88.03,25.0
6802.91.25,68029125,9903.88.03,25.0
6802.91.30,68029130,9903.88.03,25.0
6802.92.00,68029200,9903.88.03,25.0
6802.93.00,68029300,9903.88.03,25.0
6802.99.00,68029900,9903.88.03,25.0
6803.00.10,68030010,9903.88.03,25.0
6803.00.50,68030050,9903.88.03,25.0
6804.10.00,68041000,9903.88.03,25.0
6804.21.00,68042100,9903.88.03,25.0
6804.22.10,68042210,9903.88.03,25.0
6804.22.40,68042240,9903.88.03,25.0
6804.22.60,68042260,9903.88.03,25.0
6804.23.00,68042300,9903.88.03,25.0
6804.30.00,68043000,9903.88.03,25.0
6805.10.00,68051000,9903.88.03,25.0
6805.20.00,68052000,9903.88.03,25.0
6805.30.10,68053010,9903.88.03,25.0
6805.30.50,68053050,9903.88.03,25.0
6806.10.00,68061000,9903.88.03,25.0
6806.20.00,68062000,9903.88.03,25.0
6806.90.00,68069000,9903.88.03,25.0
6807.10.00,68071000,9903.88.03,25.0
6807.90.00,68079000,9903.88.03,25.0
6808.00.00,68080000,9903.88.03,25.0
6809.11.00,68091100,9903.88.03,25.0
6809.19.00,68091900,9903.88.03,25.0
6809.90.00,68099000,9903.88.03,25.0
6810.11.00,68101100,9903.88.03,25.0
6810.19.12,68101912,9903.88.03,25.0
6810.19.14,68101914,9903.88.03,25.0
6810.19.50,68101950,9903.88.03,25.0
6810.91.00,68109100,9903.88.03,25.0
6810.99.00,68109900,9903.88.03,25.0
6811.40.00,68114000,9903.88.03,25.0
6811.81.00,68118100,9903.88.03,25.0
6811.82.00,68118200,9903.88.03,25.0
6811.89.10,68118910,9903.88.03,25.0
6811.89.90,68118990,9903.88.03,25.0
6812.80.10,68128010,9903.88.03,25.0
6812.80.90,68128090,9903.88.03,25.0
6812.91.10,68129110,9903.88.03,25.0
6812.91.90,68129190,9903.88.03,25.0
6812.99.10,68129910,9903.88.03,25.0
6812.99.20,68129920,9903.88.03,25.0
6812.99.90,68129990,9903.88.03,25.0
6813.20.00,68132000,9903.88.03,25.0
6813.81.00,68138100,9903.88.03,25.0
6813.89.00,68138900,9903.88.03,25.0
6814.10.00,68141000,9903.88.03,25.0
6814.90.00,68149000,9903.88.03,25.0
6815.11.00,68151100,9903.88.03,25.0
6815.12.00,68151200,9903.88.03,25.0
6815.13.00,68151300,9903.88.03,25.0
6815.19.00,68151900,9903.88.03,25.0
6815.20.00,68152000,9903.88.03,25.0
6815.91.00,68159100,9903.88.03,25.0
6815.99.20,68159920,9903.88.03,25.0
6815.99.41,68159941,9903.88.03,25.0
6901.00.00,69010000,9903.88.03,25.0
6902-10-10 00:00:00,6902-10-10 00:00:00,9903.88.03,25.0
6902.10.50,69021050,9903.88.03,25.0
6902.20.10,69022010,9903.88.03,25.0
6902.20.50,69022050,9903.88.03,25.0
6902.90.10,69029010,9903.88.03,25.0
6902.90.50,69029050,9903.88.03,25.0
6903.10.00,69031000,9903.88.03,25.0
6903.20.00,69032000,9903.88.03,25.0
6903.90.00,69039000,9903.88.03,25.0
6904.10.00,69041000,9903.88.03,25.0
6904.90.00,69049000,9903.88.03,25.0
6905.10.00,69051000,9903.88.03,25.0
6905.90.00,69059000,9903.88.03,25.0
6906.00.00,69060000,9903.88.03,25.0
6907.21.10,69072110,9903.88.03,25.0
6907.21.20,69072120,9903.88.03,25.0
6907.21.30,69072130,9903.88.03,25.0
6907.21.40,69072140,9903.88.03,25.0
6907.21.90,69072190,9903.88.03,25.0
6907.22.10,69072210,9903.88.03,25.0
6907.22.20,69072220,9903.88.03,25.0
6907.22.30,69072230,9903.88.03,25.0
6907.22.40,69072240,9903.88.03,25.0
6907.22.90,69072290,9903.88.03,25.0
6907.23.10,69072310,9903.88.03,25.0
6907.23.20,69072320,9903.88.03,25.0
6907.23.30,69072330,9903.88.03,25.0
6907.23.40,69072340,9903.88.03,25.0
6907.23.90,69072390,9903.88.03,25.0
6907.30.10,69073010,9903.88.03,25.0
6907.30.20,69073020,9903.88.03,25.0
6907.30.30,69073030,9903.88.03,25.0
6907.30.40,69073040,9903.88.03,25.0
6907.30.90,69073090,9903.88.03,25.0
6907.40.10,69074010,9903.88.03,25.0
6907.40.20,69074020,9903.88.03,25.0
6907.40.30,69074030,9903.88.03,25.0
6907.40.40,69074040,9903.88.03,25.0
6907.40.90,69074090,9903.88.03,25.0
6909-11-20 00:00:00,6909-11-20 00:00:00,9903.88.03,25.0
6909.11.40,69091140,9903.88.03,25.0
6909.12.00,69091200,9903.88.03,25.0
6909.19.10,69091910,9903.88.03,25.0
6909.19.50,69091950,9903.88.03,25.0
6909.90.00,69099000,9903.88.03,25.0
6910.90.00,69109000,9903.88.15,7.5
6911-10-10 00:00:00,6911-10-10 00:00:00,9903.88.15,7.5
6911-10-25 00:00:00,6911-10-25 00:00:00,9903.88.15,7.5
6911.10.35,69111035,9903.88.15,7.5
6911.10.37,69111037,9903.88.15,7.5
6911.10.38,69111038,9903.88.15,7.5
6911.10.52,69111052,9903.88.15,7.5
6911.10.58,69111058,9903.88.15,7.5
6911.10.60,69111060,9903.88.15,7.5
6911.10.80,69111080,9903.88.15,7.5
6911.90.00,69119000,9903.88.15,7.5
6912.00.10,69120010,9903.88.15,7.5
6913-10-10 00:00:00,6913-10-10 00:00:00,9903.88.15,7.5
6913-10-20 00:00:00,6913-10-20 00:00:00,9903.88.15,7.5
6913.10.50,69131050,9903.88.15,7.5
6913.90.10,69139010,9903.88.15,7.5
6913.90.20,69139020,9903.88.15,7.5
6913.90.30,69139030,9903.88.15,7.5
6913.90.50,69139050,9903.88.15,7.5
6914.10.40,69141040,9903.88.03,25.0
6914.10.80,69141080,9903.88.03,25.0
6914.90.41,69149041,9903.88.03,25.0
6914.90.80,69149080,9903.88.03,25.0
7001.00.10,70010010,9903.88.03,25.0
7001.00.20,70010020,9903.88.03,25.0
7001.00.51,70010051,9903.88.03,25.0
7002-10-10 00:00:00,7002-10-10 00:00:00,9903.88.03,25.0
7002-10-20 00:00:00,7002-10-20 00:00:00,9903.88.03,25.0
7002.20.10,70022010,9903.88.02,25.0
7002.20.50,70022050,9903.88.03,25.0
7002.31.00,70023100,9903.88.03,25.0
7002.32.00,70023200,9903.88.03,25.0
7002.39.00,70023900,9903.88.03,25.0
7003.12.00,70031200,9903.88.03,25.0
7003.19.00,70031900,9903.88.03,25.0
7003.20.00,70032000,9903.88.03,25.0
7003.30.00,70033000,9903.88.03,25.0
7004.20.10,70042010,9903.88.03,25.0
7004.20.20,70042020,9903.88.03,25.0
7004.20.50,70042050,9903.88.03,25.0
7004.90.05,70049005,9903.88.03,25.0
7004.90.10,70049010,9903.88.03,25.0
7004.90.15,70049015,9903.88.03,25.0
7004.90.20,70049020,9903.88.03,25.0
7004.90.25,70049025,9903.88.03,25.0
7004.90.30,70049030,9903.88.03,25.0
7004.90.40,70049040,9903.88.03,25.0
7004.90.50,70049050,9903.88.03,25.0
7005.10.40,70051040,9903.88.03,25.0
7005.10.80,70051080,9903.88.03,25.0
7005.21.10,70052110,9903.88.03,25.0
7005.21.20,70052120,9903.88.03,25.0
7005.29.04,70052904,9903.88.03,25.0
7005.29.08,70052908,9903.88.03,25.0
7005.29.14,70052914,9903.88.03,25.0
7005.29.18,70052918,9903.88.03,25.0
7005.29.25,70052925,9903.88.03,25.0
7005.30.00,70053000,9903.88.03,25.0
7006.00.10,70060010,9903.88.03,25.0
7006.00.20,70060020,9903.88.03,25.0
7006.00.40,70060040,9903.88.03,25.0
7007.11.00,70071100,9903.88.03,25.0
7007.19.00,70071900,9903.88.03,25.0
7007.21.11,70072111,9903.88.03,25.0
7007.21.51,70072151,9903.88.03,25.0
7007.29.00,70072900,9903.88.03,25.0
7008.00.00,70080000,9903.88.03,25.0
7009.10.00,70091000,9903.88.03,25.0
7009.91.10,70099110,9903.88.03,25.0
7009.91.50,70099150,9903.88.03,25.0
7009.92.10,70099210,9903.88.03,25.0
7009.92.50,70099250,9903.88.03,25.0
7010.10.00,70101000,9903.88.03,25.0
7010.20.20,70102020,9903.88.03,25.0
7010.20.30,70102030,9903.88.03,25.0
7010.90.05,70109005,9903.88.03,25.0
7010.90.20,70109020,9903.88.03,25.0
7010.90.30,70109030,9903.88.03,25.0
7010.90.50,70109050,9903.88.03,25.0
7011-10-10 00:00:00,7011-10-10 00:00:00,9903.88.03,25.0
7011.10.50,70111050,9903.88.03,25.0
7011.20.10,70112010,9903.88.03,25.0
7011.20.45,70112045,9903.88.03,25.0
7011.20.85,70112085,9903.88.03,25.0
7011.90.00,70119000,9903.88.03,25.0
7013-10-10 00:00:00,7013-10-10 00:00:00,9903.88.15,7.5
7013.10.50,70131050,9903.88.15,7.5
7013.22.10,70132210,9903.88.15,7.5
7013.22.20,70132220,9903.88.15,7.5
7013.22.30,70132230,9903.88.15,7.5
7013.22.50,70132250,9903.88.15,7.5
7013.28.05,70132805,9903.88.15,7.5
7013.28.10,70132810,9903.88.15,7.5
7013.28.20,70132820,9903.88.15,7.5
7013.28.30,70132830,9903.88.15,7.5
7013.28.40,70132840,9903.88.15,7.5
7013.28.50,70132850,9903.88.15,7.5
7013.28.60,70132860,9903.88.15,7.5
7013.33.10,70133310,9903.88.15,7.5
7013.33.20,70133320,9903.88.15,7.5
7013.33.30,70133330,9903.88.15,7.5
7013.33.50,70133350,9903.88.15,7.5
7013.37.05,70133705,9903.88.15,7.5
7013.37.10,70133710,9903.88.15,7.5
7013.37.20,70133720,9903.88.15,7.5
7013.37.30,70133730,9903.88.15,7.5
7013.37.40,70133740,9903.88.15,7.5
7013.37.50,70133750,9903.88.15,7.5
7013.37.60,70133760,9903.88.15,7.5
7013.41.10,70134110,9903.88.15,7.5
7013.41.20,70134120,9903.88.15,7.5
7013.41.30,70134130,9903.88.15,7.5
7013.41.50,70134150,9903.88.15,7.5
7013.42.20,70134220,9903.88.15,7.5
7013.42.40,70134240,9903.88.15,7.5
7013.49.10,70134910,9903.88.15,7.5
7013.49.20,70134920,9903.88.15,7.5
7013.49.30,70134930,9903.88.15,7.5
7013.49.40,70134940,9903.88.15,7.5
7013.49.60,70134960,9903.88.15,7.5
7013.91.30,70139130,9903.88.15,7.5
7013.91.50,70139150,9903.88.15,7.5
7013.99.10,70139910,9903.88.15,7.5
7013.99.30,70139930,9903.88.15,7.5
7013.99.35,70139935,9903.88.15,7.5
7013.99.70,70139970,9903.88.15,7.5
7013.99.90,70139990,9903.88.15,7.5
7014.00.10,70140010,9903.88.03,25.0
7014.00.20,70140020,9903.88.03,25.0
7014.00.30,70140030,9903.88.03,25.0
7014.00.50,70140050,9903.88.03,25.0
7015.10.00,70151000,9903.88.15,7.5
7015.90.10,70159010,9903.88.15,7.5
7015.90.20,70159020,9903.88.15,7.5
7015.90.50,70159050,9903.88.15,7.5
7016.10.00,70161000,9903.88.03,25.0
7016.90.10,70169010,9903.88.03,25.0
7016.90.50,70169050,9903.88.03,25.0
7017-10-30 00:00:00,7017-10-30 00:00:00,9903.88.03,25.0
7017.10.60,70171060,9903.88.03,25.0
7017.20.00,70172000,9903.88.03,25.0
7017.90.10,70179010,9903.88.03,25.0
7017.90.50,70179050,9903.88.03,25.0
7018-10-10 00:00:00,7018-10-10 00:00:00,9903.88.03,25.0
7018-10-20 00:00:00,7018-10-20 00:00:00,9903.88.03,25.0
7018.10.50,70181050,9903.88.03,25.0
7018.20.00,70182000,9903.88.03,25.0
7018.90.10,70189010,9903.88.15,7.5
7018.90.50,70189050,9903.88.03,25.0
7019.11.00,70191100,9903.88.03,25.0
7019.12.00,70191200,9903.88.03,25.0
7019.13.05,70191305,9903.88.03,25.0
7019.13.15,70191315,9903.88.03,25.0
7019.13.24,70191324,9903.88.03,25.0
7019.13.28,70191328,9903.88.03,25.0
7019.13.35,70191335,9903.88.03,25.0
7019.14.00,70191400,9903.88.03,25.0
7019.15.00,70191500,9903.88.03,25.0
7019.19.70,70191970,9903.88.03,25.0
7019.19.91,70191991,9903.88.03,25.0
7019.61.05,70196105,9903.88.03,25.0
7019.61.10,70196110,9903.88.03,25.0
7019.61.30,70196130,9903.88.03,25.0
7019.61.40,70196140,9903.88.03,25.0
7019.61.70,70196170,9903.88.03,25.0
7019.61.90,70196190,9903.88.15,7.5
7019.62.05,70196205,9903.88.03,25.0
7019.62.15,70196215,9903.88.03,25.0
7019.62.30,70196230,9903.88.03,25.0
7019.62.40,70196240,9903.88.03,25.0
7019.62.70,70196270,9903.88.03,25.0
7019.62.90,70196290,9903.88.15,7.5
7019.63.05,70196305,9903.88.03,25.0
7019.63.15,70196315,9903.88.03,25.0
7019.63.30,70196330,9903.88.03,25.0
7019.63.40,70196340,9903.88.03,25.0
7019.63.70,70196370,9903.88.03,25.0
7019.63.90,70196390,9903.88.03,25.0
7019.64.05,70196405,9903.88.03,25.0
7019.64.15,70196415,9903.88.03,25.0
7019.64.30,70196430,9903.88.03,25.0
7019.64.40,70196440,9903.88.03,25.0
7019.64.70,70196470,9903.88.03,25.0
7019.64.90,70196490,9903.88.15,7.5
7019.65.51,70196551,9903.88.03,25.0
7019.65.90,70196590,9903.88.03,25.0
7019.66.30,70196630,9903.88.03,25.0
7019.66.40,70196640,9903.88.03,25.0
7019.66.70,70196670,9903.88.03,25.0
7019.66.90,70196690,9903.88.03,25.0
7019.69.30,70196930,9903.88.03,25.0
7019.69.40,70196940,9903.88.03,25.0
7019.69.70,70196970,9903.88.03,25.0
7019.69.90,70196990,9903.88.03,25.0
7019.71.00,70197100,9903.88.03,25.0
7019.72.05,70197205,9903.88.03,25.0
7019.72.15,70197215,9903.88.03,25.0
7019.72.30,70197230,9903.88.03,25.0
7019.72.40,70197240,9903.88.03,25.0
7019.72.70,70197270,9903.88.03,25.0
7019.72.90,70197290,9903.88.15,7.5
7019.73.51,70197351,9903.88.03,25.0
7019.73.90,70197390,9903.88.03,25.0
7019.80.10,70198010,9903.88.03,25.0
7019.80.90,70198090,9903.88.03,25.0
7019.90.11,70199011,9903.88.03,25.0
7019.90.51,70199051,9903.88.03,25.0
7020.00.30,70200030,9903.88.03,25.0
7020.00.40,70200040,9903.88.03,25.0
7020.00.60,70200060,9903.88.03,25.0
7101-10-30 00:00:00,7101-10-30 00:00:00,9903.88.15,7.5
7101.10.60,71011060,9903.88.15,7.5
7101.21.00,71012100,9903.88.15,7.5
7101.22.30,71012230,9903.88.15,7.5
7101.22.60,71012260,9903.88.15,7.5
7102.10.00,71021000,9903.88.15,7.5
7102.21.10,71022110,9903.88.03,25.0
7102.21.30,71022130,9903.88.03,25.0
7102.21.40,71022140,9903.88.03,25.0
7102.29.00,71022900,9903.88.03,25.0
7102.31.00,71023100,9903.88.15,7.5
7102.39.00,71023900,9903.88.15,7.5
7103-10-20 00:00:00,7103-10-20 00:00:00,9903.88.15,7.5
7103.10.40,71031040,9903.88.15,7.5
7103.91.00,71039100,9903.88.15,7.5
7103.99.10,71039910,9903.88.15,7.5
7103.99.50,71039950,9903.88.15,7.5
7104.10.00,71041000,9903.88.15,7.5
7104.21.00,71042100,9903.88.15,7.5
7104.29.00,71042900,9903.88.15,7.5
7104.91.10,71049110,9903.88.15,7.5
7104.91.50,71049150,9903.88.15,7.5
7104.99.10,71049910,9903.88.15,7.5
7104.99.50,71049950,9903.88.15,7.5
7105.10.00,71051000,9903.88.03,25.0
7105.90.00,71059000,9903.88.03,25.0
7106.10.00,71061000,9903.88.03,25.0
7106.91.10,71069110,9903.88.03,25.0
7106.91.50,71069150,9903.88.03,25.0
7106.92.10,71069210,9903.88.03,25.0
7106.92.50,71069250,9903.88.03,25.0
7107.00.00,71070000,9903.88.03,25.0
7108.11.00,71081100,9903.88.03,25.0
7108-12-10 00:00:00,7108-12-10 00:00:00,9903.88.03,25.0
7108.12.50,71081250,9903.88.03,25.0
7108.13.10,71081310,9903.88.03,25.0
7108.13.55,71081355,9903.88.03,25.0
7108.13.70,71081370,9903.88.03,25.0
7108.20.00,71082000,9903.88.03,25.0
7109.00.00,71090000,9903.88.03,25.0
7110.11.00,71101100,9903.88.03,25.0
7110.19.00,71101900,9903.88.03,25.0
7110.21.00,71102100,9903.88.03,25.0
7110.29.00,71102900,9903.88.03,25.0
7110.31.00,71103100,9903.88.03,25.0
7110.39.00,71103900,9903.88.03,25.0
7110.41.00,71104100,9903.88.03,25.0
7110.49.00,71104900,9903.88.03,25.0
7111.00.00,71110000,9903.88.03,25.0
7112.30.01,71123001,9903.88.03,25.0
7112.91.01,71129101,9903.88.03,25.0
7112.92.01,71129201,9903.88.03,25.0
7112.99.01,71129901,9903.88.03,25.0
7113-11-10 00:00:00,7113-11-10 00:00:00,9903.88.15,7.5
7113-11-20 00:00:00,7113-11-20 00:00:00,9903.88.15,7.5
7113.11.50,71131150,9903.88.15,7.5
7113.19.10,71131910,9903.88.15,7.5
7113.19.21,71131921,9903.88.15,7.5
7113.19.25,71131925,9903.88.15,7.5
7113.19.29,71131929,9903.88.15,7.5
7113.19.30,71131930,9903.88.15,7.5
7113.19.50,71131950,9903.88.15,7.5
7113.20.10,71132010,9903.88.15,7.5
7113.20.21,71132021,9903.88.15,7.5
7113.20.25,71132025,9903.88.15,7.5
7113.20.29,71132029,9903.88.15,7.5
7113.20.30,71132030,9903.88.15,7.5
7113.20.50,71132050,9903.88.15,7.5
7114-11-10 00:00:00,7114-11-10 00:00:00,9903.88.03,25.0
7114-11-20 00:00:00,7114-11-20 00:00:00,9903.88.03,25.0
7114-11-30 00:00:00,7114-11-30 00:00:00,9903.88.03,25.0
7114.11.40,71141140,9903.88.03,25.0
7114.11.45,71141145,9903.88.03,25.0
7114.11.50,71141150,9903.88.03,25.0
7114.11.60,71141160,9903.88.03,25.0
7114.11.70,71141170,9903.88.03,25.0
7114.19.00,71141900,9903.88.03,25.0
7114.20.00,71142000,9903.88.03,25.0
7115.10.00,71151000,9903.88.03,25.0
7115.90.05,71159005,9903.88.03,25.0
7115.90.30,71159030,9903.88.03,25.0
7115.90.40,71159040,9903.88.03,25.0
7115.90.60,71159060,9903.88.03,25.0
7116-10-25 00:00:00,7116-10-25 00:00:00,9903.88.15,7.5
7116.20.15,71162015,9903.88.15,7.5
7116.20.30,71162030,9903.88.15,7.5
7116.20.35,71162035,9903.88.15,7.5
7116.20.40,71162040,9903.88.15,7.5
7116.20.50,71162050,9903.88.15,7.5
7117.11.00,71171100,9903.88.15,7.5
7117.19.15,71171915,9903.88.15,7.5
7117.19.20,71171920,9903.88.15,7.5
7117.19.30,71171930,9903.88.15,7.5
7117.19.60,71171960,9903.88.15,7.5
7117.19.90,71171990,9903.88.15,7.5
7117.90.10,71179010,9903.88.15,7.5
7117.90.20,71179020,9903.88.15,7.5
7117.90.30,71179030,9903.88.15,7.5
7117.90.55,71179055,9903.88.15,7.5
7117.90.90,71179090,9903.88.15,7.5
7118.10.00,71181000,9903.88.15,7.5
7118.90.00,71189000,9903.88.15,7.5
7201.10.00,72011000,9903.88.03,25.0
7201.20.00,72012000,9903.88.03,25.0
7201.50.30,72015030,9903.88.03,25.0
7201.50.60,72015060,9903.88.03,25.0
7202-11-10 00:00:00,7202-11-10 00:00:00,9903.88.03,25.0
7202.11.50,72021150,9903.88.03,25.0
7202.19.10,72021910,9903.88.03,25.0
7202.19.50,72021950,9903.88.03,25.0
7202.21.10,72022110,9903.88.03,25.0
7202.21.50,72022150,9903.88.03,25.0
7202.21.75,72022175,9903.88.03,25.0
7202.21.90,72022190,9903.88.03,25.0
7202.29.00,72022900,9903.88.03,25.0
7202.30.00,72023000,9903.88.03,25.0
7202.41.00,72024100,9903.88.03,25.0
7202.49.10,72024910,9903.88.03,25.0
7202.49.50,72024950,9903.88.03,25.0
7202.50.00,72025000,9903.88.03,25.0
7202.60.00,72026000,9903.91.01,25.0
7202.80.00,72028000,9903.88.03,25.0
7202.91.00,72029100,9903.88.03,25.0
7202.92.00,72029200,9903.88.03,25.0
7202.93.40,72029340,9903.91.01,25.0
7202.93.80,72029380,9903.91.01,25.0
7202.99.10,72029910,9903.88.03,25.0
7202.99.20,72029920,9903.88.03,25.0
7203.10.00,72031000,9903.88.03,25.0
7203.90.00,72039000,9903.88.03,25.0
7204.10.00,72041000,9903.88.03,25.0
7204.21.00,72042100,9903.88.03,25.0
7204.29.00,72042900,9903.88.03,25.0
7204.30.00,72043000,9903.88.03,25.0
7204.41.00,72044100,9903.88.03,25.0
7204.49.00,72044900,9903.88.03,25.0
7204.50.00,72045000,9903.88.03,25.0
7205.10.00,72051000,9903.88.03,25.0
7205.21.00,72052100,9903.88.03,25.0
7205.29.00,72052900,9903.88.03,25.0
7206.10.00,72061000,9903.91.01,25.0
7206.90.00,72069000,9903.91.01,25.0
7207.11.00,72071100,9903.91.01,25.0
7207.12.00,72071200,9903.91.01,25.0
7207.19.00,72071900,9903.91.01,25.0
7207.20.00,72072000,9903.91.01,25.0
7208-10-15 00:00:00,7208-10-15 00:00:00,9903.91.01,25.0
7208-10-30 00:00:00,7208-10-30 00:00:00,9903.91.01,25.0
7208.10.60,72081060,9903.91.01,25.0
7208.25.30,72082530,9903.91.01,25.0
7208.25.60,72082560,9903.91.01,25.0
7208.26.00,72082600,9903.91.01,25.0
7208.27.00,72082700,9903.91.01,25.0
7208.36.00,72083600,9903.91.01,25.0
7208.37.00,72083700,9903.91.01,25.0
7208.38.00,72083800,9903.91.01,25.0
7208.39.00,72083900,9903.91.01,25.0
7208.40.30,72084030,9903.91.01,25.0
7208.40.60,72084060,9903.91.01,25.0
7208.51.00,72085100,9903.91.01,25.0
7208.52.00,72085200,9903.91.01,25.0
7208.53.00,72085300,9903.91.01,25.0
7208.54.00,72085400,9903.91.01,25.0
7208.90.00,72089000,9903.91.01,25.0
7209.15.00,72091500,9903.91.01,25.0
7209.16.00,72091600,9903.91.01,25.0
7209.17.00,72091700,9903.91.01,25.0
7209.18.15,72091815,9903.91.01,25.0
7209.18.25,72091825,9903.91.01,25.0
7209.18.60,72091860,9903.91.01,25.0
7209.25.00,72092500,9903.91.01,25.0
7209.26.00,72092600,9903.91.01,25.0
7209.27.00,72092700,9903.91.01,25.0
7209.28.00,72092800,9903.91.01,25.0
7209.90.00,72099000,9903.91.01,25.0
7210.11.00,72101100,9903.91.01,25.0
7210.12.00,72101200,9903.91.01,25.0
7210.20.00,72102000,9903.91.01,25.0
7210.30.00,72103000,9903.91.01,25.0
7210.41.00,72104100,9903.91.01,25.0
7210.49.00,72104900,9903.91.01,25.0
7210.50.00,72105000,9903.91.01,25.0
7210.61.00,72106100,9903.91.01,25.0
7210.69.00,72106900,9903.91.01,25.0
7210.70.30,72107030,9903.91.01,25.0
7210.70.60,72107060,9903.91.01,25.0
7210.90.10,72109010,9903.91.01,25.0
7210.90.60,72109060,9903.91.01,25.0
7210.90.90,72109090,9903.91.01,25.0
7211.13.00,72111300,9903.91.01,25.0
7211.14.00,72111400,9903.91.01,25.0
7211.19.15,72111915,9903.91.01,25.0
7211.19.20,72111920,9903.91.01,25.0
7211.19.30,72111930,9903.91.01,25.0
7211.19.45,72111945,9903.91.01,25.0
7211.19.60,72111960,9903.91.01,25.0
7211.19.75,72111975,9903.91.01,25.0
7211.23.15,72112315,9903.91.01,25.0
7211.23.20,72112320,9903.91.01,25.0
7211.23.30,72112330,9903.91.01,25.0
7211.23.45,72112345,9903.91.01,25.0
7211.23.60,72112360,9903.91.01,25.0
7211.29.20,72112920,9903.91.01,25.0
7211.29.45,72112945,9903.91.01,25.0
7211.29.60,72112960,9903.91.01,25.0
7211.90.00,72119000,9903.91.01,25.0
7212.10.00,72121000,9903.91.01,25.0
7212.20.00,72122000,9903.91.01,25.0
7212.30.10,72123010,9903.91.01,25.0
7212.30.30,72123030,9903.91.01,25.0
7212.30.50,72123050,9903.91.01,25.0
7212.40.10,72124010,9903.91.01,25.0
7212.40.50,72124050,9903.91.01,25.0
7212.50.00,72125000,9903.91.01,25.0
7212.60.00,72126000,9903.91.01,25.0
7213.10.00,72131000,9903.91.01,25.0
7213.20.00,72132000,9903.91.01,25.0
7213.91.30,72139130,9903.91.01,25.0
7213.91.45,72139145,9903.91.01,25.0
7213.91.60,72139160,9903.91.01,25.0
7213.99.00,72139900,9903.91.01,25.0
7214.20.00,72142000,9903.91.01,25.0
7214.30.00,72143000,9903.91.01,25.0
7214.91.00,72149100,9903.91.01,25.0
7214.99.00,72149900,9903.91.01,25.0
7215.10.00,72151000,9903.91.01,25.0
7215.50.00,72155000,9903.91.01,25.0
7215.90.10,72159010,9903.91.01,25.0
7215.90.30,72159030,9903.91.01,25.0
7215.90.50,72159050,9903.91.01,25.0
7216.10.00,72161000,9903.91.01,25.0
7216.21.00,72162100,9903.91.01,25.0
7216.22.00,72162200,9903.91.01,25.0
7216.31.00,72163100,9903.91.01,25.0
7216.32.00,72163200,9903.91.01,25.0
7216.33.00,72163300,9903.91.01,25.0
7216.40.00,72164000,9903.91.01,25.0
7216.50.00,72165000,9903.91.01,25.0
7216.61.00,72166100,9903.88.03,25.0
7216.69.00,72166900,9903.88.03,25.0
7216.91.00,72169100,9903.88.03,25.0
7216.99.00,72169900,9903.91.01,25.0
7217-10-10 00:00:00,7217-10-10 00:00:00,9903.91.01,25.0
7217-10-20 00:00:00,7217-10-20 00:00:00,9903.91.01,25.0
7217-10-30 00:00:00,7217-10-30 00:00:00,9903.91.01,25.0
7217.10.40,72171040,9903.88.15,7.5
7217.10.50,72171050,9903.91.01,25.0
7217.10.60,72171060,9903.91.01,25.0
7217.10.70,72171070,9903.91.01,25.0
7217.10.80,72171080,9903.91.01,25.0
7217.10.90,72171090,9903.91.01,25.0
7217.20.15,72172015,9903.91.01,25.0
7217.20.30,72172030,9903.91.01,25.0
7217.20.45,72172045,9903.91.01,25.0
7217.20.60,72172060,9903.91.01,25.0
7217.20.75,72172075,9903.91.01,25.0
7217.30.15,72173015,9903.91.01,25.0
7217.30.30,72173030,9903.91.01,25.0
7217.30.45,72173045,9903.88.15,7.5
7217.30.60,72173060,9903.91.01,25.0
7217.30.75,72173075,9903.91.01,25.0
7217.90.10,72179010,9903.91.01,25.0
7217.90.50,72179050,9903.91.01,25.0
7218.10.00,72181000,9903.91.01,25.0
7218.91.00,72189100,9903.91.01,25.0
7218.99.00,72189900,9903.91.01,25.0
7219.11.00,72191100,9903.91.01,25.0
7219.12.00,72191200,9903.91.01,25.0
7219.13.00,72191300,9903.91.01,25.0
7219.14.00,72191400,9903.91.01,25.0
7219.21.00,72192100,9903.91.01,25.0
7219.22.00,72192200,9903.91.01,25.0
7219.23.00,72192300,9903.91.01,25.0
7219.24.00,72192400,9903.91.01,25.0
7219.31.00,72193100,9903.91.01,25.0
7219.32.00,72193200,9903.91.01,25.0
7219.33.00,72193300,9903.91.01,25.0
7219.34.00,72193400,9903.91.01,25.0
7219.35.00,72193500,9903.91.01,25.0
7219.90.00,72199000,9903.91.01,25.0
7220.11.00,72201100,9903.88.15,7.5
7220-12-10 00:00:00,7220-12-10 00:00:00,9903.91.01,25.0
7220.12.50,72201250,9903.91.01,25.0
7220.20.10,72202010,9903.91.01,25.0
7220.20.60,72202060,9903.91.01,25.0
7220.20.70,72202070,9903.91.01,25.0
7220.20.80,72202080,9903.91.01,25.0
7220.20.90,72202090,9903.88.15,7.5
7220.90.00,72209000,9903.91.01,25.0
7221.00.00,72210000,9903.91.01,25.0
7222.11.00,72221100,9903.91.01,25.0
7222.19.00,72221900,9903.91.01,25.0
7222.20.00,72222000,9903.91.01,25.0
7222.30.00,72223000,9903.91.01,25.0
7222.40.30,72224030,9903.91.01,25.0
7222.40.60,72224060,9903.91.01,25.0
7223.00.10,72230010,9903.91.01,25.0
7223.00.50,72230050,9903.91.01,25.0
7223.00.90,72230090,9903.91.01,25.0
7224.10.00,72241000,9903.91.01,25.0
7224.90.00,72249000,9903.91.01,25.0
7225.11.00,72251100,9903.91.01,25.0
7225.19.00,72251900,9903.91.01,25.0
7225.30.11,72253011,9903.91.01,25.0
7225.30.30,72253030,9903.91.01,25.0
7225.30.51,72253051,9903.91.01,25.0
7225.30.70,72253070,9903.91.01,25.0
7225.40.11,72254011,9903.91.01,25.0
7225.40.30,72254030,9903.91.01,25.0
7225.40.51,72254051,9903.91.01,25.0
7225.40.70,72254070,9903.91.01,25.0
7225.50.11,72255011,9903.91.01,25.0
7225.50.60,72255060,9903.91.01,25.0
7225.50.70,72255070,9903.91.01,25.0
7225.50.80,72255080,9903.91.01,25.0
7225.91.00,72259100,9903.91.01,25.0
7225.92.00,72259200,9903.91.01,25.0
7225.99.00,72259900,9903.91.01,25.0
7226-11-10 00:00:00,7226-11-10 00:00:00,9903.91.01,25.0
7226.11.90,72261190,9903.91.01,25.0
7226.19.10,72261910,9903.91.01,25.0
7226.19.90,72261990,9903.91.01,25.0
7226.20.00,72262000,9903.91.01,25.0
7226.91.05,72269105,9903.91.01,25.0
7226.91.15,72269115,9903.91.01,25.0
7226.91.25,72269125,9903.91.01,25.0
7226.91.50,72269150,9903.91.01,25.0
7226.91.70,72269170,9903.91.01,25.0
7226.91.80,72269180,9903.91.01,25.0
7226.92.10,72269210,9903.91.01,25.0
7226.92.30,72269230,9903.91.01,25.0
7226.92.50,72269250,9903.91.01,25.0
7226.92.70,72269270,9903.91.01,25.0
7226.92.80,72269280,9903.91.01,25.0
7226.99.01,72269901,9903.91.01,25.0
7227.10.00,72271000,9903.91.01,25.0
7227.20.00,72272000,9903.91.01,25.0
7227.90.10,72279010,9903.91.01,25.0
7227.90.20,72279020,9903.91.01,25.0
7227.90.60,72279060,9903.91.01,25.0
7228.10.00,72281000,9903.88.15,7.5
7228.20.10,72282010,9903.91.01,25.0
7228.20.50,72282050,9903.91.01,25.0
7228.30.20,72283020,9903.88.15,7.5
7228.30.40,72283040,9903.91.01,25.0
7228.30.60,72283060,9903.91.01,25.0
7228.30.80,72283080,9903.91.01,25.0
7228.40.00,72284000,9903.91.01,25.0
7228.50.10,72285010,9903.91.01,25.0
7228.50.50,72285050,9903.91.01,25.0
7228.60.10,72286010,9903.91.01,25.0
7228.60.60,72286060,9903.91.01,25.0
7228.60.80,72286080,9903.91.01,25.0
7228.70.30,72287030,9903.91.01,25.0
7228.70.60,72287060,9903.91.01,25.0
7228.80.00,72288000,9903.88.15,7.5
7229.20.00,72292000,9903.91.01,25.0
7229.90.05,72299005,9903.88.15,7.5
7229.90.10,72299010,9903.91.01,25.0
7229.90.50,72299050,9903.91.01,25.0
7229.90.90,72299090,9903.91.01,25.0
7301.10.00,73011000,9903.91.01,25.0
7301.20.10,73012010,9903.88.03,25.0
7301.20.50,73012050,9903.88.03,25.0
7302-10-10 00:00:00,7302-10-10 00:00:00,9903.91.01,25.0
7302.10.50,73021050,9903.91.01,25.0
7302.30.00,73023000,9903.88.03,25.0
7302.40.00,73024000,9903.91.01,25.0
7302.90.10,73029010,9903.91.01,25.0
7302.90.90,73029090,9903.91.01,25.0
7303.00.00,73030000,9903.88.03,25.0
7304.11.00,73041100,9903.91.01,25.0
7304.19.10,73041910,9903.91.01,25.0
7304.19.50,73041950,9903.91.01,25.0
7304.22.00,73042200,9903.91.01,25.0
7304.23.30,73042330,9903.91.01,25.0
7304.23.60,73042360,9903.91.01,25.0
7304.24.30,73042430,9903.91.01,25.0
7304.24.40,73042440,9903.91.01,25.0
7304.24.60,73042460,9903.91.01,25.0
7304.29.10,73042910,9903.91.01,25.0
7304.29.20,73042920,9903.91.01,25.0
7304.29.31,73042931,9903.91.01,25.0
7304.29.41,73042941,9903.91.01,25.0
7304.29.50,73042950,9903.91.01,25.0
7304.29.61,73042961,9903.91.01,25.0
7304.31.30,73043130,9903.91.01,25.0
7304.31.60,73043160,9903.91.01,25.0
7304.39.00,73043900,9903.91.01,25.0
7304.41.30,73044130,9903.88.15,7.5
7304.41.60,73044160,9903.88.15,7.5
7304.49.00,73044900,9903.91.01,25.0
7304.51.10,73045110,9903.91.01,25.0
7304.51.50,73045150,9903.91.01,25.0
7304.59.10,73045910,9903.91.01,25.0
7304.59.20,73045920,9903.91.01,25.0
7304.59.60,73045960,9903.91.01,25.0
7304.59.80,73045980,9903.91.01,25.0
7304.90.10,73049010,9903.91.01,25.0
7304.90.30,73049030,9903.88.15,7.5
7304.90.50,73049050,9903.88.15,7.5
7304.90.70,73049070,9903.91.01,25.0
7305-11-10 00:00:00,7305-11-10 00:00:00,9903.91.01,25.0
7305.11.50,73051150,9903.91.01,25.0
7305-12-10 00:00:00,7305-12-10 00:00:00,9903.91.01,25.0
7305.12.50,73051250,9903.91.01,25.0
7305.19.10,73051910,9903.91.01,25.0
7305.19.50,73051950,9903.91.01,25.0
7305.20.20,73052020,9903.91.01,25.0
7305.20.40,73052040,9903.91.01,25.0
7305.20.60,73052060,9903.91.01,25.0
7305.20.80,73052080,9903.91.01,25.0
7305.31.20,73053120,9903.91.01,25.0
7305.31.40,73053140,9903.91.01,25.0
7305.31.60,73053160,9903.91.01,25.0
7305.39.10,73053910,9903.91.01,25.0
7305.39.50,73053950,9903.91.01,25.0
7305.90.10,73059010,9903.91.01,25.0
7305.90.50,73059050,9903.91.01,25.0
7306.11.00,73061100,9903.91.01,25.0
7306.19.10,73061910,9903.91.01,25.0
7306.19.51,73061951,9903.91.01,25.0
7306.21.30,73062130,9903.91.01,25.0
7306.21.40,73062140,9903.91.01,25.0
7306.21.80,73062180,9903.91.01,25.0
7306.29.10,73062910,9903.91.01,25.0
7306.29.20,73062920,9903.91.01,25.0
7306.29.31,73062931,9903.91.01,25.0
7306.29.41,73062941,9903.91.01,25.0
7306.29.60,73062960,9903.91.01,25.0
7306.29.81,73062981,9903.91.01,25.0
7306.30.10,73063010,9903.91.01,25.0
7306.30.30,73063030,9903.91.01,25.0
7306.30.50,73063050,9903.91.01,25.0
7306.40.10,73064010,9903.91.01,25.0
7306.40.50,73064050,9903.91.01,25.0
7306.50.10,73065010,9903.91.01,25.0
7306.50.30,73065030,9903.91.01,25.0
7306.50.50,73065050,9903.91.01,25.0
7306.61.10,73066110,9903.91.01,25.0
7306.61.30,73066130,9903.91.01,25.0
7306.61.50,73066150,9903.91.01,25.0
7306.61.70,73066170,9903.91.01,25.0
7306.69.10,73066910,9903.91.01,25.0
7306.69.30,73066930,9903.91.01,25.0
7306.69.50,73066950,9903.88.15,7.5
7306.69.70,73066970,9903.91.01,25.0
7306.90.10,73069010,9903.91.01,25.0
7306.90.50,73069050,9903.91.01,25.0
7307.11.00,73071100,9903.88.03,25.0
7307.19.30,73071930,9903.88.03,25.0
7307.19.90,73071990,9903.88.03,25.0
7307.21.10,73072110,9903.88.03,25.0
7307.21.50,73072150,9903.88.03,25.0
7307.22.10,73072210,9903.88.03,25.0
7307.22.50,73072250,9903.88.03,25.0
7307.23.00,73072300,9903.88.03,25.0
7307.29.00,73072900,9903.88.03,25.0
7307.91.10,73079110,9903.88.03,25.0
7307.91.30,73079130,9903.88.03,25.0
7307.91.50,73079150,9903.88.03,25.0
7307.92.30,73079230,9903.88.03,25.0
7307.92.90,73079290,9903.88.03,25.0
7307.93.30,73079330,9903.88.03,25.0
7307.93.60,73079360,9903.88.03,25.0
7307.93.90,73079390,9903.88.03,25.0
7307.99.10,73079910,9903.88.03,25.0
7307.99.30,73079930,9903.88.03,25.0
7307.99.50,73079950,9903.88.03,25.0
7308.10.00,73081000,9903.88.02,25.0
7308.20.00,73082000,9903.88.02,25.0
7308.30.10,73083010,9903.88.03,25.0
7308.30.50,73083050,9903.88.03,25.0
7308.40.00,73084000,9903.88.03,25.0
7308.90.30,73089030,9903.88.02,25.0
7308.90.60,73089060,9903.88.02,25.0
7308.90.70,73089070,9903.88.02,25.0
7308.90.95,73089095,9903.88.02,25.0
7309.00.00,73090000,9903.88.03,25.0
7310.10.00,73101000,9903.88.03,25.0
7310.21.00,73102100,9903.88.03,25.0
7310.29.00,73102900,9903.88.03,25.0
7311.00.00,73110000,9903.88.03,25.0
7312-10-05 00:00:00,7312-10-05 00:00:00,9903.88.03,25.0
7312-10-10 00:00:00,7312-10-10 00:00:00,9903.88.03,25.0
7312-10-20 00:00:00,7312-10-20 00:00:00,9903.88.03,25.0
7312-10-30 00:00:00,7312-10-30 00:00:00,9903.88.03,25.0
7312.10.50,73121050,9903.88.03,25.0
7312.10.60,73121060,9903.88.03,25.0
7312.10.70,73121070,9903.88.03,25.0
7312.10.80,73121080,9903.88.03,25.0
7312.10.90,73121090,9903.88.03,25.0
7312.90.00,73129000,9903.88.03,25.0
7313.00.00,73130000,9903.88.03,25.0
7314-12-10 00:00:00,7314-12-10 00:00:00,9903.88.03,25.0
7314-12-20 00:00:00,7314-12-20 00:00:00,9903.88.03,25.0
7314-12-30 00:00:00,7314-12-30 00:00:00,9903.88.03,25.0
7314.12.60,73141260,9903.88.03,25.0
7314.12.90,73141290,9903.88.03,25.0
7314.14.10,73141410,9903.88.03,25.0
7314.14.20,73141420,9903.88.03,25.0
7314.14.30,73141430,9903.88.03,25.0
7314.14.60,73141460,9903.88.03,25.0
7314.14.90,73141490,9903.88.03,25.0
7314.19.01,73141901,9903.88.03,25.0
7314.20.00,73142000,9903.88.03,25.0
7314.31.10,73143110,9903.88.03,25.0
7314.31.50,73143150,9903.88.03,25.0
7314.39.00,73143900,9903.88.03,25.0
7314.41.00,73144100,9903.88.03,25.0
7314.42.00,73144200,9903.88.03,25.0
7314.49.30,73144930,9903.88.03,25.0
7314.49.60,73144960,9903.88.03,25.0
7314.50.00,73145000,9903.88.03,25.0
7315.11.00,73151100,9903.88.03,25.0
7315.12.00,73151200,9903.88.03,25.0
7315.19.00,73151900,9903.88.03,25.0
7315.20.10,73152010,9903.88.03,25.0
7315.20.50,73152050,9903.88.03,25.0
7315.81.00,73158100,9903.88.03,25.0
7315.82.10,73158210,9903.88.03,25.0
7315.82.30,73158230,9903.88.03,25.0
7315.82.50,73158250,9903.88.03,25.0
7315.82.70,73158270,9903.88.03,25.0
7315.89.10,73158910,9903.88.03,25.0
7315.89.30,73158930,9903.88.03,25.0
7315.89.50,73158950,9903.88.03,25.0
7315.90.00,73159000,9903.88.03,25.0
7316.00.00,73160000,9903.88.03,25.0
7317.00.10,73170010,9903.88.15,7.5
7317.00.20,73170020,9903.88.03,25.0
7317.00.30,73170030,9903.88.03,25.0
7317.00.55,73170055,9903.88.03,25.0
7317.00.65,73170065,9903.88.03,25.0
7317.00.75,73170075,9903.88.03,25.0
7318.11.00,73181100,9903.88.03,25.0
7318.12.00,73181200,9903.88.03,25.0
7318.13.00,73181300,9903.88.03,25.0
7318.14.10,73181410,9903.88.03,25.0
7318.14.50,73181450,9903.88.03,25.0
7318.15.20,73181520,9903.88.03,25.0
7318.15.40,73181540,9903.88.03,25.0
7318.15.50,73181550,9903.88.03,25.0
7318.15.60,73181560,9903.88.03,25.0
7318.15.80,73181580,9903.88.03,25.0
7318.16.00,73181600,9903.88.15,7.5
7318.19.00,73181900,9903.88.03,25.0
7318.21.00,73182100,9903.88.03,25.0
7318.22.00,73182200,9903.88.03,25.0
7318.23.00,73182300,9903.88.03,25.0
7318.24.00,73182400,9903.88.03,25.0
7318.29.00,73182900,9903.88.03,25.0
7319.40.20,73194020,9903.88.15,7.5
7319.40.30,73194030,9903.88.15,7.5
7319.40.50,73194050,9903.88.15,7.5
7319.90.10,73199010,9903.88.15,7.5
7319.90.90,73199090,9903.88.15,7.5
7320-10-30 00:00:00,7320-10-30 00:00:00,9903.88.03,25.0
7320.10.60,73201060,9903.88.03,25.0
7320.10.90,73201090,9903.88.03,25.0
7320.20.10,73202010,9903.88.15,7.5
7320.20.50,73202050,9903.88.15,7.5
7320.90.10,73209010,9903.88.03,25.0
7320.90.50,73209050,9903.88.03,25.0
7321-11-10 00:00:00,7321-11-10 00:00:00,9903.88.03,25.0
7321-11-30 00:00:00,7321-11-30 00:00:00,9903.88.03,25.0
7321.11.60,73211160,9903.88.03,25.0
7321.81.50,73218150,9903.88.15,7.5
7321.82.10,73218210,9903.88.15,7.5
7321.82.50,73218250,9903.88.15,7.5
7321.89.00,73218900,9903.88.15,7.5
7321.90.10,73219010,9903.88.03,25.0
7321.90.20,73219020,9903.88.03,25.0
7321.90.40,73219040,9903.88.03,25.0
7321.90.50,73219050,9903.88.03,25.0
7321.90.60,73219060,9903.88.03,25.0
7322.11.00,73221100,9903.88.03,25.0
7322.19.00,73221900,9903.88.03,25.0
7322.90.00,73229000,9903.88.03,25.0
7323.10.00,73231000,9903.88.03,25.0
7323.91.10,73239110,9903.88.15,7.5
7323.92.00,73239200,9903.88.15,7.5
7323.94.00,73239400,9903.88.15,7.5
7323.99.10,73239910,9903.88.15,7.5
7323.99.90,73239990,9903.88.03,25.0
7324.10.00,73241000,9903.88.03,25.0
7324.21.10,73242110,9903.88.03,25.0
7324.21.50,73242150,9903.88.03,25.0
7324.29.00,73242900,9903.88.15,7.5
7324.90.00,73249000,9903.88.03,25.0
7325.10.00,73251000,9903.88.03,25.0
7325.91.00,73259100,9903.88.03,25.0
7325.99.10,73259910,9903.88.03,25.0
7325.99.50,73259950,9903.88.03,25.0
7326.11.00,73261100,9903.88.03,25.0
7326.19.00,73261900,9903.88.03,25.0
7326.20.00,73262000,9903.88.03,25.0
7326.90.10,73269010,9903.88.03,25.0
7326.90.25,73269025,9903.88.03,25.0
7326.90.35,73269035,9903.88.03,25.0
7326.90.45,73269045,9903.88.03,25.0
7326.90.60,73269060,9903.88.03,25.0
7326.90.86,73269086,9903.88.03,25.0
7402.00.00,74020000,9903.88.03,25.0
7403.11.00,74031100,9903.88.03,25.0
7403.12.00,74031200,9903.88.03,25.0
7403.13.00,74031300,9903.88.03,25.0
7403.19.00,74031900,9903.88.03,25.0
7403.21.00,74032100,9903.88.03,25.0
7403.22.00,74032200,9903.88.03,25.0
7403.29.01,74032901,9903.88.03,25.0
7404.00.30,74040030,9903.88.03,25.0
7404.00.60,74040060,9903.88.03,25.0
7405.00.10,74050010,9903.88.03,25.0
7405.00.60,74050060,9903.88.03,25.0
7406.10.00,74061000,9903.88.03,25.0
7406.20.00,74062000,9903.88.03,25.0
7407-10-15 00:00:00,7407-10-15 00:00:00,9903.88.03,25.0
7407-10-30 00:00:00,7407-10-30 00:00:00,9903.88.03,25.0
7407.10.50,74071050,9903.88.03,25.0
7407.21.15,74072115,9903.88.03,25.0
7407.21.30,74072130,9903.88.03,25.0
7407.21.50,74072150,9903.88.03,25.0
7407.21.70,74072170,9903.88.03,25.0
7407.21.90,74072190,9903.88.03,25.0
7407.29.16,74072916,9903.88.03,25.0
7407.29.34,74072934,9903.88.03,25.0
7407.29.38,74072938,9903.88.03,25.0
7407.29.40,74072940,9903.88.03,25.0
7407.29.50,74072950,9903.88.03,25.0
7408-11-30 00:00:00,7408-11-30 00:00:00,9903.88.03,25.0
7408.11.60,74081160,9903.88.03,25.0
7408.19.00,74081900,9903.88.03,25.0
7408.21.00,74082100,9903.88.03,25.0
7408.22.10,74082210,9903.88.03,25.0
7408.22.50,74082250,9903.88.03,25.0
7408.29.10,74082910,9903.88.03,25.0
7408.29.50,74082950,9903.88.03,25.0
7409-11-10 00:00:00,7409-11-10 00:00:00,9903.88.03,25.0
7409.11.50,74091150,9903.88.03,25.0
7409.19.10,74091910,9903.88.03,25.0
7409.19.50,74091950,9903.88.03,25.0
7409.19.90,74091990,9903.88.03,25.0
7409.21.00,74092100,9903.88.03,25.0
7409.29.00,74092900,9903.88.03,25.0
7409.31.10,74093110,9903.88.03,25.0
7409.31.50,74093150,9903.88.03,25.0
7409.31.90,74093190,9903.88.03,25.0
7409.39.10,74093910,9903.88.03,25.0
7409.39.50,74093950,9903.88.03,25.0
7409.39.90,74093990,9903.88.03,25.0
7409.40.00,74094000,9903.88.03,25.0
7409.90.10,74099010,9903.88.03,25.0
7409.90.50,74099050,9903.88.03,25.0
7409.90.90,74099090,9903.88.03,25.0
7410.11.00,74101100,9903.88.03,25.0
7410.12.00,74101200,9903.88.03,25.0
7410.21.30,74102130,9903.88.03,25.0
7410.21.60,74102160,9903.88.03,25.0
7410.22.00,74102200,9903.88.03,25.0
7411-10-10 00:00:00,7411-10-10 00:00:00,9903.88.03,25.0
7411.10.50,74111050,9903.88.03,25.0
7411.21.10,74112110,9903.88.03,25.0
7411.21.50,74112150,9903.88.03,25.0
7411.22.00,74112200,9903.88.03,25.0
7411.29.10,74112910,9903.88.03,25.0
7411.29.50,74112950,9903.88.03,25.0
7412.10.00,74121000,9903.88.03,25.0
7412.20.00,74122000,9903.88.03,25.0
7413.00.10,74130010,9903.88.03,25.0
7413.00.50,74130050,9903.88.03,25.0
7413.00.90,74130090,9903.88.03,25.0
7415.10.00,74151000,9903.88.03,25.0
7415.21.00,74152100,9903.88.03,25.0
7415.29.00,74152900,9903.88.03,25.0
7415.33.05,74153305,9903.88.03,25.0
7415.33.10,74153310,9903.88.03,25.0
7415.33.80,74153380,9903.88.03,25.0
7415.39.00,74153900,9903.88.03,25.0
7418.10.00,74181000,9903.88.15,7.5
7418.20.10,74182010,9903.88.03,25.0
7418.20.50,74182050,9903.88.03,25.0
7419.20.00,74192000,9903.88.03,25.0
7419.80.03,74198003,9903.88.03,25.0
7419.80.06,74198006,9903.88.03,25.0
7419.80.09,74198009,9903.88.03,25.0
7419.80.15,74198015,9903.88.03,25.0
7419.80.16,74198016,9903.88.03,25.0
7419.80.17,74198017,9903.88.03,25.0
7419.80.30,74198030,9903.88.03,25.0
7419.80.50,74198050,9903.88.03,25.0
7501.10.00,75011000,9903.88.03,25.0
7501.20.00,75012000,9903.88.03,25.0
7502.10.00,75021000,9903.88.03,25.0
7502.20.00,75022000,9903.88.03,25.0
7503.00.00,75030000,9903.88.03,25.0
7504.00.00,75040000,9903.88.03,25.0
7505-11-10 00:00:00,7505-11-10 00:00:00,9903.88.03,25.0
7505-11-30 00:00:00,7505-11-30 00:00:00,9903.88.03,25.0
7505.11.50,75051150,9903.88.03,25.0
7505-12-10 00:00:00,7505-12-10 00:00:00,9903.88.03,25.0
7505-12-30 00:00:00,7505-12-30 00:00:00,9903.88.03,25.0
7505.12.50,75051250,9903.88.03,25.0
7505.21.10,75052110,9903.88.03,25.0
7505.21.50,75052150,9903.88.03,25.0
7505.22.10,75052210,9903.88.03,25.0
7505.22.50,75052250,9903.88.03,25.0
7506-10-05 00:00:00,7506-10-05 00:00:00,9903.88.03,25.0
7506-10-10 00:00:00,7506-10-10 00:00:00,9903.88.03,25.0
7506-10-30 00:00:00,7506-10-30 00:00:00,9903.88.03,25.0
7506.20.05,75062005,9903.88.03,25.0
7506.20.10,75062010,9903.88.03,25.0
7506.20.30,75062030,9903.88.03,25.0
7507.11.00,75071100,9903.88.03,25.0
7507.12.00,75071200,9903.88.03,25.0
7507.20.00,75072000,9903.88.03,25.0
7508.10.00,75081000,9903.88.03,25.0
7508.90.10,75089010,9903.88.03,25.0
7508.90.50,75089050,9903.88.03,25.0
7601-10-30 00:00:00,7601-10-30 00:00:00,9903.91.01,25.0
7601.10.60,76011060,9903.91.01,25.0
7601.20.30,76012030,9903.91.01,25.0
7601.20.60,76012060,9903.91.01,25.0
7601.20.90,76012090,9903.91.01,25.0
7602.00.00,76020000,9903.88.03,25.0
7603.10.00,76031000,9903.88.03,25.0
7603.20.00,76032000,9903.88.03,25.0
7604-10-10 00:00:00,7604-10-10 00:00:00,9903.91.01,25.0
7604-10-30 00:00:00,7604-10-30 00:00:00,9903.91.01,25.0
7604.10.50,76041050,9903.91.01,25.0
7604.21.00,76042100,9903.91.01,25.0
7604.29.10,76042910,9903.91.01,25.0
7604.29.30,76042930,9903.91.01,25.0
7604.29.50,76042950,9903.91.01,25.0
7605.11.00,76051100,9903.91.01,25.0
7605.19.00,76051900,9903.91.01,25.0
7605.21.00,76052100,9903.91.01,25.0
7605.29.00,76052900,9903.91.01,25.0
7606-11-30 00:00:00,7606-11-30 00:00:00,9903.91.01,25.0
7606.11.60,76061160,9903.91.01,25.0
7606-12-30 00:00:00,7606-12-30 00:00:00,9903.91.01,25.0
7606.12.60,76061260,9903.91.01,25.0
7606.91.30,76069130,9903.91.01,25.0
7606.91.60,76069160,9903.91.01,25.0
7606.92.30,76069230,9903.91.01,25.0
7606.92.60,76069260,9903.91.01,25.0
7607-11-30 00:00:00,7607-11-30 00:00:00,9903.91.01,25.0
7607.11.60,76071160,9903.91.01,25.0
7607.11.90,76071190,9903.91.01,25.0
7607.19.10,76071910,9903.88.15,7.5
7607.19.30,76071930,9903.88.15,7.5
7607.19.60,76071960,9903.91.01,25.0
7607.20.10,76072010,9903.91.01,25.0
7607.20.50,76072050,9903.88.15,7.5
7608.10.00,76081000,9903.91.01,25.0
7608.20.00,76082000,9903.91.01,25.0
7609.00.00,76090000,9903.91.01,25.0
7610.10.00,76101000,9903.88.15,7.5
7610.90.00,76109000,9903.88.03,25.0
7611.00.00,76110000,9903.88.03,25.0
7612.10.00,76121000,9903.88.03,25.0
7612.90.10,76129010,9903.88.03,25.0
7612.90.50,76129050,9903.88.03,25.0
7613.00.00,76130000,9903.88.03,25.0
7614-10-10 00:00:00,7614-10-10 00:00:00,9903.88.02,25.0
7614.10.50,76141050,9903.88.03,25.0
7614.90.20,76149020,9903.88.02,25.0
7614.90.40,76149040,9903.88.03,25.0
7614.90.50,76149050,9903.88.03,25.0
7615-10-11 00:00:00,7615-10-11 00:00:00,9903.88.15,7.5
7615-10-30 00:00:00,7615-10-30 00:00:00,9903.88.15,7.5
7615.10.50,76151050,9903.88.15,7.5
7615.10.91,76151091,9903.88.15,7.5
7615.20.00,76152000,9903.88.03,25.0
7616-10-10 00:00:00,7616-10-10 00:00:00,9903.88.03,25.0
7616-10-30 00:00:00,7616-10-30 00:00:00,9903.88.03,25.0
7616.10.50,76161050,9903.88.03,25.0
7616.10.70,76161070,9903.88.03,25.0
7616.10.90,76161090,9903.88.03,25.0
7616.91.00,76169100,9903.88.03,25.0
7616.99.10,76169910,9903.88.03,25.0
7616.99.51,76169951,9903.88.03,25.0
7801.91.00,78019100,9903.88.03,25.0
7801.99.30,78019930,9903.88.03,25.0
7801.99.90,78019990,9903.88.03,25.0
7804.11.00,78041100,9903.88.03,25.0
7804.19.00,78041900,9903.88.03,25.0
7804.20.00,78042000,9903.88.03,25.0
7806.00.03,78060003,9903.88.03,25.0
7806.00.05,78060005,9903.88.03,25.0
7806.00.80,78060080,9903.88.03,25.0
7901.11.00,79011100,9903.91.01,25.0
7901-12-10 00:00:00,7901-12-10 00:00:00,9903.91.01,25.0
7901.12.50,79011250,9903.91.01,25.0
7901.20.00,79012000,9903.91.01,25.0
7903.10.00,79031000,9903.88.03,25.0
7903.90.30,79039030,9903.88.03,25.0
7903.90.60,79039060,9903.88.03,25.0
7904.00.00,79040000,9903.88.03,25.0
7905.00.00,79050000,9903.88.03,25.0
7907.00.20,79070020,9903.88.03,25.0
7907.00.60,79070060,9903.88.03,25.0
8001.10.00,80011000,9903.91.01,25.0
8001.20.00,80012000,9903.91.01,25.0
8007.00.10,80070010,9903.88.03,25.0
8007.00.50,80070050,9903.88.03,25.0
8101.10.00,81011000,9903.91.01,25.0
8101.94.00,81019400,9903.91.11,25.0
8101.96.00,81019600,9903.88.03,25.0
8101.99.10,81019910,9903.91.11,25.0
8101.99.80,81019980,9903.91.11,25.0
8102.96.00,81029600,9903.88.03,25.0
8103.20.00,81032000,9903.91.01,25.0
8104.30.00,81043000,9903.88.03,25.0
8104.90.00,81049000,9903.88.03,25.0
8105.20.30,81052030,9903.88.03,25.0
8105.20.60,81052060,9903.88.03,25.0
8105.20.90,81052090,9903.88.03,25.0
8105.30.00,81053000,9903.88.03,25.0
8105.90.00,81059000,9903.88.03,25.0
8106.10.00,81061000,9903.88.03,25.0
8106.90.00,81069000,9903.88.03,25.0
8108.20.00,81082000,9903.88.03,25.0
8108.30.00,81083000,9903.88.03,25.0
8108.90.30,81089030,9903.88.03,25.0
8108.90.60,81089060,9903.88.03,25.0
8109.31.00,81093100,9903.88.03,25.0
8109.39.00,81093900,9903.88.03,25.0
8109.91.00,81099100,9903.88.03,25.0
8109.99.00,81099900,9903.88.03,25.0
8112.12.00,81121200,9903.88.03,25.0
8112.13.00,81121300,9903.88.03,25.0
8112.19.00,81121900,9903.88.03,25.0
8112.21.00,81122100,9903.91.01,25.0
8112.29.00,81122900,9903.88.03,25.0
8112.31.00,81123100,9903.88.03,25.0
8112.39.00,81123900,9903.88.03,25.0
8112.41.10,81124110,9903.88.03,25.0
8112.41.50,81124150,9903.88.03,25.0
8112.49.00,81124900,9903.88.03,25.0
8112.51.00,81125100,9903.88.03,25.0
8112.52.00,81125200,9903.88.03,25.0
8112.59.00,81125900,9903.88.03,25.0
8112.61.00,81126100,9903.88.03,25.0
8112.69.10,81126910,9903.88.03,25.0
8112.69.90,81126990,9903.88.03,25.0
8112.92.07,81129207,9903.88.03,25.0
8112.92.10,81129210,9903.88.03,25.0
8112.92.30,81129230,9903.91.01,25.0
8112.92.40,81129240,9903.88.03,25.0
8112.92.65,81129265,9903.88.03,25.0
8112.92.70,81129270,9903.88.03,25.0
8112.99.10,81129910,9903.88.03,25.0
8112.99.20,81129920,9903.88.03,25.0
8112.99.91,81129991,9903.88.03,25.0
8113.00.00,81130000,9903.88.03,25.0
8201.10.00,82011000,9903.88.03,25.0
8201.30.00,82013000,9903.88.03,25.0
8201.40.30,82014030,9903.88.03,25.0
8201.40.60,82014060,9903.88.03,25.0
8201.50.00,82015000,9903.88.03,25.0
8201.60.00,82016000,9903.88.03,25.0
8201.90.30,82019030,9903.88.03,25.0
8201.90.40,82019040,9903.88.03,25.0
8201.90.60,82019060,9903.88.03,25.0
8202.10.00,82021000,9903.88.03,25.0
8202.20.00,82022000,9903.88.03,25.0
8202.31.00,82023100,9903.88.03,25.0
8202.39.00,82023900,9903.88.03,25.0
8202.40.30,82024030,9903.88.03,25.0
8202.40.60,82024060,9903.88.03,25.0
8202.91.30,82029130,9903.88.03,25.0
8202.91.60,82029160,9903.88.03,25.0
8202.99.00,82029900,9903.88.03,25.0
8203-10-30 00:00:00,8203-10-30 00:00:00,9903.88.03,25.0
8203.10.60,82031060,9903.88.03,25.0
8203.10.90,82031090,9903.88.03,25.0
8203.20.20,82032020,9903.88.03,25.0
8203.20.40,82032040,9903.88.03,25.0
8203.20.60,82032060,9903.88.03,25.0
8203.20.80,82032080,9903.88.03,25.0
8203.30.00,82033000,9903.88.03,25.0
8203.40.30,82034030,9903.88.03,25.0
8203.40.60,82034060,9903.88.03,25.0
8204.11.00,82041100,9903.88.03,25.0
8204.12.00,82041200,9903.88.03,25.0
8204.20.00,82042000,9903.88.03,25.0
8205.10.00,82051000,9903.88.03,25.0
8205.20.30,82052030,9903.88.03,25.0
8205.20.60,82052060,9903.88.03,25.0
8205.30.30,82053030,9903.88.03,25.0
8205.30.60,82053060,9903.88.03,25.0
8205.40.00,82054000,9903.88.03,25.0
8205.51.15,82055115,9903.88.03,25.0
8205.51.30,82055130,9903.88.03,25.0
8205.51.45,82055145,9903.88.03,25.0
8205.51.60,82055160,9903.88.03,25.0
8205.51.75,82055175,9903.88.03,25.0
8205.59.10,82055910,9903.88.03,25.0
8205.59.20,82055920,9903.88.03,25.0
8205.59.30,82055930,9903.88.03,25.0
8205.59.45,82055945,9903.88.03,25.0
8205.59.55,82055955,9903.88.03,25.0
8205.59.60,82055960,9903.88.03,25.0
8205.59.70,82055970,9903.88.03,25.0
8205.59.80,82055980,9903.88.03,25.0
8205.60.00,82056000,9903.88.03,25.0
8205.70.00,82057000,9903.88.03,25.0
8205.90.10,82059010,9903.88.03,25.0
8205.90.60,82059060,9903.88.03,25.0
8206.00.00,82060000,9903.88.03,25.0
8207.13.00,82071300,9903.88.03,25.0
8207.19.30,82071930,9903.88.03,25.0
8207.19.60,82071960,9903.88.03,25.0
8207.20.00,82072000,9903.88.03,25.0
8207.30.30,82073030,9903.88.03,25.0
8207.30.60,82073060,9903.88.03,25.0
8207.40.30,82074030,9903.88.03,25.0
8207.40.60,82074060,9903.88.03,25.0
8207.50.20,82075020,9903.88.03,25.0
8207.50.40,82075040,9903.88.03,25.0
8207.50.60,82075060,9903.88.03,25.0
8207.50.80,82075080,9903.88.03,25.0
8207.60.00,82076000,9903.88.03,25.0
8207.70.30,82077030,9903.88.03,25.0
8207.70.60,82077060,9903.88.03,25.0
8207.80.30,82078030,9903.88.03,25.0
8207.80.60,82078060,9903.88.03,25.0
8207.90.15,82079015,9903.88.03,25.0
8207.90.30,82079030,9903.88.03,25.0
8207.90.45,82079045,9903.88.03,25.0
8207.90.60,82079060,9903.88.03,25.0
8207.90.75,82079075,9903.88.03,25.0
8208.10.00,82081000,9903.88.03,25.0
8208.20.00,82082000,9903.88.03,25.0
8208.30.00,82083000,9903.88.03,25.0
8208.40.30,82084030,9903.88.03,25.0
8208.40.60,82084060,9903.88.03,25.0
8208.90.30,82089030,9903.88.03,25.0
8208.90.60,82089060,9903.88.03,25.0
8209.00.00,82090000,9903.88.03,25.0
8210.00.00,82100000,9903.88.03,25.0
8211.91.10,82119110,9903.88.15,7.5
8211.91.20,82119120,9903.88.15,7.5
8211.91.25,82119125,9903.88.15,7.5
8211.91.50,82119150,9903.88.15,7.5
8211.91.80,82119180,9903.88.15,7.5
8211.92.20,82119220,9903.88.15,7.5
8211.92.60,82119260,9903.88.15,7.5
8211.92.90,82119290,9903.88.15,7.5
8211.93.00,82119300,9903.88.03,25.0
8211.94.10,82119410,9903.88.03,25.0
8211.94.50,82119450,9903.88.03,25.0
8211.95.10,82119510,9903.88.03,25.0
8211.95.50,82119550,9903.88.03,25.0
8211.95.90,82119590,9903.88.03,25.0
8212.10.00,82121000,9903.88.15,7.5
8212.20.00,82122000,9903.88.15,7.5
8212.90.00,82129000,9903.88.15,7.5
8214.20.60,82142060,9903.88.15,7.5
8214.90.30,82149030,9903.88.15,7.5
8215.10.00,82151000,9903.88.15,7.5
8215.20.00,82152000,9903.88.03,25.0
8215.91.30,82159130,9903.88.15,7.5
8215.91.60,82159160,9903.88.15,7.5
8215.91.90,82159190,9903.88.15,7.5
8215.99.05,82159905,9903.88.03,25.0
8215.99.15,82159915,9903.88.15,7.5
8215.99.24,82159924,9903.88.15,7.5
8215.99.26,82159926,9903.88.15,7.5
8215.99.35,82159935,9903.88.15,7.5
8215.99.45,82159945,9903.88.15,7.5
8301-10-20 00:00:00,8301-10-20 00:00:00,9903.88.15,7.5
8301.10.40,83011040,9903.88.15,7.5
8301.10.60,83011060,9903.88.15,7.5
8301.10.80,83011080,9903.88.15,7.5
8301.20.00,83012000,9903.88.03,25.0
8301.30.00,83013000,9903.88.15,7.5
8301.40.60,83014060,9903.88.15,7.5
8301.50.00,83015000,9903.88.15,7.5
8301.60.00,83016000,9903.88.15,7.5
8301.70.00,83017000,9903.88.15,7.5
8302-10-30 00:00:00,8302-10-30 00:00:00,9903.88.15,7.5
8302.10.60,83021060,9903.88.03,25.0
8302.10.90,83021090,9903.88.03,25.0
8302.20.00,83022000,9903.88.03,25.0
8302.30.30,83023030,9903.88.03,25.0
8302.30.60,83023060,9903.88.03,25.0
8302.41.30,83024130,9903.88.03,25.0
8302.41.60,83024160,9903.88.03,25.0
8302.41.90,83024190,9903.88.03,25.0
8302.42.30,83024230,9903.88.15,7.5
8302.42.60,83024260,9903.88.15,7.5
8302.49.20,83024920,9903.88.03,25.0
8302.49.40,83024940,9903.88.03,25.0
8302.49.60,83024960,9903.88.03,25.0
8302.49.80,83024980,9903.88.03,25.0
8302.50.00,83025000,9903.88.03,25.0
8302.60.30,83026030,9903.88.03,25.0
8302.60.90,83026090,9903.88.03,25.0
8303.00.00,83030000,9903.88.03,25.0
8305.10.00,83051000,9903.88.15,7.5
8305.20.00,83052000,9903.88.15,7.5
8305.90.60,83059060,9903.88.15,7.5
8306.21.00,83062100,9903.88.15,7.5
8306.30.00,83063000,9903.88.03,25.0
8307-10-30 00:00:00,8307-10-30 00:00:00,9903.88.03,25.0
8307.10.60,83071060,9903.88.03,25.0
8307.90.30,83079030,9903.88.03,25.0
8307.90.60,83079060,9903.88.03,25.0
8308.10.00,83081000,9903.88.03,25.0
8308.20.30,83082030,9903.88.03,25.0
8308.20.60,83082060,9903.88.03,25.0
8308.90.30,83089030,9903.88.03,25.0
8308.90.60,83089060,9903.88.03,25.0
8308.90.90,83089090,9903.88.03,25.0
8309.10.00,83091000,9903.88.03,25.0
8309.90.00,83099000,9903.88.03,25.0
8310.00.00,83100000,9903.88.03,25.0
8311.10.00,83111000,9903.88.03,25.0
8311.20.00,83112000,9903.88.03,25.0
8311.30.30,83113030,9903.88.03,25.0
8311.30.60,83113060,9903.88.03,25.0
8311.90.00,83119000,9903.88.03,25.0
8401.10.00,84011000,9903.88.01,25.0
8401.20.00,84012000,9903.88.01,25.0
8401.30.00,84013000,9903.88.01,25.0
8401.40.00,84014000,9903.88.01,25.0
8402.11.00,84021100,9903.88.01,25.0
8402.12.00,84021200,9903.88.01,25.0
8402.19.00,84021900,9903.88.01,25.0
8402.20.00,84022000,9903.88.01,25.0
8402.90.00,84029000,9903.88.01,25.0
8403.10.00,84031000,9903.88.15,7.5
8403.90.00,84039000,9903.88.15,7.5
8404.10.00,84041000,9903.88.03,25.0
8404.20.00,84042000,9903.88.01,25.0
8404.90.00,84049000,9903.88.01,25.0
8405.10.00,84051000,9903.88.01,25.0
8405.90.00,84059000,9903.88.01,25.0
8406-10-10 00:00:00,8406-10-10 00:00:00,9903.88.01,25.0
8406.10.90,84061090,9903.88.01,25.0
8406.81.10,84068110,9903.88.03,25.0
8406.81.90,84068190,9903.88.01,25.0
8406.82.10,84068210,9903.88.02,25.0
8406.82.90,84068290,9903.88.01,25.0
8406.90.20,84069020,9903.88.03,25.0
8406.90.30,84069030,9903.88.03,25.0
8406.90.40,84069040,9903.88.03,25.0
8406.90.45,84069045,9903.88.03,25.0
8406.90.50,84069050,9903.88.03,25.0
8406.90.60,84069060,9903.88.03,25.0
8406.90.70,84069070,9903.88.03,25.0
8406.90.75,84069075,9903.88.03,25.0
8407.10.00,84071000,9903.88.01,25.0
8407.21.00,84072100,9903.88.01,25.0
8407.29.00,84072900,9903.88.01,25.0
8407.31.00,84073100,9903.88.03,25.0
8407.32.10,84073210,9903.88.03,25.0
8407.32.20,84073220,9903.88.03,25.0
8407.32.90,84073290,9903.88.03,25.0
8407.33.10,84073310,9903.88.03,25.0
8407.33.30,84073330,9903.88.03,25.0
8407.33.60,84073360,9903.88.03,25.0
8407.33.90,84073390,9903.88.03,25.0
8407.34.05,84073405,9903.88.02,25.0
8407.34.14,84073414,9903.88.03,25.0
8407.34.18,84073418,9903.88.03,25.0
8407.34.25,84073425,9903.88.03,25.0
8407.34.35,84073435,9903.88.02,25.0
8407.34.44,84073444,9903.88.03,25.0
8407.34.48,84073448,9903.88.03,25.0
8407.34.55,84073455,9903.88.03,25.0
8407.90.10,84079010,9903.88.02,25.0
8407.90.90,84079090,9903.88.02,25.0
8408.10.00,84081000,9903.88.01,25.0
8408.20.10,84082010,9903.88.02,25.0
8408.20.20,84082020,9903.88.03,25.0
8408.20.90,84082090,9903.88.03,25.0
8408.90.10,84089010,9903.88.01,25.0
8408.90.90,84089090,9903.88.01,25.0
8409.10.00,84091000,9903.88.01,25.0
8409.91.10,84099110,9903.88.03,25.0
8409.91.30,84099130,9903.88.03,25.0
8409.91.50,84099150,9903.88.03,25.0
8409.91.92,84099192,9903.88.03,25.0
8409.91.99,84099199,9903.88.03,25.0
8409.99.10,84099910,9903.88.03,25.0
8409.99.91,84099991,9903.88.03,25.0
8409.99.92,84099992,9903.88.03,25.0
8409.99.99,84099999,9903.88.03,25.0
8410.11.00,84101100,9903.88.01,25.0
8410.12.00,84101200,9903.88.01,25.0
8410.13.00,84101300,9903.88.01,25.0
8410.90.00,84109000,9903.88.01,25.0
8411.11.40,84111140,9903.88.01,25.0
8411.11.80,84111180,9903.88.01,25.0
8411.12.40,84111240,9903.88.01,25.0
8411.12.80,84111280,9903.88.01,25.0
8411.21.40,84112140,9903.88.01,25.0
8411.21.80,84112180,9903.88.01,25.0
8411.22.40,84112240,9903.88.01,25.0
8411.22.80,84112280,9903.88.01,25.0
8411.81.40,84118140,9903.88.01,25.0
8411.81.80,84118180,9903.88.01,25.0
8411.82.40,84118240,9903.88.01,25.0
8411.82.80,84118280,9903.88.01,25.0
8411.91.10,84119110,9903.88.01,25.0
8411.91.90,84119190,9903.88.01,25.0
8411.99.10,84119910,9903.88.01,25.0
8411.99.90,84119990,9903.88.01,25.0
8412.10.00,84121000,9903.88.01,25.0
8412.21.00,84122100,9903.88.01,25.0
8412.29.40,84122940,9903.88.01,25.0
8412.29.80,84122980,9903.88.01,25.0
8412.31.00,84123100,9903.88.01,25.0
8412.39.00,84123900,9903.88.01,25.0
8412.80.10,84128010,9903.88.01,25.0
8412.80.90,84128090,9903.88.01,25.0
8412.90.10,84129010,9903.88.01,25.0
8412.90.90,84129090,9903.88.03,25.0
8413.11.00,84131100,9903.88.03,25.0
8413.19.00,84131900,9903.88.01,25.0
8413.20.00,84132000,9903.88.03,25.0
8413.30.10,84133010,9903.88.03,25.0
8413.30.90,84133090,9903.88.03,25.0
8413.40.00,84134000,9903.88.01,25.0
8413.50.00,84135000,9903.88.01,25.0
8413.60.00,84136000,9903.88.01,25.0
8413.70.10,84137010,9903.88.01,25.0
8413.70.20,84137020,9903.88.01,25.0
8413.81.00,84138100,9903.88.01,25.0
8413.82.00,84138200,9903.88.01,25.0
8413.91.10,84139110,9903.88.01,25.0
8413.91.20,84139120,9903.88.01,25.0
8413.91.90,84139190,9903.88.01,25.0
8413.92.00,84139200,9903.88.03,25.0
8414.10.00,84141000,9903.88.03,25.0
8414.20.00,84142000,9903.88.03,25.0
8414.30.40,84143040,9903.88.01,25.0
8414.30.80,84143080,9903.88.01,25.0
8414.40.00,84144000,9903.88.03,25.0
8414.59.10,84145910,9903.88.03,25.0
8414.59.15,84145915,9903.88.03,25.0
8414.59.30,84145930,9903.88.01,25.0
8414.59.65,84145965,9903.88.03,25.0
8414.60.00,84146000,9903.88.03,25.0
8414.70.00,84147000,9903.88.01,25.0
8414.80.05,84148005,9903.88.01,25.0
8414.80.16,84148016,9903.88.03,25.0
8414.80.20,84148020,9903.88.01,25.0
8414.80.90,84148090,9903.88.03,25.0
8414.90.10,84149010,9903.88.03,25.0
8414.90.30,84149030,9903.88.01,25.0
8414.90.41,84149041,9903.88.01,25.0
8414.90.91,84149091,9903.88.01,25.0
8415-10-30 00:00:00,8415-10-30 00:00:00,9903.88.03,25.0
8415.10.60,84151060,9903.88.03,25.0
8415.10.90,84151090,9903.88.03,25.0
8415.20.00,84152000,9903.88.03,25.0
8415.81.01,84158101,9903.88.03,25.0
8415.82.01,84158201,9903.88.03,25.0
8415.83.00,84158300,9903.88.03,25.0
8415.90.40,84159040,9903.88.15,7.5
8415.90.80,84159080,9903.88.15,7.5
8416.10.00,84161000,9903.88.15,7.5
8416.20.00,84162000,9903.88.15,7.5
8416.30.00,84163000,9903.88.03,25.0
8416.90.00,84169000,9903.88.01,25.0
8417.10.00,84171000,9903.88.01,25.0
8417.20.00,84172000,9903.88.15,7.5
8417.80.00,84178000,9903.88.01,25.0
8417.90.00,84179000,9903.88.01,25.0
8418.10.00,84181000,9903.88.03,25.0
8418.21.00,84182100,9903.88.03,25.0
8418.29.10,84182910,9903.88.03,25.0
8418.29.20,84182920,9903.88.03,25.0
8418.30.00,84183000,9903.88.03,25.0
8418.40.00,84184000,9903.88.03,25.0
8418.50.00,84185000,9903.88.03,25.0
8418.61.01,84186101,9903.88.03,25.0
8418.69.01,84186901,9903.88.01,25.0
8418.91.00,84189100,9903.88.03,25.0
8418.99.40,84189940,9903.88.03,25.0
8418.99.80,84189980,9903.88.03,25.0
8419.11.00,84191100,9903.88.01,25.0
8419.12.00,84191200,9903.88.01,25.0
8419.19.01,84191901,9903.88.01,25.0
8419.33.10,84193310,9903.88.01,25.0
8419.33.50,84193350,9903.88.01,25.0
8419.34.00,84193400,9903.88.01,25.0
8419.35.10,84193510,9903.88.01,25.0
8419.35.50,84193550,9903.88.01,25.0
8419.39.02,84193902,9903.88.01,25.0
8419.40.00,84194000,9903.88.01,25.0
8419.50.10,84195010,9903.88.01,25.0
8419.50.50,84195050,9903.88.01,25.0
8419.60.10,84196010,9903.88.02,25.0
8419.60.50,84196050,9903.88.01,25.0
8419.81.50,84198150,9903.88.15,7.5
8419.81.90,84198190,9903.88.15,7.5
8419.89.10,84198910,9903.88.02,25.0
8419.89.60,84198960,9903.88.01,25.0
8419.89.95,84198995,9903.88.02,25.0
8419.90.10,84199010,9903.88.01,25.0
8419.90.20,84199020,9903.88.01,25.0
8419.90.30,84199030,9903.88.01,25.0
8419.90.50,84199050,9903.88.01,25.0
8419.90.85,84199085,9903.88.01,25.0
8419.90.95,84199095,9903.88.01,25.0
8420-10-10 00:00:00,8420-10-10 00:00:00,9903.88.15,7.5
8420-10-20 00:00:00,8420-10-20 00:00:00,9903.88.02,25.0
8420.10.90,84201090,9903.88.01,25.0
8420.91.10,84209110,9903.88.01,25.0
8420.91.20,84209120,9903.88.01,25.0
8420.91.90,84209190,9903.88.01,25.0
8420.99.10,84209910,9903.88.02,25.0
8420.99.20,84209920,9903.88.01,25.0
8420.99.90,84209990,9903.88.01,25.0
8421.11.00,84211100,9903.88.03,25.0
8421.12.00,84211200,9903.88.15,7.5
8421.19.00,84211900,9903.88.01,25.0
8421.21.00,84212100,9903.88.01,25.0
8421.22.00,84212200,9903.88.01,25.0
8421.23.00,84212300,9903.88.03,25.0
8421.29.00,84212900,9903.88.01,25.0
8421.31.00,84213100,9903.88.03,25.0
8421.32.00,84213200,9903.88.01,25.0
8421.39.01,84213901,9903.88.01,25.0
8421.91.20,84219120,9903.88.15,7.5
8421.91.40,84219140,9903.88.15,7.5
8421.91.60,84219160,9903.88.01,25.0
8421.99.01,84219901,9903.88.01,25.0
8422.11.00,84221100,9903.88.15,7.5
8422.19.00,84221900,9903.88.01,25.0
8422.20.00,84222000,9903.88.01,25.0
8422.30.11,84223011,9903.88.01,25.0
8422.30.91,84223091,9903.88.01,25.0
8422.40.11,84224011,9903.88.01,25.0
8422.40.91,84224091,9903.88.01,25.0
8422.90.02,84229002,9903.88.15,7.5
8422.90.04,84229004,9903.88.03,25.0
8422.90.06,84229006,9903.88.01,25.0
8422.90.11,84229011,9903.88.15,7.5
8422.90.21,84229021,9903.88.15,7.5
8422.90.91,84229091,9903.88.01,25.0
8423.20.10,84232010,9903.88.01,25.0
8423.20.90,84232090,9903.88.01,25.0
8423.30.00,84233000,9903.88.01,25.0
8423.81.00,84238100,9903.88.03,25.0
8423.82.00,84238200,9903.88.01,25.0
8423.89.10,84238910,9903.88.01,25.0
8423.89.90,84238990,9903.88.01,25.0
8423.90.10,84239010,9903.88.01,25.0
8423.90.90,84239090,9903.88.01,25.0
8424.10.00,84241000,9903.88.15,7.5
8424.20.10,84242010,9903.88.03,25.0
8424.20.90,84242090,9903.88.03,25.0
8424.30.10,84243010,9903.88.03,25.0
8424.30.90,84243090,9903.88.03,25.0
8424.41.10,84244110,9903.88.03,25.0
8424.41.90,84244190,9903.88.03,25.0
8424.49.00,84244900,9903.88.03,25.0
8424.82.00,84248200,9903.88.02,25.0
8424.89.10,84248910,9903.88.01,25.0
8424.89.90,84248990,9903.88.02,25.0
8424.90.05,84249005,9903.88.15,7.5
8424.90.10,84249010,9903.88.15,7.5
8424.90.20,84249020,9903.88.01,25.0
8424.90.90,84249090,9903.88.03,25.0
8425.11.00,84251100,9903.88.01,25.0
8425.19.00,84251900,9903.88.03,25.0
8425.31.01,84253101,9903.88.03,25.0
8425.39.01,84253901,9903.88.01,25.0
8425.41.00,84254100,9903.88.03,25.0
8425.42.00,84254200,9903.88.03,25.0
8425.49.00,84254900,9903.88.03,25.0
8426.19.00,84261900,9903.92.10,25.0
8426.30.00,84263000,9903.88.03,25.0
8426.41.00,84264100,9903.88.01,25.0
8426.49.00,84264900,9903.88.01,25.0
8426.91.00,84269100,9903.88.03,25.0
8426.99.00,84269900,9903.88.01,25.0
8427.10.40,84271040,9903.88.01,25.0
8427.10.80,84271080,9903.88.01,25.0
8427.20.40,84272040,9903.88.01,25.0
8427.20.80,84272080,9903.88.01,25.0
8427.90.00,84279000,9903.88.03,25.0
8428.10.00,84281000,9903.88.15,7.5
8428.20.00,84282000,9903.88.01,25.0
8428.31.00,84283100,9903.88.01,25.0
8428.32.00,84283200,9903.88.01,25.0
8428.33.00,84283300,9903.88.01,25.0
8428.39.00,84283900,9903.88.01,25.0
8428.40.00,84284000,9903.88.03,25.0
8428.60.00,84286000,9903.88.15,7.5
8428.70.00,84287000,9903.88.01,25.0
8428.90.03,84289003,9903.88.01,25.0
8429.11.00,84291100,9903.88.01,25.0
8429.19.00,84291900,9903.88.01,25.0
8429.20.00,84292000,9903.88.01,25.0
8429.30.00,84293000,9903.88.01,25.0
8429.40.00,84294000,9903.88.01,25.0
8429.51.10,84295110,9903.88.01,25.0
8429.51.50,84295150,9903.88.01,25.0
8429.52.10,84295210,9903.88.01,25.0
8429.52.50,84295250,9903.88.01,25.0
8429.59.10,84295910,9903.88.01,25.0
8429.59.50,84295950,9903.88.01,25.0
8430.10.00,84301000,9903.88.01,25.0
8430.20.00,84302000,9903.88.15,7.5
8430.31.00,84303100,9903.88.01,25.0
8430.39.00,84303900,9903.88.01,25.0
8430.41.00,84304100,9903.88.01,25.0
8430.49.40,84304940,9903.88.03,25.0
8430.49.80,84304980,9903.88.01,25.0
8430.50.10,84305010,9903.88.03,25.0
8430.50.50,84305050,9903.88.01,25.0
8430.61.00,84306100,9903.88.01,25.0
8430.69.01,84306901,9903.88.01,25.0
8431.10.00,84311000,9903.88.01,25.0
8431.20.00,84312000,9903.88.01,25.0
8431.31.00,84313100,9903.88.01,25.0
8431.39.00,84313900,9903.88.01,25.0
8431.41.00,84314100,9903.88.01,25.0
8431.42.00,84314200,9903.88.01,25.0
8431.43.40,84314340,9903.88.01,25.0
8431.43.80,84314380,9903.88.01,25.0
8431.49.10,84314910,9903.88.01,25.0
8431.49.90,84314990,9903.88.01,25.0
8432.10.00,84321000,9903.88.01,25.0
8432.21.00,84322100,9903.88.01,25.0
8432.29.00,84322900,9903.88.02,25.0
8432.31.00,84323100,9903.88.02,25.0
8432.39.00,84323900,9903.88.02,25.0
8432.41.00,84324100,9903.88.03,25.0
8432.42.00,84324200,9903.88.02,25.0
8432.80.00,84328000,9903.88.01,25.0
8432.90.00,84329000,9903.88.01,25.0
8433.11.00,84331100,9903.88.15,7.5
8433.19.00,84331900,9903.88.15,7.5
8433.20.00,84332000,9903.88.01,25.0
8433.30.00,84333000,9903.88.01,25.0
8433.40.00,84334000,9903.88.01,25.0
8433.51.00,84335100,9903.88.01,25.0
8433.52.00,84335200,9903.88.01,25.0
8433.53.00,84335300,9903.88.01,25.0
8433.59.00,84335900,9903.88.01,25.0
8433.60.00,84336000,9903.88.01,25.0
8433.90.10,84339010,9903.88.03,25.0
8433.90.50,84339050,9903.88.01,25.0
8434.10.00,84341000,9903.88.15,7.5
8434.20.00,84342000,9903.88.01,25.0
8434.90.00,84349000,9903.88.01,25.0
8435.10.00,84351000,9903.88.15,7.5
8435.90.00,84359000,9903.88.15,7.5
8436.10.00,84361000,9903.88.01,25.0
8436.21.00,84362100,9903.88.01,25.0
8436.29.00,84362900,9903.88.01,25.0
8436.80.00,84368000,9903.88.01,25.0
8436.91.00,84369100,9903.88.01,25.0
8436.99.00,84369900,9903.88.01,25.0
8437.10.00,84371000,9903.88.01,25.0
8437.80.00,84378000,9903.88.01,25.0
8437.90.00,84379000,9903.88.01,25.0
8438.10.00,84381000,9903.88.15,7.5
8438.20.00,84382000,9903.88.15,7.5
8438.30.00,84383000,9903.88.15,7.5
8438.40.00,84384000,9903.88.15,7.5
8438.50.00,84385000,9903.88.01,25.0
8438.60.00,84386000,9903.88.01,25.0
8438.80.00,84388000,9903.88.01,25.0
8438.90.10,84389010,9903.88.15,7.5
8438.90.90,84389090,9903.88.01,25.0
8439.10.00,84391000,9903.88.01,25.0
8439.20.00,84392000,9903.88.01,25.0
8439.30.00,84393000,9903.88.01,25.0
8439.91.10,84399110,9903.88.01,25.0
8439.91.90,84399190,9903.88.01,25.0
8439.99.10,84399910,9903.88.01,25.0
8439.99.50,84399950,9903.88.01,25.0
8440.10.00,84401000,9903.88.15,7.5
8440.90.00,84409000,9903.88.15,7.5
8441.10.00,84411000,9903.88.03,25.0
8441.20.00,84412000,9903.88.01,25.0
8441.30.00,84413000,9903.88.01,25.0
8441.40.00,84414000,9903.88.01,25.0
8441.80.00,84418000,9903.88.01,25.0
8441.90.00,84419000,9903.88.01,25.0
8442.30.01,84423001,9903.88.01,25.0
8442.40.00,84424000,9903.88.01,25.0
8442.50.10,84425010,9903.88.03,25.0
8442.50.90,84425090,9903.88.15,7.5
8443-11-10 00:00:00,8443-11-10 00:00:00,9903.88.01,25.0
8443.11.50,84431150,9903.88.01,25.0
8443.12.00,84431200,9903.88.01,25.0
8443.13.00,84431300,9903.88.01,25.0
8443.14.00,84431400,9903.88.01,25.0
8443.15.00,84431500,9903.88.03,25.0
8443.16.00,84431600,9903.88.03,25.0
8443.17.00,84431700,9903.88.01,25.0
8443.19.20,84431920,9903.88.15,7.5
8443.19.30,84431930,9903.88.01,25.0
8443.31.00,84433100,9903.88.15,7.5
8443.32.10,84433210,9903.88.15,7.5
8443.32.50,84433250,9903.88.15,7.5
8443.39.10,84433910,9903.88.15,7.5
8443.39.20,84433920,9903.88.03,25.0
8443.39.30,84433930,9903.88.03,25.0
8443.39.40,84433940,9903.88.03,25.0
8443.39.50,84433950,9903.88.03,25.0
8443.39.90,84433990,9903.88.15,7.5
8443.91.10,84439110,9903.88.01,25.0
8443.91.20,84439120,9903.88.15,7.5
8443.91.30,84439130,9903.88.15,7.5
8443.99.10,84439910,9903.88.03,25.0
8443.99.20,84439920,9903.88.01,25.0
8443.99.25,84439925,9903.88.15,7.5
8443.99.30,84439930,9903.88.03,25.0
8443.99.35,84439935,9903.88.03,25.0
8443.99.40,84439940,9903.88.02,25.0
8443.99.45,84439945,9903.88.01,25.0
8443.99.50,84439950,9903.88.15,7.5
8444.00.00,84440000,9903.88.01,25.0
8445.11.00,84451100,9903.88.15,7.5
8445.12.00,84451200,9903.88.15,7.5
8445.13.00,84451300,9903.88.15,7.5
8445.19.00,84451900,9903.88.15,7.5
8445.20.00,84452000,9903.88.15,7.5
8445.30.00,84453000,9903.88.15,7.5
8445.40.00,84454000,9903.88.15,7.5
8445.90.00,84459000,9903.88.15,7.5
8446.10.00,84461000,9903.88.15,7.5
8446.21.50,84462150,9903.88.15,7.5
8446.29.00,84462900,9903.88.15,7.5
8446.30.10,84463010,9903.88.15,7.5
8446.30.50,84463050,9903.88.03,25.0
8447-11-10 00:00:00,8447-11-10 00:00:00,9903.88.15,7.5
8447.11.90,84471190,9903.88.15,7.5
8447-12-10 00:00:00,8447-12-10 00:00:00,9903.88.15,7.5
8447.12.90,84471290,9903.88.15,7.5
8447.20.20,84472020,9903.88.15,7.5
8447.20.30,84472030,9903.88.15,7.5
8447.20.40,84472040,9903.88.15,7.5
8447.20.60,84472060,9903.88.15,7.5
8447.90.10,84479010,9903.88.15,7.5
8447.90.50,84479050,9903.88.15,7.5
8447.90.90,84479090,9903.88.15,7.5
8448.11.00,84481100,9903.88.15,7.5
8448.19.00,84481900,9903.88.15,7.5
8448.20.10,84482010,9903.88.15,7.5
8448.20.50,84482050,9903.88.15,7.5
8448.31.00,84483100,9903.88.15,7.5
8448.32.00,84483200,9903.88.15,7.5
8448.33.00,84483300,9903.88.15,7.5
8448.39.10,84483910,9903.88.15,7.5
8448.39.50,84483950,9903.88.15,7.5
8448.39.90,84483990,9903.88.15,7.5
8448.42.00,84484200,9903.88.15,7.5
8448.49.10,84484910,9903.88.15,7.5
8448.49.20,84484920,9903.88.15,7.5
8448.51.10,84485110,9903.88.15,7.5
8448.51.20,84485120,9903.88.03,25.0
8448.51.30,84485130,9903.88.15,7.5
8448.51.50,84485150,9903.88.15,7.5
8448.59.10,84485910,9903.88.15,7.5
8448.59.50,84485950,9903.88.15,7.5
8449.00.10,84490010,9903.88.15,7.5
8449.00.50,84490050,9903.88.15,7.5
8450.11.00,84501100,9903.88.15,7.5
8450.20.00,84502000,9903.88.15,7.5
8450.90.20,84509020,9903.88.15,7.5
8450.90.40,84509040,9903.88.15,7.5
8450.90.60,84509060,9903.88.15,7.5
8451.10.00,84511000,9903.88.03,25.0
8451.21.00,84512100,9903.88.03,25.0
8451.29.00,84512900,9903.88.03,25.0
8451.30.00,84513000,9903.88.03,25.0
8451.40.00,84514000,9903.88.03,25.0
8451.50.00,84515000,9903.88.03,25.0
8451.80.00,84518000,9903.88.03,25.0
8451.90.30,84519030,9903.88.03,25.0
8451.90.60,84519060,9903.88.03,25.0
8451.90.90,84519090,9903.88.03,25.0
8452.10.00,84521000,9903.88.15,7.5
8452.21.10,84522110,9903.88.15,7.5
8452.21.90,84522190,9903.88.15,7.5
8452.29.10,84522910,9903.88.15,7.5
8452.29.90,84522990,9903.88.03,25.0
8452.30.00,84523000,9903.88.15,7.5
8452.90.10,84529010,9903.88.15,7.5
8452.90.20,84529020,9903.88.15,7.5
8453.10.00,84531000,9903.88.15,7.5
8453.20.00,84532000,9903.88.15,7.5
8453.80.00,84538000,9903.88.15,7.5
8453.90.10,84539010,9903.88.15,7.5
8453.90.50,84539050,9903.88.15,7.5
8454.10.00,84541000,9903.88.01,25.0
8454.20.00,84542000,9903.88.03,25.0
8454.30.00,84543000,9903.88.01,25.0
8454.90.00,84549000,9903.88.01,25.0
8455.10.00,84551000,9903.88.01,25.0
8455.21.00,84552100,9903.88.01,25.0
8455.22.00,84552200,9903.88.01,25.0
8455.30.00,84553000,9903.88.01,25.0
8455.90.40,84559040,9903.88.02,25.0
8455.90.80,84559080,9903.88.01,25.0
8456-11-10 00:00:00,8456-11-10 00:00:00,9903.88.01,25.0
8456.11.70,84561170,9903.88.01,25.0
8456.11.90,84561190,9903.88.01,25.0
8456-12-10 00:00:00,8456-12-10 00:00:00,9903.88.01,25.0
8456.12.70,84561270,9903.88.01,25.0
8456.12.90,84561290,9903.88.01,25.0
8456.20.10,84562010,9903.88.01,25.0
8456.20.50,84562050,9903.88.01,25.0
8456.30.10,84563010,9903.88.01,25.0
8456.30.50,84563050,9903.88.01,25.0
8456.40.10,84564010,9903.88.01,25.0
8456.40.90,84564090,9903.88.01,25.0
8456.50.00,84565000,9903.88.01,25.0
8456.90.31,84569031,9903.88.01,25.0
8456.90.71,84569071,9903.88.01,25.0
8457.10.00,84571000,9903.88.01,25.0
8457.20.00,84572000,9903.88.01,25.0
8457.30.00,84573000,9903.88.01,25.0
8458.11.00,84581100,9903.88.01,25.0
8458.19.00,84581900,9903.88.01,25.0
8458.91.10,84589110,9903.88.01,25.0
8458.91.50,84589150,9903.88.01,25.0
8458.99.10,84589910,9903.88.01,25.0
8458.99.50,84589950,9903.88.01,25.0
8459.10.00,84591000,9903.88.01,25.0
8459.21.00,84592100,9903.88.01,25.0
8459.29.00,84592900,9903.88.03,25.0
8459.31.00,84593100,9903.88.01,25.0
8459.39.00,84593900,9903.88.01,25.0
8459.41.00,84594100,9903.88.01,25.0
8459.49.00,84594900,9903.88.01,25.0
8459.51.00,84595100,9903.88.01,25.0
8459.59.00,84595900,9903.88.03,25.0
8459.61.00,84596100,9903.88.01,25.0
8459.69.00,84596900,9903.88.01,25.0
8459.70.40,84597040,9903.88.01,25.0
8459.70.80,84597080,9903.88.01,25.0
8460.12.00,84601200,9903.88.01,25.0
8460.19.01,84601901,9903.88.01,25.0
8460.22.00,84602200,9903.88.01,25.0
8460.23.00,84602300,9903.88.01,25.0
8460.24.00,84602400,9903.88.01,25.0
8460.29.01,84602901,9903.88.01,25.0
8460.31.00,84603100,9903.88.01,25.0
8460.39.00,84603900,9903.88.03,25.0
8460.40.40,84604040,9903.88.01,25.0
8460.40.80,84604080,9903.88.01,25.0
8460.90.40,84609040,9903.88.01,25.0
8460.90.80,84609080,9903.88.01,25.0
8461.20.40,84612040,9903.88.01,25.0
8461.20.80,84612080,9903.88.01,25.0
8461.30.40,84613040,9903.88.01,25.0
8461.30.80,84613080,9903.88.01,25.0
8461.40.10,84614010,9903.88.01,25.0
8461.40.50,84614050,9903.88.01,25.0
8461.50.40,84615040,9903.88.01,25.0
8461.50.80,84615080,9903.88.03,25.0
8461.90.30,84619030,9903.88.01,25.0
8461.90.60,84619060,9903.88.01,25.0
8462.11.00,84621100,9903.88.01,25.0
8462.19.00,84621900,9903.88.01,25.0
8462.22.00,84622200,9903.88.01,25.0
8462.23.00,84622300,9903.88.01,25.0
8462.24.00,84622400,9903.88.01,25.0
8462.25.00,84622500,9903.88.01,25.0
8462.26.00,84622600,9903.88.01,25.0
8462.29.00,84622900,9903.88.01,25.0
8462.32.10,84623210,9903.88.01,25.0
8462.32.50,84623250,9903.88.01,25.0
8462.33.00,84623300,9903.88.01,25.0
8462.39.00,84623900,9903.88.01,25.0
8462.42.00,84624200,9903.88.01,25.0
8462.49.00,84624900,9903.88.01,25.0
8462.51.00,84625100,9903.88.01,25.0
8462.59.00,84625900,9903.88.01,25.0
8462.61.40,84626140,9903.88.01,25.0
8462.61.80,84626180,9903.88.01,25.0
8462.62.40,84626240,9903.88.01,25.0
8462.62.50,84626250,9903.88.01,25.0
8462.63.40,84626340,9903.88.01,25.0
8462.63.80,84626380,9903.88.01,25.0
8462.69.40,84626940,9903.88.01,25.0
8462.69.80,84626980,9903.88.01,25.0
8462.90.40,84629040,9903.88.01,25.0
8462.90.80,84629080,9903.88.01,25.0
8463.10.00,84631000,9903.88.01,25.0
8463.20.00,84632000,9903.88.01,25.0
8463.30.00,84633000,9903.88.01,25.0
8463.90.00,84639000,9903.88.01,25.0
8464-10-01 00:00:00,8464-10-01 00:00:00,9903.88.02,25.0
8464.20.01,84642001,9903.88.01,25.0
8464.90.01,84649001,9903.88.01,25.0
8465.10.00,84651000,9903.88.01,25.0
8465.20.10,84652010,9903.88.03,25.0
8465.20.50,84652050,9903.88.03,25.0
8465.20.80,84652080,9903.88.03,25.0
8465.91.00,84659100,9903.88.03,25.0
8465.92.00,84659200,9903.88.01,25.0
8465.93.00,84659300,9903.88.01,25.0
8465.94.00,84659400,9903.88.01,25.0
8465.95.00,84659500,9903.88.02,25.0
8465.96.00,84659600,9903.88.15,7.5
8465.99.02,84659902,9903.88.01,25.0
8466-10-01 00:00:00,8466-10-01 00:00:00,9903.88.01,25.0
8466.20.10,84662010,9903.88.01,25.0
8466.20.80,84662080,9903.88.01,25.0
8466.30.10,84663010,9903.88.01,25.0
8466.30.60,84663060,9903.88.01,25.0
8466.30.80,84663080,9903.88.02,25.0
8466.91.10,84669110,9903.88.03,25.0
8466.91.50,84669150,9903.88.01,25.0
8466.92.10,84669210,9903.88.01,25.0
8466.92.50,84669250,9903.88.01,25.0
8466.93.11,84669311,9903.88.01,25.0
8466.93.15,84669315,9903.88.03,25.0
8466.93.30,84669330,9903.88.01,25.0
8466.93.53,84669353,9903.88.01,25.0
8466.93.60,84669360,9903.88.01,25.0
8466.93.75,84669375,9903.88.01,25.0
8466.93.96,84669396,9903.88.01,25.0
8466.93.98,84669398,9903.88.01,25.0
8466.94.20,84669420,9903.88.01,25.0
8466.94.40,84669440,9903.88.01,25.0
8466.94.65,84669465,9903.88.01,25.0
8466.94.85,84669485,9903.88.01,25.0
8467-11-10 00:00:00,8467-11-10 00:00:00,9903.88.01,25.0
8467.11.50,84671150,9903.88.01,25.0
8467.19.10,84671910,9903.88.15,7.5
8467.19.50,84671950,9903.88.03,25.0
8467.29.00,84672900,9903.88.15,7.5
8467.81.00,84678100,9903.88.15,7.5
8467.89.10,84678910,9903.88.15,7.5
8467.89.50,84678950,9903.88.15,7.5
8467.91.01,84679101,9903.88.15,7.5
8467.92.00,84679200,9903.88.15,7.5
8467.99.01,84679901,9903.88.03,25.0
8468.10.00,84681000,9903.88.15,7.5
8468.20.10,84682010,9903.88.03,25.0
8468.20.50,84682050,9903.88.01,25.0
8468.80.10,84688010,9903.88.03,25.0
8468.80.50,84688050,9903.88.01,25.0
8468.90.10,84689010,9903.88.03,25.0
8468.90.50,84689050,9903.88.03,25.0
8470.10.00,84701000,9903.88.03,25.0
8470.21.00,84702100,9903.88.03,25.0
8470.29.00,84702900,9903.88.03,25.0
8470.30.00,84703000,9903.88.03,25.0
8470.50.00,84705000,9903.88.15,7.5
8470.90.01,84709001,9903.88.03,25.0
8471.41.01,84714101,9903.88.15,7.5
8471.49.00,84714900,9903.88.15,7.5
8471.50.01,84715001,9903.88.03,25.0
8471.60.10,84716010,9903.88.03,25.0
8471.60.70,84716070,9903.88.03,25.0
8471.60.80,84716080,9903.88.15,7.5
8471.60.90,84716090,9903.88.03,25.0
8471.70.10,84717010,9903.88.03,25.0
8471.70.20,84717020,9903.88.03,25.0
8471.70.30,84717030,9903.88.01,25.0
8471.70.40,84717040,9903.88.01,25.0
8471.70.50,84717050,9903.88.03,25.0
8471.70.60,84717060,9903.88.01,25.0
8471.70.90,84717090,9903.88.01,25.0
8471.80.10,84718010,9903.88.03,25.0
8471.80.40,84718040,9903.88.03,25.0
8471.80.90,84718090,9903.88.03,25.0
8471.90.00,84719000,9903.88.03,25.0
8472.10.00,84721000,9903.88.03,25.0
8472.30.00,84723000,9903.88.03,25.0
8472.90.05,84729005,9903.88.03,25.0
8472.90.10,84729010,9903.88.03,25.0
8472.90.50,84729050,9903.88.15,7.5
8472.90.60,84729060,9903.88.03,25.0
8472.90.90,84729090,9903.88.03,25.0
8473.21.00,84732100,9903.88.03,25.0
8473.29.00,84732900,9903.88.03,25.0
8473.30.11,84733011,9903.88.03,25.0
8473.30.20,84733020,9903.88.01,25.0
8473.30.51,84733051,9903.88.03,25.0
8473.30.91,84733091,9903.88.03,25.0
8473.40.10,84734010,9903.88.01,25.0
8473.40.21,84734021,9903.88.03,25.0
8473.40.41,84734041,9903.88.03,25.0
8473.40.86,84734086,9903.88.01,25.0
8473.50.30,84735030,9903.88.01,25.0
8473.50.60,84735060,9903.88.02,25.0
8473.50.90,84735090,9903.88.02,25.0
8474.10.00,84741000,9903.88.01,25.0
8474.20.00,84742000,9903.88.01,25.0
8474.31.00,84743100,9903.88.01,25.0
8474.32.00,84743200,9903.88.01,25.0
8474.39.00,84743900,9903.88.01,25.0
8474.80.00,84748000,9903.88.01,25.0
8474.90.00,84749000,9903.88.01,25.0
8475.10.00,84751000,9903.88.01,25.0
8475.21.00,84752100,9903.88.01,25.0
8475.29.00,84752900,9903.88.02,25.0
8475.90.10,84759010,9903.88.01,25.0
8475.90.90,84759090,9903.88.01,25.0
8476.21.00,84762100,9903.88.03,25.0
8476.29.00,84762900,9903.88.03,25.0
8476.81.00,84768100,9903.88.03,25.0
8476.89.00,84768900,9903.88.15,7.5
8476.90.00,84769000,9903.88.03,25.0
8477-10-30 00:00:00,8477-10-30 00:00:00,9903.88.01,25.0
8477.10.40,84771040,9903.88.01,25.0
8477.10.90,84771090,9903.88.01,25.0
8477.20.00,84772000,9903.88.01,25.0
8477.30.00,84773000,9903.88.01,25.0
8477.40.01,84774001,9903.88.01,25.0
8477.51.00,84775100,9903.88.01,25.0
8477.59.01,84775901,9903.88.03,25.0
8477.80.01,84778001,9903.88.01,25.0
8477.90.25,84779025,9903.88.01,25.0
8477.90.45,84779045,9903.88.01,25.0
8477.90.65,84779065,9903.88.01,25.0
8477.90.86,84779086,9903.88.01,25.0
8478.10.00,84781000,9903.88.15,7.5
8478.90.00,84789000,9903.88.15,7.5
8479.10.00,84791000,9903.88.01,25.0
8479.20.00,84792000,9903.88.01,25.0
8479.30.00,84793000,9903.88.01,25.0
8479.40.00,84794000,9903.88.01,25.0
8479.50.00,84795000,9903.88.01,25.0
8479.60.00,84796000,9903.88.03,25.0
8479.71.00,84797100,9903.88.03,25.0
8479.79.00,84797900,9903.88.15,7.5
8479.81.00,84798100,9903.88.01,25.0
8479.82.00,84798200,9903.88.01,25.0
8479.83.00,84798300,9903.88.03,25.0
8479.89.10,84798910,9903.88.03,25.0
8479.89.20,84798920,9903.88.03,25.0
8479.89.55,84798955,9903.88.15,7.5
8479.89.65,84798965,9903.88.15,7.5
8479.89.70,84798970,9903.88.03,25.0
8479.89.83,84798983,9903.88.01,25.0
8479.89.92,84798992,9903.88.01,25.0
8479.89.95,84798995,9903.88.03,25.0
8479.90.41,84799041,9903.88.15,7.5
8479.90.45,84799045,9903.88.15,7.5
8479.90.55,84799055,9903.88.15,7.5
8479.90.65,84799065,9903.88.15,7.5
8479.90.75,84799075,9903.88.15,7.5
8479.90.85,84799085,9903.88.15,7.5
8479.90.95,84799095,9903.88.01,25.0
8480.10.00,84801000,9903.88.03,25.0
8480.20.00,84802000,9903.88.01,25.0
8480.30.00,84803000,9903.88.01,25.0
8480.41.00,84804100,9903.88.01,25.0
8480.49.00,84804900,9903.88.01,25.0
8480.50.00,84805000,9903.88.01,25.0
8480.60.00,84806000,9903.88.15,7.5
8480.71.10,84807110,9903.88.01,25.0
8480.71.40,84807140,9903.88.01,25.0
8480.71.80,84807180,9903.88.01,25.0
8480.79.10,84807910,9903.88.03,25.0
8480.79.90,84807990,9903.88.03,25.0
8481.10.00,84811000,9903.88.01,25.0
8481.20.00,84812000,9903.88.01,25.0
8481.30.10,84813010,9903.88.03,25.0
8481.30.20,84813020,9903.88.01,25.0
8481.30.90,84813090,9903.88.01,25.0
8481.40.00,84814000,9903.88.01,25.0
8481.80.10,84818010,9903.88.03,25.0
8481.80.30,84818030,9903.88.03,25.0
8481.80.50,84818050,9903.88.03,25.0
8481.80.90,84818090,9903.88.03,25.0
8481.90.10,84819010,9903.88.15,7.5
8481.90.30,84819030,9903.88.15,7.5
8481.90.50,84819050,9903.88.15,7.5
8481.90.90,84819090,9903.88.01,25.0
8482-10-10 00:00:00,8482-10-10 00:00:00,9903.88.03,25.0
8482.10.50,84821050,9903.88.01,25.0
8482.20.00,84822000,9903.88.01,25.0
8482.30.00,84823000,9903.88.01,25.0
8482.40.00,84824000,9903.88.01,25.0
8482.50.00,84825000,9903.88.01,25.0
8482.80.00,84828000,9903.88.01,25.0
8482.91.00,84829100,9903.88.01,25.0
8482.99.05,84829905,9903.88.01,25.0
8482.99.15,84829915,9903.88.01,25.0
8482.99.25,84829925,9903.88.01,25.0
8482.99.35,84829935,9903.88.01,25.0
8482.99.45,84829945,9903.88.01,25.0
8482.99.65,84829965,9903.88.01,25.0
8483-10-10 00:00:00,8483-10-10 00:00:00,9903.88.03,25.0
8483-10-30 00:00:00,8483-10-30 00:00:00,9903.88.03,25.0
8483.10.50,84831050,9903.88.03,25.0
8483.20.40,84832040,9903.88.03,25.0
8483.20.80,84832080,9903.88.03,25.0
8483.30.40,84833040,9903.88.01,25.0
8483.30.80,84833080,9903.88.02,25.0
8483.40.10,84834010,9903.88.01,25.0
8483.40.30,84834030,9903.88.01,25.0
8483.40.50,84834050,9903.88.03,25.0
8483.40.70,84834070,9903.88.03,25.0
8483.40.80,84834080,9903.88.01,25.0
8483.40.90,84834090,9903.88.01,25.0
8483.50.40,84835040,9903.88.03,25.0
8483.50.60,84835060,9903.88.01,25.0
8483.50.90,84835090,9903.88.01,25.0
8483.60.40,84836040,9903.88.01,25.0
8483.60.80,84836080,9903.88.03,25.0
8483.90.10,84839010,9903.88.01,25.0
8483.90.20,84839020,9903.88.01,25.0
8483.90.30,84839030,9903.88.01,25.0
8483.90.50,84839050,9903.88.03,25.0
8483.90.70,84839070,9903.88.01,25.0
8483.90.80,84839080,9903.88.01,25.0
8484.10.00,84841000,9903.88.01,25.0
8484.20.00,84842000,9903.88.01,25.0
8484.90.00,84849000,9903.88.01,25.0
8485-10-01 00:00:00,8485-10-01 00:00:00,9903.88.03,25.0
8485.20.00,84852000,9903.88.01,25.0
8485.30.00,84853000,9903.88.03,25.0
8485.80.00,84858000,9903.88.03,25.0
8485.90.10,84859010,9903.88.01,25.0
8485.90.90,84859090,9903.88.01,25.0
8486.10.00,84861000,9903.88.02,25.0
8486.20.00,84862000,9903.88.02,25.0
8486.30.00,84863000,9903.88.02,25.0
8486.40.00,84864000,9903.88.02,25.0
8486.90.00,84869000,9903.88.02,25.0
8487.10.00,84871000,9903.88.01,25.0
8487.90.00,84879000,9903.88.01,25.0
8501-10-20 00:00:00,8501-10-20 00:00:00,9903.88.02,25.0
8501.10.40,85011040,9903.88.01,25.0
8501.10.60,85011060,9903.88.02,25.0
8501.20.20,85012020,9903.88.01,25.0
8501.20.40,85012040,9903.88.02,25.0
8501.20.50,85012050,9903.88.01,25.0
8501.20.60,85012060,9903.88.01,25.0
8501.31.20,85013120,9903.88.01,25.0
8501.31.40,85013140,9903.88.02,25.0
8501.31.50,85013150,9903.88.01,25.0
8501.31.60,85013160,9903.88.01,25.0
8501.31.81,85013181,9903.88.02,25.0
8501.32.20,85013220,9903.88.02,25.0
8501.32.45,85013245,9903.88.01,25.0
8501.32.55,85013255,9903.88.01,25.0
8501.32.61,85013261,9903.88.02,25.0
8501.33.20,85013320,9903.88.02,25.0
8501.33.30,85013330,9903.88.02,25.0
8501.33.40,85013340,9903.88.01,25.0
8501.33.61,85013361,9903.88.01,25.0
8501.34.30,85013430,9903.88.01,25.0
8501.34.61,85013461,9903.88.01,25.0
8501.40.20,85014020,9903.88.03,25.0
8501.40.40,85014040,9903.88.03,25.0
8501.40.50,85014050,9903.88.03,25.0
8501.40.60,85014060,9903.88.03,25.0
8501.51.20,85015120,9903.88.01,25.0
8501.51.40,85015140,9903.88.01,25.0
8501.51.50,85015150,9903.88.01,25.0
8501.51.60,85015160,9903.88.01,25.0
8501.52.40,85015240,9903.88.02,25.0
8501.52.80,85015280,9903.88.01,25.0
8501.53.40,85015340,9903.88.01,25.0
8501.53.60,85015360,9903.88.02,25.0
8501.53.80,85015380,9903.88.01,25.0
8501.61.01,85016101,9903.88.03,25.0
8501.62.01,85016201,9903.88.01,25.0
8501.63.01,85016301,9903.88.01,25.0
8501.64.01,85016401,9903.88.01,25.0
8501.71.00,85017100,9903.88.02,25.0
8501.72.10,85017210,9903.88.02,25.0
8501.72.20,85017220,9903.88.02,25.0
8501.72.30,85017230,9903.88.01,25.0
8501.72.90,85017290,9903.88.01,25.0
8501.80.10,85018010,9903.88.03,25.0
8501.80.20,85018020,9903.88.01,25.0
8501.80.30,85018030,9903.88.01,25.0
8501.80.90,85018090,9903.88.01,25.0
8502.11.00,85021100,9903.88.01,25.0
8502.12.00,85021200,9903.88.01,25.0
8502.13.00,85021300,9903.88.01,25.0
8502.20.00,85022000,9903.88.03,25.0
8502.31.00,85023100,9903.88.01,25.0
8502.39.00,85023900,9903.88.01,25.0
8502.40.00,85024000,9903.88.01,25.0
8503.00.20,85030020,9903.88.01,25.0
8503.00.35,85030035,9903.88.01,25.0
8503.00.45,85030045,9903.88.01,25.0
8503.00.65,85030065,9903.88.01,25.0
8503.00.75,85030075,9903.88.01,25.0
8503.00.90,85030090,9903.88.01,25.0
8503.00.95,85030095,9903.88.02,25.0
8504.10.00,85041000,9903.88.15,7.5
8504.21.00,85042100,9903.88.01,25.0
8504.22.00,85042200,9903.88.01,25.0
8504.23.00,85042300,9903.88.01,25.0
8504.31.20,85043120,9903.88.03,25.0
8504.31.40,85043140,9903.88.03,25.0
8504.31.60,85043160,9903.88.03,25.0
8504.32.00,85043200,9903.88.01,25.0
8504.33.00,85043300,9903.88.01,25.0
8504.34.00,85043400,9903.88.01,25.0
8504.40.40,85044040,9903.88.01,25.0
8504.40.60,85044060,9903.88.03,25.0
8504.40.70,85044070,9903.88.03,25.0
8504.40.85,85044085,9903.88.03,25.0
8504.40.95,85044095,9903.88.03,25.0
8504.50.40,85045040,9903.88.03,25.0
8504.50.80,85045080,9903.88.03,25.0
8504.90.20,85049020,9903.88.03,25.0
8504.90.41,85049041,9903.88.01,25.0
8504.90.65,85049065,9903.88.01,25.0
8504.90.75,85049075,9903.88.01,25.0
8504.90.96,85049096,9903.88.01,25.0
8505.11.00,85051100,9903.91.06,25.0
8505.19.10,85051910,9903.88.01,25.0
8505.19.20,85051920,9903.88.03,25.0
8505.19.30,85051930,9903.88.03,25.0
8505.20.00,85052000,9903.88.01,25.0
8505.90.30,85059030,9903.88.01,25.0
8505.90.40,85059040,9903.88.01,25.0
8505.90.70,85059070,9903.88.01,25.0
8505.90.75,85059075,9903.88.01,25.0
8506.10.00,85061000,9903.88.03,25.0
8506.30.10,85063010,9903.88.03,25.0
8506.30.50,85063050,9903.88.03,25.0
8506.40.10,85064010,9903.88.01,25.0
8506.40.50,85064050,9903.88.01,25.0
8506.50.00,85065000,9903.88.01,25.0
8506.60.00,85066000,9903.88.01,25.0
8506.80.00,85068000,9903.88.03,25.0
8506.90.00,85069000,9903.88.01,25.0
8507.10.00,85071000,9903.88.03,25.0
8507.20.40,85072040,9903.88.03,25.0
8507.20.80,85072080,9903.88.03,25.0
8507.30.40,85073040,9903.88.03,25.0
8507.30.80,85073080,9903.88.15,7.5
8507.50.00,85075000,9903.88.03,25.0
8507.60.00,85076000,9903.91.06,25.0
8507.80.41,85078041,9903.88.02,25.0
8507.80.82,85078082,9903.88.02,25.0
8507.90.40,85079040,9903.91.01,25.0
8507.90.80,85079080,9903.88.01,25.0
8508.11.00,85081100,9903.88.03,25.0
8508.19.00,85081900,9903.88.03,25.0
8508.60.00,85086000,9903.88.03,25.0
8508.70.00,85087000,9903.88.03,25.0
8509.80.20,85098020,9903.88.03,25.0
8509.90.25,85099025,9903.88.03,25.0
8509.90.35,85099035,9903.88.03,25.0
8509.90.45,85099045,9903.88.03,25.0
8509.90.55,85099055,9903.88.03,25.0
8510.10.00,85101000,9903.88.15,7.5
8510.20.10,85102010,9903.88.03,25.0
8510.20.90,85102090,9903.88.03,25.0
8510.90.10,85109010,9903.88.03,25.0
8510.90.20,85109020,9903.88.03,25.0
8510.90.30,85109030,9903.88.03,25.0
8510.90.40,85109040,9903.88.03,25.0
8510.90.55,85109055,9903.88.03,25.0
8511.10.00,85111000,9903.88.03,25.0
8511.20.00,85112000,9903.88.03,25.0
8511.30.00,85113000,9903.88.03,25.0
8511.40.00,85114000,9903.88.03,25.0
8511.50.00,85115000,9903.88.03,25.0
8511.80.20,85118020,9903.88.02,25.0
8511.80.40,85118040,9903.88.02,25.0
8511.80.60,85118060,9903.88.03,25.0
8511.90.20,85119020,9903.88.02,25.0
8511.90.40,85119040,9903.88.02,25.0
8511.90.60,85119060,9903.88.03,25.0
8512-10-20 00:00:00,8512-10-20 00:00:00,9903.88.15,7.5
8512.10.40,85121040,9903.88.15,7.5
8512.20.20,85122020,9903.88.03,25.0
8512.20.40,85122040,9903.88.03,25.0
8512.30.00,85123000,9903.88.03,25.0
8512.40.20,85124020,9903.88.03,25.0
8512.40.40,85124040,9903.88.03,25.0
8512.90.20,85129020,9903.88.03,25.0
8512.90.40,85129040,9903.88.03,25.0
8512.90.60,85129060,9903.88.03,25.0
8512.90.70,85129070,9903.88.03,25.0
8512.90.90,85129090,9903.88.03,25.0
8513.90.20,85139020,9903.88.03,25.0
8513.90.40,85139040,9903.88.03,25.0
8514.11.00,85141100,9903.88.01,25.0
8514.19.00,85141900,9903.88.01,25.0
8514.20.40,85142040,9903.88.03,25.0
8514.20.60,85142060,9903.88.01,25.0
8514.20.80,85142080,9903.88.01,25.0
8514.31.10,85143110,9903.88.01,25.0
8514.31.90,85143190,9903.88.01,25.0
8514.32.10,85143210,9903.88.01,25.0
8514.32.90,85143290,9903.88.01,25.0
8514.39.10,85143910,9903.88.01,25.0
8514.39.90,85143990,9903.88.01,25.0
8514.40.00,85144000,9903.88.01,25.0
8514.90.40,85149040,9903.88.03,25.0
8514.90.80,85149080,9903.88.01,25.0
8515.11.00,85151100,9903.88.01,25.0
8515.19.00,85151900,9903.88.01,25.0
8515.21.00,85152100,9903.88.01,25.0
8515.29.00,85152900,9903.88.01,25.0
8515.31.00,85153100,9903.88.01,25.0
8515.39.00,85153900,9903.88.01,25.0
8515.80.00,85158000,9903.88.01,25.0
8515.90.20,85159020,9903.88.01,25.0
8515.90.40,85159040,9903.88.01,25.0
8516.10.00,85161000,9903.88.15,7.5
8516.21.00,85162100,9903.88.03,25.0
8516.29.00,85162900,9903.88.03,25.0
8516.33.00,85163300,9903.88.15,7.5
8516.60.40,85166040,9903.88.03,25.0
8516.71.00,85167100,9903.88.15,7.5
8516.80.40,85168040,9903.88.03,25.0
8516.80.80,85168080,9903.88.03,25.0
8516.90.05,85169005,9903.88.03,25.0
8516.90.15,85169015,9903.88.03,25.0
8516.90.25,85169025,9903.88.03,25.0
8516.90.35,85169035,9903.88.03,25.0
8516.90.45,85169045,9903.88.03,25.0
8516.90.50,85169050,9903.88.03,25.0
8516.90.55,85169055,9903.88.03,25.0
8516.90.65,85169065,9903.88.03,25.0
8516.90.75,85169075,9903.88.03,25.0
8516.90.80,85169080,9903.88.03,25.0
8516.90.85,85169085,9903.88.03,25.0
8516.90.90,85169090,9903.88.03,25.0
8517.11.00,85171100,9903.88.15,7.5
8517.61.00,85176100,9903.88.15,7.5
8517.62.0010,8517620010,9903.88.04,25.0
8517.62.0020,8517620020,9903.88.04,25.0
8517.62.0090,8517620090,9903.88.15,7.5
8517.69.00,85176900,9903.88.03,25.0
8517.71.00,85177100,9903.88.15,7.5
8517.79.00,85177900,9903.88.15,7.5
8518.10.40,85181040,9903.88.03,25.0
8518.10.80,85181080,9903.88.15,7.5
8518.21.00,85182100,9903.88.15,7.5
8518.22.00,85182200,9903.88.15,7.5
8518.29.80,85182980,9903.88.15,7.5
8518.30.10,85183010,9903.88.15,7.5
8518.40.10,85184010,9903.88.03,25.0
8518.40.20,85184020,9903.88.03,25.0
8518.50.00,85185000,9903.88.03,25.0
8518.90.20,85189020,9903.88.03,25.0
8518.90.41,85189041,9903.88.03,25.0
8518.90.60,85189060,9903.88.03,25.0
8518.90.81,85189081,9903.88.03,25.0
8519.20.00,85192000,9903.88.15,7.5
8519.30.10,85193010,9903.88.15,7.5
8519.81.10,85198110,9903.88.15,7.5
8519.81.30,85198130,9903.88.03,25.0
8519.89.10,85198910,9903.88.15,7.5
8519.89.30,85198930,9903.88.15,7.5
8521-10-30 00:00:00,8521-10-30 00:00:00,9903.88.15,7.5
8521.10.60,85211060,9903.88.15,7.5
8521.10.90,85211090,9903.88.15,7.5
8521.90.00,85219000,9903.88.15,7.5
8522.10.00,85221000,9903.88.03,25.0
8522.90.25,85229025,9903.88.03,25.0
8522.90.36,85229036,9903.88.03,25.0
8522.90.45,85229045,9903.88.03,25.0
8522.90.58,85229058,9903.88.03,25.0
8522.90.65,85229065,9903.88.03,25.0
8522.90.80,85229080,9903.88.03,25.0
8523.21.00,85232100,9903.88.03,25.0
8523.29.10,85232910,9903.88.15,7.5
8523.29.20,85232920,9903.88.15,7.5
8523.29.30,85232930,9903.88.15,7.5
8523.29.40,85232940,9903.88.15,7.5
8523.29.50,85232950,9903.88.15,7.5
8523.29.60,85232960,9903.88.15,7.5
8523.29.70,85232970,9903.88.15,7.5
8523.29.80,85232980,9903.88.15,7.5
8523.29.90,85232990,9903.88.15,7.5
8523.41.00,85234100,9903.88.15,7.5
8523.49.20,85234920,9903.88.15,7.5
8523.49.30,85234930,9903.88.15,7.5
8523.49.40,85234940,9903.88.03,25.0
8523.49.50,85234950,9903.88.15,7.5
8523.51.00,85235100,9903.88.15,7.5
8523.52.00,85235200,9903.88.03,25.0
8523.59.00,85235900,9903.88.03,25.0
8523.80.10,85238010,9903.88.15,7.5
8523.80.20,85238020,9903.88.15,7.5
8524-11-10 00:00:00,8524-11-10 00:00:00,9903.88.01,25.0
8524.11.90,85241190,9903.88.15,7.5
8524.12.00,85241200,9903.88.03,25.0
8524.19.00,85241900,9903.88.03,25.0
8524.91.10,85249110,9903.88.01,25.0
8524.91.90,85249190,9903.88.15,7.5
8524.92.00,85249200,9903.88.03,25.0
8524.99.00,85249900,9903.88.03,25.0
8525.50.30,85255030,9903.88.03,25.0
8525.50.70,85255070,9903.88.01,25.0
8525.60.10,85256010,9903.88.01,25.0
8525.60.20,85256020,9903.88.01,25.0
8525.81.00,85258100,9903.88.03,25.0
8525.82.00,85258200,9903.88.03,25.0
8525.83.00,85258300,9903.88.03,25.0
8525.89.10,85258910,9903.88.01,25.0
8525.89.20,85258920,9903.88.01,25.0
8525.89.30,85258930,9903.88.03,25.0
8525.89.40,85258940,9903.88.15,7.5
8525.89.50,85258950,9903.88.03,25.0
8526.10.00,85261000,9903.88.01,25.0
8526.91.00,85269100,9903.88.01,25.0
8526.92.50,85269250,9903.88.01,25.0
8527.21.15,85272115,9903.88.03,25.0
8527.21.25,85272125,9903.88.03,25.0
8527.21.40,85272140,9903.88.03,25.0
8527.29.40,85272940,9903.88.03,25.0
8527.29.80,85272980,9903.88.03,25.0
8527.91.50,85279150,9903.88.15,7.5
8527.91.60,85279160,9903.88.15,7.5
8527.99.15,85279915,9903.88.01,25.0
8527.99.40,85279940,9903.88.01,25.0
8528.42.00,85284200,9903.88.03,25.0
8528.49.05,85284905,9903.88.15,7.5
8528.49.10,85284910,9903.88.15,7.5
8528.49.15,85284915,9903.88.03,25.0
8528.49.20,85284920,9903.88.03,25.0
8528.49.25,85284925,9903.88.15,7.5
8528.49.30,85284930,9903.88.15,7.5
8528.49.35,85284935,9903.88.03,25.0
8528.49.40,85284940,9903.88.15,7.5
8528.49.45,85284945,9903.88.03,25.0
8528.49.50,85284950,9903.88.15,7.5
8528.49.60,85284960,9903.88.03,25.0
8528.49.65,85284965,9903.88.15,7.5
8528.49.70,85284970,9903.88.15,7.5
8528.49.75,85284975,9903.88.15,7.5
8528.49.80,85284980,9903.88.03,25.0
8528.59.05,85285905,9903.88.03,25.0
8528.59.10,85285910,9903.88.03,25.0
8528.59.15,85285915,9903.88.15,7.5
8528.59.23,85285923,9903.88.15,7.5
8528.59.25,85285925,9903.88.15,7.5
8528.59.33,85285933,9903.88.15,7.5
8528.59.35,85285935,9903.88.15,7.5
8528.59.50,85285950,9903.88.15,7.5
8528.59.60,85285960,9903.88.15,7.5
8528.62.00,85286200,9903.88.15,7.5
8528.69.05,85286905,9903.88.03,25.0
8528.69.10,85286910,9903.88.03,25.0
8528.69.15,85286915,9903.88.15,7.5
8528.69.20,85286920,9903.88.03,25.0
8528.69.25,85286925,9903.88.15,7.5
8528.69.30,85286930,9903.88.03,25.0
8528.69.45,85286945,9903.88.15,7.5
8528.69.50,85286950,9903.88.15,7.5
8528.69.55,85286955,9903.88.15,7.5
8528.69.60,85286960,9903.88.15,7.5
8528.69.70,85286970,9903.88.15,7.5
8528.71.10,85287110,9903.88.15,7.5
8528.71.20,85287120,9903.88.15,7.5
8528.71.30,85287130,9903.88.15,7.5
8528.71.40,85287140,9903.88.15,7.5
8528.71.45,85287145,9903.88.15,7.5
8528.72.04,85287204,9903.88.03,25.0
8528.72.08,85287208,9903.88.15,7.5
8528.72.12,85287212,9903.88.03,25.0
8528.72.20,85287220,9903.88.03,25.0
8528.72.24,85287224,9903.88.03,25.0
8528.72.28,85287228,9903.88.03,25.0
8528.72.32,85287232,9903.88.15,7.5
8528.72.36,85287236,9903.88.03,25.0
8528.72.40,85287240,9903.88.03,25.0
8528.72.44,85287244,9903.88.03,25.0
8528.72.48,85287248,9903.88.15,7.5
8528.72.52,85287252,9903.88.15,7.5
8528.72.56,85287256,9903.88.15,7.5
8528.72.62,85287262,9903.88.15,7.5
8528.72.64,85287264,9903.88.15,7.5
8528.72.68,85287268,9903.88.15,7.5
8528.72.72,85287272,9903.88.15,7.5
8528.72.76,85287276,9903.88.15,7.5
8528.72.80,85287280,9903.88.15,7.5
8528.72.84,85287284,9903.88.15,7.5
8528.72.97,85287297,9903.88.15,7.5
8528.73.00,85287300,9903.88.03,25.0
8529-10-21 00:00:00,8529-10-21 00:00:00,9903.88.03,25.0
8529.10.40,85291040,9903.88.01,25.0
8529.10.91,85291091,9903.88.02,25.0
8529.90.04,85299004,9903.88.03,25.0
8529.90.05,85299005,9903.88.01,25.0
8529.90.06,85299006,9903.88.01,25.0
8529.90.09,85299009,9903.88.01,25.0
8529.90.13,85299013,9903.88.15,7.5
8529.90.16,85299016,9903.88.01,25.0
8529.90.19,85299019,9903.88.01,25.0
8529.90.21,85299021,9903.88.01,25.0
8529.90.24,85299024,9903.88.01,25.0
8529.90.29,85299029,9903.88.01,25.0
8529.90.33,85299033,9903.88.01,25.0
8529.90.36,85299036,9903.88.03,25.0
8529.90.39,85299039,9903.88.03,25.0
8529.90.43,85299043,9903.88.03,25.0
8529.90.46,85299046,9903.88.01,25.0
8529.90.49,85299049,9903.88.03,25.0
8529.90.55,85299055,9903.88.03,25.0
8529.90.63,85299063,9903.88.01,25.0
8529.90.68,85299068,9903.88.01,25.0
8529.90.73,85299073,9903.88.01,25.0
8529.90.77,85299077,9903.88.03,25.0
8529.90.78,85299078,9903.88.01,25.0
8529.90.81,85299081,9903.88.01,25.0
8529.90.83,85299083,9903.88.01,25.0
8529.90.87,85299087,9903.88.03,25.0
8529.90.88,85299088,9903.88.03,25.0
8529.90.89,85299089,9903.88.01,25.0
8529.90.93,85299093,9903.88.01,25.0
8529.90.95,85299095,9903.88.01,25.0
8529.90.97,85299097,9903.88.01,25.0
8529.90.98,85299098,9903.88.01,25.0
8530.10.00,85301000,9903.88.01,25.0
8530.80.00,85308000,9903.88.01,25.0
8530.90.00,85309000,9903.88.01,25.0
8531.10.00,85311000,9903.88.03,25.0
8531.20.00,85312000,9903.88.03,25.0
8531.80.90,85318090,9903.88.15,7.5
8531.90.15,85319015,9903.88.03,25.0
8531.90.30,85319030,9903.88.03,25.0
8531.90.75,85319075,9903.88.03,25.0
8531.90.90,85319090,9903.88.03,25.0
8532.10.00,85321000,9903.88.01,25.0
8532.21.00,85322100,9903.88.01,25.0
8532.22.00,85322200,9903.88.01,25.0
8532.23.00,85322300,9903.88.01,25.0
8532.24.00,85322400,9903.88.01,25.0
8532.25.00,85322500,9903.88.01,25.0
8532.29.00,85322900,9903.88.01,25.0
8532.30.00,85323000,9903.88.01,25.0
8532.90.00,85329000,9903.88.01,25.0
8533.10.00,85331000,9903.88.01,25.0
8533.21.00,85332100,9903.88.01,25.0
8533.29.00,85332900,9903.88.01,25.0
8533.31.00,85333100,9903.88.01,25.0
8533.39.00,85333900,9903.88.03,25.0
8533.40.40,85334040,9903.88.01,25.0
8533.40.80,85334080,9903.88.01,25.0
8533.90.40,85339040,9903.88.02,25.0
8533.90.80,85339080,9903.88.01,25.0
8534.00.00,85340000,9903.88.03,25.0
8535.10.00,85351000,9903.88.01,25.0
8535.21.00,85352100,9903.88.01,25.0
8535.29.00,85352900,9903.88.01,25.0
8535.30.00,85353000,9903.88.01,25.0
8535.40.00,85354000,9903.88.03,25.0
8535.90.40,85359040,9903.88.01,25.0
8535.90.80,85359080,9903.88.01,25.0
8536.10.00,85361000,9903.88.01,25.0
8536.20.00,85362000,9903.88.01,25.0
8536.30.40,85363040,9903.88.01,25.0
8536.30.80,85363080,9903.88.02,25.0
8536.41.00,85364100,9903.88.01,25.0
8536.49.00,85364900,9903.88.01,25.0
8536.50.40,85365040,9903.88.01,25.0
8536.50.70,85365070,9903.88.02,25.0
8536.50.90,85365090,9903.88.01,25.0
8536.61.00,85366100,9903.88.03,25.0
8536.69.40,85366940,9903.88.01,25.0
8536.69.80,85366980,9903.88.03,25.0
8536.70.00,85367000,9903.88.02,25.0
8536.90.40,85369040,9903.88.01,25.0
8536.90.60,85369060,9903.88.15,7.5
8536.90.85,85369085,9903.88.01,25.0
8537-10-30 00:00:00,8537-10-30 00:00:00,9903.88.02,25.0
8537.10.60,85371060,9903.88.01,25.0
8537.10.80,85371080,9903.88.01,25.0
8537.10.91,85371091,9903.88.03,25.0
8537.20.00,85372000,9903.88.01,25.0
8538.10.00,85381000,9903.88.01,25.0
8538.90.10,85389010,9903.88.03,25.0
8538.90.30,85389030,9903.88.03,25.0
8538.90.40,85389040,9903.88.01,25.0
8538.90.60,85389060,9903.88.01,25.0
8538.90.81,85389081,9903.88.01,25.0
8539.10.00,85391000,9903.88.03,25.0
8539.21.20,85392120,9903.88.03,25.0
8539.21.40,85392140,9903.88.03,25.0
8539.29.20,85392920,9903.88.15,7.5
8539.29.30,85392930,9903.88.15,7.5
8539.29.40,85392940,9903.88.15,7.5
8539.31.00,85393100,9903.88.03,25.0
8539.32.00,85393200,9903.88.03,25.0
8539.39.10,85393910,9903.88.03,25.0
8539.39.90,85393990,9903.88.03,25.0
8539.41.00,85394100,9903.88.01,25.0
8539.49.00,85394900,9903.88.03,25.0
8539.51.00,85395100,9903.88.03,25.0
8539.90.00,85399000,9903.88.01,25.0
8540-11-10 00:00:00,8540-11-10 00:00:00,9903.88.03,25.0
8540-11-24 00:00:00,8540-11-24 00:00:00,9903.88.03,25.0
8540-11-28 00:00:00,8540-11-28 00:00:00,9903.88.03,25.0
8540-11-30 00:00:00,8540-11-30 00:00:00,9903.88.03,25.0
8540.11.44,85401144,9903.88.03,25.0
8540.11.48,85401148,9903.88.03,25.0
8540.11.50,85401150,9903.88.03,25.0
8540-12-10 00:00:00,8540-12-10 00:00:00,9903.88.03,25.0
8540-12-20 00:00:00,8540-12-20 00:00:00,9903.88.03,25.0
8540.12.50,85401250,9903.88.03,25.0
8540.12.70,85401270,9903.88.03,25.0
8540.20.20,85402020,9903.88.03,25.0
8540.20.40,85402040,9903.88.03,25.0
8540.40.10,85404010,9903.88.03,25.0
8540.60.00,85406000,9903.88.03,25.0
8540.71.20,85407120,9903.88.03,25.0
8540.71.40,85407140,9903.88.03,25.0
8540.79.10,85407910,9903.88.01,25.0
8540.79.20,85407920,9903.88.01,25.0
8540.81.00,85408100,9903.88.03,25.0
8540.89.00,85408900,9903.88.01,25.0
8540.91.15,85409115,9903.88.03,25.0
8540.91.20,85409120,9903.88.03,25.0
8540.91.50,85409150,9903.88.03,25.0
8540.99.40,85409940,9903.88.03,25.0
8540.99.80,85409980,9903.88.03,25.0
8541.10.00,85411000,9903.91.05,50.0
8541.21.00,85412100,9903.91.05,50.0
8541.29.00,85412900,9903.91.05,50.0
8541.30.00,85413000,9903.91.05,50.0
8541.41.00,85414100,9903.88.01,25.0
8541.42.00,85414200,9903.91.02,50.0
8541.43.00,85414300,9903.91.02,50.0
8541.49.10,85414910,9903.91.05,50.0
8541.49.70,85414970,9903.91.05,50.0
8541.49.80,85414980,9903.91.05,50.0
8541.49.95,85414995,9903.91.05,50.0
8541.51.00,85415100,9903.91.05,50.0
8541.59.00,85415900,9903.91.05,50.0
8541.60.00,85416000,9903.88.01,25.0
8541.90.00,85419000,9903.91.05,50.0
8542.31.00,85423100,9903.91.05,50.0
8542.32.00,85423200,9903.91.05,50.0
8542.33.00,85423300,9903.91.05,50.0
8542.39.00,85423900,9903.91.05,50.0
8542.90.00,85429000,9903.91.05,50.0
8543.10.00,85431000,9903.88.01,25.0
8543.20.00,85432000,9903.88.01,25.0
8543.30.20,85433020,9903.88.01,25.0
8543.30.90,85433090,9903.88.01,25.0
8543.40.00,85434000,9903.88.02,25.0
8543.70.20,85437020,9903.88.01,25.0
8543.70.42,85437042,9903.88.01,25.0
8543.70.45,85437045,9903.88.02,25.0
8543.70.60,85437060,9903.88.01,25.0
8543.70.71,85437071,9903.88.03,25.0
8543.70.80,85437080,9903.88.01,25.0
8543.70.85,85437085,9903.88.03,25.0
8543.70.89,85437089,9903.88.15,7.5
8543.70.91,85437091,9903.88.03,25.0
8543.70.95,85437095,9903.88.01,25.0
8543.70.97,85437097,9903.88.01,25.0
8543.70.98,85437098,9903.88.02,25.0
8543.90.12,85439012,9903.88.01,25.0
8543.90.15,85439015,9903.88.01,25.0
8543.90.35,85439035,9903.88.01,25.0
8543.90.65,85439065,9903.88.01,25.0
8543.90.68,85439068,9903.88.01,25.0
8543.90.85,85439085,9903.88.03,25.0
8543.90.88,85439088,9903.88.03,25.0
8544.11.00,85441100,9903.88.01,25.0
8544.19.00,85441900,9903.88.01,25.0
8544.20.00,85442000,9903.88.03,25.0
8544.30.00,85443000,9903.88.01,25.0
8544.42.10,85444210,9903.88.03,25.0
8544.42.20,85444220,9903.88.03,25.0
8544.42.90,85444290,9903.88.03,25.0
8544.49.10,85444910,9903.88.02,25.0
8544.49.20,85444920,9903.88.02,25.0
8544.49.30,85444930,9903.88.01,25.0
8544.49.90,85444990,9903.88.01,25.0
8544.60.20,85446020,9903.88.01,25.0
8544.60.40,85446040,9903.88.01,25.0
8544.60.60,85446060,9903.88.02,25.0
8544.70.00,85447000,9903.88.01,25.0
8545.11.00,85451100,9903.88.03,25.0
8545.19.20,85451920,9903.88.03,25.0
8545.19.40,85451940,9903.88.03,25.0
8545.20.00,85452000,9903.88.03,25.0
8545.90.20,85459020,9903.88.03,25.0
8545.90.40,85459040,9903.88.03,25.0
8546.10.00,85461000,9903.88.03,25.0
8546.20.00,85462000,9903.88.03,25.0
8546.90.00,85469000,9903.88.03,25.0
8547.10.40,85471040,9903.88.03,25.0
8547.10.80,85471080,9903.88.03,25.0
8547.20.00,85472000,9903.88.03,25.0
8547.90.00,85479000,9903.88.03,25.0
8548.00.00,85480000,9903.88.03,25.0
8549-11-10 00:00:00,8549-11-10 00:00:00,9903.88.15,7.5
8549.11.90,85491190,9903.88.15,7.5
8549.12.40,85491240,9903.88.15,7.5
8549.12.80,85491280,9903.88.15,7.5
8549.13.00,85491300,9903.88.15,7.5
8549.14.00,85491400,9903.88.15,7.5
8549.19.00,85491900,9903.88.15,7.5
8549.21.00,85492100,9903.88.03,25.0
8549.29.00,85492900,9903.88.03,25.0
8549.31.00,85493100,9903.88.03,25.0
8549.39.00,85493900,9903.88.03,25.0
8549.91.00,85499100,9903.88.03,25.0
8549.99.00,85499900,9903.88.03,25.0
8601.10.00,86011000,9903.88.01,25.0
8601.20.00,86012000,9903.88.02,25.0
8602.10.00,86021000,9903.88.02,25.0
8602.90.00,86029000,9903.88.03,25.0
8603.10.00,86031000,9903.88.01,25.0
8603.90.00,86039000,9903.88.01,25.0
8604.00.00,86040000,9903.88.01,25.0
8605.00.00,86050000,9903.88.02,25.0
8606.10.00,86061000,9903.88.02,25.0
8606.30.00,86063000,9903.88.02,25.0
8606.91.00,86069100,9903.88.02,25.0
8606.92.00,86069200,9903.88.02,25.0
8606.99.01,86069901,9903.88.02,25.0
8607.11.00,86071100,9903.88.02,25.0
8607.12.00,86071200,9903.88.01,25.0
8607.19.03,86071903,9903.88.02,25.0
8607.19.06,86071906,9903.88.01,25.0
8607.19.12,86071912,9903.88.01,25.0
8607.19.15,86071915,9903.88.01,25.0
8607.19.30,86071930,9903.88.02,25.0
8607.19.90,86071990,9903.88.01,25.0
8607.21.10,86072110,9903.88.01,25.0
8607.21.50,86072150,9903.88.01,25.0
8607.29.10,86072910,9903.88.01,25.0
8607.29.50,86072950,9903.88.01,25.0
8607.30.10,86073010,9903.88.02,25.0
8607.30.50,86073050,9903.88.02,25.0
8607.91.00,86079100,9903.88.01,25.0
8607.99.10,86079910,9903.88.01,25.0
8607.99.50,86079950,9903.88.01,25.0
8608.00.00,86080000,9903.88.01,25.0
8701-10-01 00:00:00,8701-10-01 00:00:00,9903.88.01,25.0
8701.21.00,87012100,9903.88.02,25.0
8701.22.00,87012200,9903.88.02,25.0
8701.23.00,87012300,9903.88.02,25.0
8701.24.00,87012400,9903.88.02,25.0
8701.29.00,87012900,9903.88.02,25.0
8701.30.10,87013010,9903.88.01,25.0
8701.30.50,87013050,9903.88.02,25.0
8701.91.10,87019110,9903.88.02,25.0
8701.91.50,87019150,9903.88.02,25.0
8701.92.10,87019210,9903.88.02,25.0
8701.92.50,87019250,9903.88.02,25.0
8701.93.10,87019310,9903.88.02,25.0
8701.93.50,87019350,9903.88.02,25.0
8701.94.10,87019410,9903.88.02,25.0
8701.94.50,87019450,9903.88.02,25.0
8701.95.10,87019510,9903.88.02,25.0
8701.95.50,87019550,9903.88.02,25.0
8702-10-31 00:00:00,8702-10-31 00:00:00,9903.88.01,25.0
8702.10.61,87021061,9903.88.01,25.0
8702.20.31,87022031,9903.88.01,25.0
8702.20.61,87022061,9903.88.01,25.0
8702.30.31,87023031,9903.88.01,25.0
8702.30.61,87023061,9903.88.01,25.0
8702.40.31,87024031,9903.91.03,100.0
8702.40.61,87024061,9903.91.03,100.0
8702.90.31,87029031,9903.91.03,100.0
8702.90.61,87029061,9903.91.03,100.0
8703-10-10 00:00:00,8703-10-10 00:00:00,9903.88.15,7.5
8703.10.50,87031050,9903.88.15,7.5
8703.21.01,87032101,9903.88.01,25.0
8703.22.01,87032201,9903.88.01,25.0
8703.23.01,87032301,9903.88.01,25.0
8703.24.01,87032401,9903.88.01,25.0
8703.31.01,87033101,9903.88.01,25.0
8703.32.01,87033201,9903.88.01,25.0
8703.33.01,87033301,9903.88.01,25.0
8703.40.00,87034000,9903.88.01,25.0
8703.50.00,87035000,9903.88.01,25.0
8703.60.00,87036000,9903.91.03,100.0
8703.70.00,87037000,9903.91.03,100.0
8703.80.00,87038000,9903.91.03,100.0
8703.90.01,87039001,9903.91.03,100.0
8704-10-10 00:00:00,8704-10-10 00:00:00,9903.88.01,25.0
8704.10.50,87041050,9903.88.01,25.0
8704.21.01,87042101,9903.88.01,25.0
8704.22.11,87042211,9903.88.01,25.0
8704.22.51,87042251,9903.88.01,25.0
8704.23.01,87042301,9903.88.01,25.0
8704.31.01,87043101,9903.88.01,25.0
8704.32.01,87043201,9903.88.01,25.0
8704.41.00,87044100,9903.88.01,25.0
8704.42.00,87044200,9903.88.01,25.0
8704.43.00,87044300,9903.88.01,25.0
8704.51.00,87045100,9903.88.01,25.0
8704.52.00,87045200,9903.88.01,25.0
8704.60.00,87046000,9903.88.02,25.0
8704.90.01,87049001,9903.88.02,25.0
8705.10.00,87051000,9903.88.02,25.0
8705.20.00,87052000,9903.88.02,25.0
8705.30.00,87053000,9903.88.01,25.0
8705.40.00,87054000,9903.88.01,25.0
8705.90.00,87059000,9903.88.02,25.0
8706.00.03,87060003,9903.88.03,25.0
8706.00.05,87060005,9903.88.03,25.0
8706.00.15,87060015,9903.88.03,25.0
8706.00.25,87060025,9903.88.01,25.0
8706.00.30,87060030,9903.88.01,25.0
8706.00.50,87060050,9903.88.03,25.0
8707.10.00,87071000,9903.88.03,25.0
8707.90.10,87079010,9903.88.03,25.0
8707.90.50,87079050,9903.88.03,25.0
8708-10-30 00:00:00,8708-10-30 00:00:00,9903.88.03,25.0
8708.10.60,87081060,9903.88.03,25.0
8708.21.00,87082100,9903.88.03,25.0
8708.22.00,87082200,9903.88.03,25.0
8708.29.15,87082915,9903.88.03,25.0
8708.29.21,87082921,9903.88.03,25.0
8708.29.25,87082925,9903.88.03,25.0
8708.29.51,87082951,9903.88.03,25.0
8708.30.10,87083010,9903.88.03,25.0
8708.30.50,87083050,9903.88.03,25.0
8708.40.11,87084011,9903.88.03,25.0
8708.40.30,87084030,9903.88.03,25.0
8708.40.50,87084050,9903.88.03,25.0
8708.40.60,87084060,9903.88.03,25.0
8708.40.65,87084065,9903.88.03,25.0
8708.40.70,87084070,9903.88.03,25.0
8708.40.75,87084075,9903.88.03,25.0
8708.50.11,87085011,9903.88.03,25.0
8708.50.31,87085031,9903.88.03,25.0
8708.50.51,87085051,9903.88.03,25.0
8708.50.61,87085061,9903.88.03,25.0
8708.50.65,87085065,9903.88.03,25.0
8708.50.70,87085070,9903.88.03,25.0
8708.50.75,87085075,9903.88.03,25.0
8708.50.79,87085079,9903.88.03,25.0
8708.50.81,87085081,9903.88.03,25.0
8708.50.85,87085085,9903.88.03,25.0
8708.50.89,87085089,9903.88.03,25.0
8708.50.91,87085091,9903.88.03,25.0
8708.50.93,87085093,9903.88.03,25.0
8708.50.95,87085095,9903.88.03,25.0
8708.50.99,87085099,9903.88.03,25.0
8708.70.05,87087005,9903.88.03,25.0
8708.70.15,87087015,9903.88.03,25.0
8708.70.25,87087025,9903.88.03,25.0
8708.70.35,87087035,9903.88.03,25.0
8708.70.45,87087045,9903.88.03,25.0
8708.70.60,87087060,9903.88.03,25.0
8708.80.03,87088003,9903.88.03,25.0
8708.80.05,87088005,9903.88.03,25.0
8708.80.13,87088013,9903.88.03,25.0
8708.80.16,87088016,9903.88.03,25.0
8708.80.51,87088051,9903.88.03,25.0
8708.80.55,87088055,9903.88.03,25.0
8708.80.60,87088060,9903.88.03,25.0
8708.80.65,87088065,9903.88.03,25.0
8708.91.10,87089110,9903.88.03,25.0
8708.91.50,87089150,9903.88.03,25.0
8708.91.60,87089160,9903.88.03,25.0
8708.91.65,87089165,9903.88.03,25.0
8708.91.70,87089170,9903.88.03,25.0
8708.91.75,87089175,9903.88.03,25.0
8708.92.10,87089210,9903.88.03,25.0
8708.92.50,87089250,9903.88.03,25.0
8708.92.60,87089260,9903.88.03,25.0
8708.92.65,87089265,9903.88.03,25.0
8708.92.70,87089270,9903.88.03,25.0
8708.92.75,87089275,9903.88.03,25.0
8708.93.15,87089315,9903.88.03,25.0
8708.93.30,87089330,9903.88.03,25.0
8708.93.60,87089360,9903.88.03,25.0
8708.93.75,87089375,9903.88.03,25.0
8708.94.10,87089410,9903.88.03,25.0
8708.94.50,87089450,9903.88.03,25.0
8708.94.60,87089460,9903.88.03,25.0
8708.94.65,87089465,9903.88.03,25.0
8708.94.70,87089470,9903.88.03,25.0
8708.94.75,87089475,9903.88.03,25.0
8708.95.05,87089505,9903.88.03,25.0
8708.95.10,87089510,9903.88.03,25.0
8708.95.15,87089515,9903.88.03,25.0
8708.95.20,87089520,9903.88.03,25.0
8708.99.03,87089903,9903.88.03,25.0
8708.99.06,87089906,9903.88.03,25.0
8708.99.16,87089916,9903.88.03,25.0
8708.99.23,87089923,9903.88.03,25.0
8708.99.27,87089927,9903.88.03,25.0
8708.99.31,87089931,9903.88.03,25.0
8708.99.41,87089941,9903.88.03,25.0
8708.99.48,87089948,9903.88.03,25.0
8708.99.53,87089953,9903.88.03,25.0
8708.99.55,87089955,9903.88.03,25.0
8708.99.58,87089958,9903.88.03,25.0
8708.99.68,87089968,9903.88.03,25.0
8708.99.81,87089981,9903.88.03,25.0
8709.11.00,87091100,9903.88.01,25.0
8709.19.00,87091900,9903.88.01,25.0
8709.90.00,87099000,9903.88.01,25.0
8710.00.00,87100000,9903.88.15,7.5
8711.10.00,87111000,9903.88.02,25.0
8711.20.00,87112000,9903.88.15,7.5
8711.30.00,87113000,9903.88.15,7.5
8711.40.30,87114030,9903.88.15,7.5
8711.40.60,87114060,9903.88.15,7.5
8711.50.00,87115000,9903.88.01,25.0
8711.60.00,87116000,9903.88.02,25.0
8711.90.01,87119001,9903.88.02,25.0
8712.00.15,87120015,9903.88.03,25.0
8712.00.25,87120025,9903.88.03,25.0
8712.00.35,87120035,9903.88.03,25.0
8712.00.44,87120044,9903.88.03,25.0
8712.00.48,87120048,9903.88.03,25.0
8712.00.50,87120050,9903.88.03,25.0
8714.10.00,87141000,9903.88.15,7.5
8714.91.20,87149120,9903.88.03,25.0
8714.91.30,87149130,9903.88.03,25.0
8714.91.50,87149150,9903.88.03,25.0
8714.91.90,87149190,9903.88.03,25.0
8714.92.10,87149210,9903.88.03,25.0
8714.92.50,87149250,9903.88.03,25.0
8714.93.05,87149305,9903.88.03,25.0
8714.93.15,87149315,9903.88.03,25.0
8714.93.24,87149324,9903.88.03,25.0
8714.93.28,87149328,9903.88.03,25.0
8714.93.35,87149335,9903.88.03,25.0
8714.93.70,87149370,9903.88.03,25.0
8714.94.30,87149430,9903.88.03,25.0
8714.94.90,87149490,9903.88.03,25.0
8714.95.00,87149500,9903.88.03,25.0
8714.96.10,87149610,9903.88.03,25.0
8714.96.50,87149650,9903.88.03,25.0
8714.96.90,87149690,9903.88.03,25.0
8714.99.10,87149910,9903.88.15,7.5
8714.99.50,87149950,9903.88.15,7.5
8714.99.60,87149960,9903.88.15,7.5
8714.99.80,87149980,9903.88.15,7.5
8716.10.00,87161000,9903.88.03,25.0
8716.20.00,87162000,9903.88.03,25.0
8716.31.00,87163100,9903.88.03,25.0
8716.39.00,87163900,9903.88.03,25.0
8716.40.00,87164000,9903.88.03,25.0
8716.80.10,87168010,9903.88.03,25.0
8716.80.50,87168050,9903.88.03,25.0
8716.90.10,87169010,9903.88.03,25.0
8716.90.30,87169030,9903.88.03,25.0
8716.90.50,87169050,9903.88.03,25.0
8801.00.00,88010000,9903.88.15,7.5
8802-11-01 00:00:00,8802-11-01 00:00:00,9903.88.01,25.0
8802-12-01 00:00:00,8802-12-01 00:00:00,9903.88.01,25.0
8802.20.01,88022001,9903.88.01,25.0
8802.30.01,88023001,9903.88.01,25.0
8802.40.01,88024001,9903.88.01,25.0
8802.60.30,88026030,9903.88.01,25.0
8802.60.90,88026090,9903.88.01,25.0
8804.00.00,88040000,9903.88.03,25.0
8805.10.00,88051000,9903.88.01,25.0
8805.21.00,88052100,9903.88.01,25.0
8805.29.00,88052900,9903.88.01,25.0
8806.10.00,88061000,9903.88.01,25.0
8806.21.00,88062100,9903.88.01,25.0
8806.22.00,88062200,9903.88.01,25.0
8806.23.00,88062300,9903.88.01,25.0
8806.24.00,88062400,9903.88.01,25.0
8806.29.00,88062900,9903.88.01,25.0
8806.91.00,88069100,9903.88.01,25.0
8806.92.00,88069200,9903.88.01,25.0
8806.93.00,88069300,9903.88.01,25.0
8806.94.00,88069400,9903.88.01,25.0
8806.99.00,88069900,9903.88.01,25.0
8807.10.00,88071000,9903.88.01,25.0
8807.20.00,88072000,9903.88.01,25.0
8807.30.00,88073000,9903.88.01,25.0
8807.90.30,88079030,9903.88.01,25.0
8807.90.90,88079090,9903.88.01,25.0
8901.10.00,89011000,9903.88.01,25.0
8901.20.00,89012000,9903.88.01,25.0
8901.30.00,89013000,9903.88.02,25.0
8901.90.00,89019000,9903.88.01,25.0
8902.00.00,89020000,9903.88.01,25.0
8903.11.00,89031100,9903.88.03,25.0
8903.12.00,89031200,9903.88.03,25.0
8903.19.00,89031900,9903.88.03,25.0
8903.21.00,89032100,9903.88.03,25.0
8903.22.00,89032200,9903.88.03,25.0
8903.23.00,89032300,9903.88.03,25.0
8903.31.00,89033100,9903.88.03,25.0
8903.32.00,89033200,9903.88.03,25.0
8903.33.00,89033300,9903.88.03,25.0
8903.93.05,89039305,9903.88.03,25.0
8903.93.15,89039315,9903.88.03,25.0
8903.93.20,89039320,9903.88.03,25.0
8903.93.90,89039390,9903.88.03,25.0
8903.99.06,89039906,9903.88.03,25.0
8903.99.16,89039916,9903.88.03,25.0
8903.99.21,89039921,9903.88.03,25.0
8903.99.91,89039991,9903.88.03,25.0
8904.00.00,89040000,9903.88.01,25.0
8905.10.00,89051000,9903.88.01,25.0
8905.20.00,89052000,9903.88.01,25.0
8905.90.50,89059050,9903.88.01,25.0
8906.10.00,89061000,9903.88.15,7.5
8906.90.00,89069000,9903.88.01,25.0
8907.10.00,89071000,9903.88.03,25.0
8907.90.00,89079000,9903.88.15,7.5
8908.00.00,89080000,9903.88.01,25.0
9001.10.00,90011000,9903.88.02,25.0
9001.20.00,90012000,9903.88.02,25.0
9001.30.00,90013000,9903.88.15,7.5
9001.40.00,90014000,9903.88.15,7.5
9001.50.00,90015000,9903.88.15,7.5
9001.90.40,90019040,9903.88.03,25.0
9001.90.50,90019050,9903.88.03,25.0
9001.90.60,90019060,9903.88.03,25.0
9001.90.80,90019080,9903.88.03,25.0
9001.90.90,90019090,9903.88.03,25.0
9002.11.40,90021140,9903.88.03,25.0
9002.11.60,90021160,9903.88.03,25.0
9002.11.90,90021190,9903.88.03,25.0
9002.19.00,90021900,9903.88.03,25.0
9002.20.40,90022040,9903.88.03,25.0
9002.20.80,90022080,9903.88.03,25.0
9002.90.20,90029020,9903.88.01,25.0
9002.90.40,90029040,9903.88.01,25.0
9002.90.70,90029070,9903.88.01,25.0
9002.90.85,90029085,9903.88.03,25.0
9002.90.95,90029095,9903.88.01,25.0
9003.11.00,90031100,9903.88.15,7.5
9003.19.00,90031900,9903.88.15,7.5
9003.90.00,90039000,9903.88.15,7.5
9004.10.00,90041000,9903.88.15,7.5
9004.90.00,90049000,9903.88.15,7.5
9005.10.00,90051000,9903.88.15,7.5
9005.80.60,90058060,9903.88.15,7.5
9005.90.40,90059040,9903.88.15,7.5
9005.90.80,90059080,9903.88.15,7.5
9006.30.00,90063000,9903.88.03,25.0
9006.40.40,90064040,9903.88.15,7.5
9006.53.02,90065302,9903.88.15,7.5
9006.59.01,90065901,9903.88.15,7.5
9006.59.05,90065905,9903.88.15,7.5
9006.59.08,90065908,9903.88.15,7.5
9006.59.10,90065910,9903.88.15,7.5
9006.59.12,90065912,9903.88.15,7.5
9006.59.15,90065915,9903.88.15,7.5
9006.59.20,90065920,9903.88.15,7.5
9006.59.40,90065940,9903.88.15,7.5
9006.59.91,90065991,9903.88.15,7.5
9006.61.00,90066100,9903.88.15,7.5
9006.91.00,90069100,9903.88.15,7.5
9006.99.00,90069900,9903.88.15,7.5
9007.10.00,90071000,9903.88.03,25.0
9007.20.20,90072020,9903.88.03,25.0
9007.20.40,90072040,9903.88.03,25.0
9007.20.60,90072060,9903.88.03,25.0
9007.20.80,90072080,9903.88.03,25.0
9007.91.40,90079140,9903.88.15,7.5
9007.91.80,90079180,9903.88.15,7.5
9007.92.00,90079200,9903.88.03,25.0
9008.50.20,90085020,9903.88.15,7.5
9008.50.30,90085030,9903.88.15,7.5
9008.50.50,90085050,9903.88.03,25.0
9008.90.40,90089040,9903.88.03,25.0
9008.90.80,90089080,9903.88.03,25.0
9010.10.00,90101000,9903.88.03,25.0
9010.50.10,90105010,9903.88.03,25.0
9010.50.20,90105020,9903.88.03,25.0
9010.50.30,90105030,9903.88.03,25.0
9010.50.40,90105040,9903.88.03,25.0
9010.50.50,90105050,9903.88.03,25.0
9010.50.60,90105060,9903.88.03,25.0
9010.60.00,90106000,9903.88.03,25.0
9010.90.85,90109085,9903.88.03,25.0
9010.90.95,90109095,9903.88.03,25.0
9011.10.40,90111040,9903.88.01,25.0
9011.10.80,90111080,9903.88.01,25.0
9011.20.40,90112040,9903.88.01,25.0
9011.20.80,90112080,9903.88.03,25.0
9011.80.00,90118000,9903.88.03,25.0
9011.90.00,90119000,9903.88.01,25.0
9012.10.00,90121000,9903.88.01,25.0
9012.90.00,90129000,9903.88.01,25.0
9013-10-10 00:00:00,9013-10-10 00:00:00,9903.88.15,7.5
9013-10-30 00:00:00,9013-10-30 00:00:00,9903.88.03,25.0
9013.10.45,90131045,9903.88.01,25.0
9013.10.50,90131050,9903.88.15,7.5
9013.20.00,90132000,9903.88.01,25.0
9013.80.20,90138020,9903.88.03,25.0
9013.80.40,90138040,9903.88.03,25.0
9013.80.91,90138091,9903.88.15,7.5
9013.90.20,90139020,9903.88.15,7.5
9013.90.70,90139070,9903.88.03,25.0
9013.90.80,90139080,9903.88.03,25.0
9014-10-10 00:00:00,9014-10-10 00:00:00,9903.88.03,25.0
9014.10.60,90141060,9903.88.15,7.5
9014.10.70,90141070,9903.88.01,25.0
9014.10.90,90141090,9903.88.02,25.0
9014.20.20,90142020,9903.88.01,25.0
9014.20.40,90142040,9903.88.01,25.0
9014.20.60,90142060,9903.88.01,25.0
9014.20.80,90142080,9903.88.01,25.0
9014.80.10,90148010,9903.88.01,25.0
9014.80.20,90148020,9903.88.01,25.0
9014.80.40,90148040,9903.88.01,25.0
9014.80.50,90148050,9903.88.01,25.0
9014.90.10,90149010,9903.88.01,25.0
9014.90.20,90149020,9903.88.01,25.0
9014.90.40,90149040,9903.88.01,25.0
9014.90.60,90149060,9903.88.01,25.0
9015.10.40,90151040,9903.88.03,25.0
9015.10.80,90151080,9903.88.01,25.0
9015.20.40,90152040,9903.88.01,25.0
9015.20.80,90152080,9903.88.01,25.0
9015.30.40,90153040,9903.88.03,25.0
9015.30.80,90153080,9903.88.03,25.0
9015.40.40,90154040,9903.88.01,25.0
9015.40.80,90154080,9903.88.01,25.0
9015.80.20,90158020,9903.88.01,25.0
9015.80.60,90158060,9903.88.01,25.0
9015.80.80,90158080,9903.88.01,25.0
9015.90.01,90159001,9903.88.03,25.0
9016.00.20,90160020,9903.88.03,25.0
9016.00.40,90160040,9903.88.03,25.0
9016.00.60,90160060,9903.88.03,25.0
9017.10.40,90171040,9903.88.03,25.0
9017.10.80,90171080,9903.88.03,25.0
9017.20.40,90172040,9903.88.03,25.0
9017.20.70,90172070,9903.88.03,25.0
9017.20.80,90172080,9903.88.03,25.0
9017.30.40,90173040,9903.88.03,25.0
9017.30.80,90173080,9903.88.03,25.0
9017.80.00,90178000,9903.88.03,25.0
9017.90.01,90179001,9903.88.03,25.0
9018-11-30 00:00:00,9018-11-30 00:00:00,9903.88.01,25.0
9018.11.60,90181160,9903.88.01,25.0
9018.11.90,90181190,9903.88.01,25.0
9018.12.00,90181200,9903.88.01,25.0
9018.13.00,90181300,9903.88.01,25.0
9018.14.00,90181400,9903.88.01,25.0
9018.19.40,90181940,9903.88.01,25.0
9018.19.55,90181955,9903.88.01,25.0
9018.19.75,90181975,9903.88.01,25.0
9018.19.95,90181995,9903.88.01,25.0
9018.20.00,90182000,9903.88.01,25.0
9018.31.00,90183100,9903.91.03,100.0
9018.32.00,90183200,9903.91.03,100.0
9018.90.20,90189020,9903.88.01,25.0
9018.90.30,90189030,9903.88.01,25.0
9018.90.60,90189060,9903.88.01,25.0
9018.90.75,90189075,9903.88.01,25.0
9021.50.00,90215000,9903.88.01,25.0
9022.12.00,90221200,9903.88.01,25.0
9022.13.00,90221300,9903.88.01,25.0
9022.14.00,90221400,9903.88.01,25.0
9022.19.00,90221900,9903.88.01,25.0
9022.21.00,90222100,9903.88.01,25.0
9022.29.80,90222980,9903.88.01,25.0
9022.30.00,90223000,9903.88.01,25.0
9022.90.05,90229005,9903.88.01,25.0
9022.90.15,90229015,9903.88.01,25.0
9022.90.25,90229025,9903.88.01,25.0
9022.90.40,90229040,9903.88.01,25.0
9022.90.60,90229060,9903.88.01,25.0
9022.90.95,90229095,9903.88.01,25.0
9023.00.00,90230000,9903.88.15,7.5
9024.10.00,90241000,9903.88.01,25.0
9024.80.00,90248000,9903.88.01,25.0
9024.90.00,90249000,9903.88.01,25.0
9025.19.40,90251940,9903.88.02,25.0
9025.19.80,90251980,9903.88.02,25.0
9025.80.10,90258010,9903.88.02,25.0
9025.80.15,90258015,9903.88.15,7.5
9025.80.20,90258020,9903.88.03,25.0
9025.80.35,90258035,9903.88.15,7.5
9025.80.40,90258040,9903.88.15,7.5
9025.80.50,90258050,9903.88.15,7.5
9025.90.06,90259006,9903.88.03,25.0
9026-10-20 00:00:00,9026-10-20 00:00:00,9903.88.01,25.0
9026.10.40,90261040,9903.88.15,7.5
9026.10.60,90261060,9903.88.15,7.5
9026.20.40,90262040,9903.88.01,25.0
9026.20.80,90262080,9903.88.15,7.5
9026.80.20,90268020,9903.88.01,25.0
9026.80.40,90268040,9903.88.03,25.0
9026.80.60,90268060,9903.88.15,7.5
9026.90.20,90269020,9903.88.01,25.0
9026.90.40,90269040,9903.88.01,25.0
9026.90.60,90269060,9903.88.01,25.0
9027-10-20 00:00:00,9027-10-20 00:00:00,9903.88.02,25.0
9027.10.40,90271040,9903.88.03,25.0
9027.10.60,90271060,9903.88.03,25.0
9027.20.50,90272050,9903.88.01,25.0
9027.20.80,90272080,9903.88.01,25.0
9027.30.40,90273040,9903.88.01,25.0
9027.30.80,90273080,9903.88.01,25.0
9027.50.10,90275010,9903.88.01,25.0
9027.50.40,90275040,9903.88.01,25.0
9027.50.80,90275080,9903.88.01,25.0
9027.81.00,90278100,9903.88.01,25.0
9027.89.25,90278925,9903.88.01,25.0
9027.89.45,90278945,9903.88.01,25.0
9027.89.80,90278980,9903.88.01,25.0
9027.90.20,90279020,9903.88.15,7.5
9027.90.45,90279045,9903.88.01,25.0
9027.90.54,90279054,9903.88.01,25.0
9027.90.56,90279056,9903.88.01,25.0
9027.90.59,90279059,9903.88.01,25.0
9027.90.64,90279064,9903.88.01,25.0
9027.90.68,90279068,9903.88.03,25.0
9027.90.84,90279084,9903.88.01,25.0
9027.90.88,90279088,9903.88.01,25.0
9028.10.00,90281000,9903.88.02,25.0
9028.20.00,90282000,9903.88.02,25.0
9028.30.00,90283000,9903.88.02,25.0
9028.90.00,90289000,9903.88.01,25.0
9029.10.40,90291040,9903.88.03,25.0
9029.10.80,90291080,9903.88.03,25.0
9029.20.20,90292020,9903.88.03,25.0
9029.20.40,90292040,9903.88.02,25.0
9029.20.60,90292060,9903.88.03,25.0
9029.90.20,90299020,9903.88.03,25.0
9029.90.40,90299040,9903.88.03,25.0
9029.90.60,90299060,9903.88.15,7.5
9029.90.80,90299080,9903.88.02,25.0
9030.10.00,90301000,9903.88.01,25.0
9030.20.05,90302005,9903.88.01,25.0
9030.20.10,90302010,9903.88.03,25.0
9030.31.00,90303100,9903.88.02,25.0
9030.32.00,90303200,9903.88.02,25.0
9030.33.34,90303334,9903.88.01,25.0
9030.33.38,90303338,9903.88.01,25.0
9030.39.01,90303901,9903.88.01,25.0
9030.40.00,90304000,9903.88.01,25.0
9030.82.00,90308200,9903.88.01,25.0
9030.84.00,90308400,9903.88.02,25.0
9030.89.01,90308901,9903.88.02,25.0
9030.90.25,90309025,9903.88.01,25.0
9030.90.46,90309046,9903.88.01,25.0
9030.90.66,90309066,9903.88.01,25.0
9030.90.68,90309068,9903.88.01,25.0
9030.90.84,90309084,9903.88.01,25.0
9030.90.89,90309089,9903.88.01,25.0
9031.10.00,90311000,9903.88.01,25.0
9031.20.00,90312000,9903.88.01,25.0
9031.41.00,90314100,9903.88.01,25.0
9031.49.10,90314910,9903.88.01,25.0
9031.49.40,90314940,9903.88.01,25.0
9031.49.70,90314970,9903.88.01,25.0
9031.49.90,90314990,9903.88.01,25.0
9031.80.40,90318040,9903.88.01,25.0
9031.80.80,90318080,9903.88.01,25.0
9031.90.21,90319021,9903.88.01,25.0
9031.90.45,90319045,9903.88.03,25.0
9031.90.54,90319054,9903.88.01,25.0
9031.90.59,90319059,9903.88.01,25.0
9031.90.70,90319070,9903.88.01,25.0
9031.90.91,90319091,9903.88.01,25.0
9032.10.00,90321000,9903.88.01,25.0
9032.20.00,90322000,9903.88.01,25.0
9032.81.00,90328100,9903.88.01,25.0
9032.89.20,90328920,9903.88.01,25.0
9032.89.40,90328940,9903.88.01,25.0
9032.89.60,90328960,9903.88.01,25.0
9032.90.21,90329021,9903.88.01,25.0
9032.90.41,90329041,9903.88.01,25.0
9032.90.61,90329061,9903.88.01,25.0
9033.00.20,90330020,9903.88.01,25.0
9033.00.30,90330030,9903.88.01,25.0
9033.00.90,90330090,9903.88.01,25.0
9101.11.40,91011140,9903.88.15,7.5
9101.11.80,91011180,9903.88.15,7.5
9101.19.20,91011920,9903.88.15,7.5
9101.19.40,91011940,9903.88.15,7.5
9101.19.80,91011980,9903.88.15,7.5
9101.21.10,91012110,9903.88.15,7.5
9101.21.30,91012130,9903.88.15,7.5
9101.21.50,91012150,9903.88.15,7.5
9101.21.80,91012180,9903.88.15,7.5
9101.29.10,91012910,9903.88.15,7.5
9101.29.20,91012920,9903.88.15,7.5
9101.29.30,91012930,9903.88.15,7.5
9101.29.40,91012940,9903.88.15,7.5
9101.29.50,91012950,9903.88.15,7.5
9101.29.70,91012970,9903.88.15,7.5
9101.29.80,91012980,9903.88.15,7.5
9101.29.90,91012990,9903.88.15,7.5
9101.91.20,91019120,9903.88.15,7.5
9101.91.80,91019180,9903.88.15,7.5
9101.99.20,91019920,9903.88.15,7.5
9101.99.60,91019960,9903.88.15,7.5
9101.99.80,91019980,9903.88.15,7.5
9102-11-10 00:00:00,9102-11-10 00:00:00,9903.88.15,7.5
9102-11-25 00:00:00,9102-11-25 00:00:00,9903.88.15,7.5
9102-11-30 00:00:00,9102-11-30 00:00:00,9903.88.15,7.5
9102.11.45,91021145,9903.88.15,7.5
9102.11.50,91021150,9903.88.15,7.5
9102.11.65,91021165,9903.88.15,7.5
9102.11.70,91021170,9903.88.15,7.5
9102.11.95,91021195,9903.88.15,7.5
9102.12.80,91021280,9903.88.15,7.5
9102.19.20,91021920,9903.88.15,7.5
9102.19.40,91021940,9903.88.15,7.5
9102.19.60,91021960,9903.88.15,7.5
9102.19.80,91021980,9903.88.15,7.5
9102.21.10,91022110,9903.88.15,7.5
9102.21.25,91022125,9903.88.15,7.5
9102.21.30,91022130,9903.88.15,7.5
9102.21.50,91022150,9903.88.15,7.5
9102.21.70,91022170,9903.88.15,7.5
9102.21.90,91022190,9903.88.15,7.5
9102.29.02,91022902,9903.88.15,7.5
9102.29.04,91022904,9903.88.15,7.5
9102.29.10,91022910,9903.88.15,7.5
9102.29.20,91022920,9903.88.15,7.5
9102.29.25,91022925,9903.88.15,7.5
9102.29.30,91022930,9903.88.15,7.5
9102.29.35,91022935,9903.88.15,7.5
9102.29.40,91022940,9903.88.15,7.5
9102.29.45,91022945,9903.88.15,7.5
9102.29.50,91022950,9903.88.15,7.5
9102.29.55,91022955,9903.88.15,7.5
9102.29.60,91022960,9903.88.15,7.5
9102.91.20,91029120,9903.88.15,7.5
9102.91.40,91029140,9903.88.15,7.5
9102.91.80,91029180,9903.88.15,7.5
9102.99.20,91029920,9903.88.15,7.5
9102.99.40,91029940,9903.88.15,7.5
9102.99.60,91029960,9903.88.15,7.5
9102.99.80,91029980,9903.88.15,7.5
9103.10.80,91031080,9903.88.15,7.5
9103.90.00,91039000,9903.88.15,7.5
9104.00.05,91040005,9903.88.03,25.0
9104.00.10,91040010,9903.88.03,25.0
9104.00.20,91040020,9903.88.03,25.0
9104.00.25,91040025,9903.88.03,25.0
9104.00.30,91040030,9903.88.03,25.0
9104.00.40,91040040,9903.88.03,25.0
9104.00.45,91040045,9903.88.03,25.0
9104.00.50,91040050,9903.88.03,25.0
9104.00.60,91040060,9903.88.15,7.5
9105.19.10,91051910,9903.88.15,7.5
9105.19.20,91051920,9903.88.15,7.5
9105.19.30,91051930,9903.88.15,7.5
9105.19.50,91051950,9903.88.15,7.5
9105.29.10,91052910,9903.88.15,7.5
9105.29.20,91052920,9903.88.15,7.5
9105.29.30,91052930,9903.88.15,7.5
9105.29.50,91052950,9903.88.15,7.5
9105.99.10,91059910,9903.88.15,7.5
9105.99.20,91059920,9903.88.15,7.5
9105.99.30,91059930,9903.88.15,7.5
9105.99.40,91059940,9903.88.15,7.5
9105.99.60,91059960,9903.88.15,7.5
9106.10.00,91061000,9903.88.03,25.0
9106.90.20,91069020,9903.88.03,25.0
9106.90.40,91069040,9903.88.03,25.0
9106.90.55,91069055,9903.88.03,25.0
9106.90.65,91069065,9903.88.03,25.0
9106.90.75,91069075,9903.88.03,25.0
9106.90.85,91069085,9903.88.03,25.0
9107.00.40,91070040,9903.88.03,25.0
9107.00.80,91070080,9903.88.03,25.0
9108.11.40,91081140,9903.88.15,7.5
9108.11.80,91081180,9903.88.15,7.5
9108.19.40,91081940,9903.88.15,7.5
9108.19.80,91081980,9903.88.15,7.5
9108.20.40,91082040,9903.88.15,7.5
9108.20.80,91082080,9903.88.15,7.5
9108.90.10,91089010,9903.88.15,7.5
9108.90.20,91089020,9903.88.15,7.5
9108.90.30,91089030,9903.88.15,7.5
9108.90.40,91089040,9903.88.15,7.5
9108.90.50,91089050,9903.88.15,7.5
9108.90.60,91089060,9903.88.15,7.5
9108.90.70,91089070,9903.88.15,7.5
9108.90.85,91089085,9903.88.15,7.5
9108.90.90,91089090,9903.88.15,7.5
9108.90.95,91089095,9903.88.15,7.5
9109-10-20 00:00:00,9109-10-20 00:00:00,9903.88.15,7.5
9109.10.40,91091040,9903.88.15,7.5
9109.10.50,91091050,9903.88.15,7.5
9109.10.80,91091080,9903.88.15,7.5
9109.90.20,91099020,9903.88.15,7.5
9109.90.60,91099060,9903.88.15,7.5
9110.11.00,91101100,9903.88.15,7.5
9110.12.00,91101200,9903.88.15,7.5
9110.19.00,91101900,9903.88.15,7.5
9110.90.20,91109020,9903.88.15,7.5
9110.90.40,91109040,9903.88.15,7.5
9110.90.60,91109060,9903.88.15,7.5
9111.10.00,91111000,9903.88.15,7.5
9111.20.20,91112020,9903.88.15,7.5
9111.20.40,91112040,9903.88.15,7.5
9111.80.00,91118000,9903.88.15,7.5
9111.90.40,91119040,9903.88.15,7.5
9111.90.50,91119050,9903.88.15,7.5
9111.90.70,91119070,9903.88.15,7.5
9112.20.40,91122040,9903.88.15,7.5
9112.20.80,91122080,9903.88.15,7.5
9112.90.00,91129000,9903.88.15,7.5
9113.10.00,91131000,9903.88.15,7.5
9113.20.60,91132060,9903.88.15,7.5
9113.20.90,91132090,9903.88.15,7.5
9113.90.80,91139080,9903.88.15,7.5
9114.30.40,91143040,9903.88.15,7.5
9114.30.80,91143080,9903.88.15,7.5
9114.40.20,91144020,9903.88.15,7.5
9114.40.40,91144040,9903.88.15,7.5
9114.40.60,91144060,9903.88.15,7.5
9114.40.80,91144080,9903.88.15,7.5
9114.90.10,91149010,9903.88.15,7.5
9114.90.15,91149015,9903.88.15,7.5
9114.90.34,91149034,9903.88.15,7.5
9114.90.38,91149038,9903.88.15,7.5
9114.90.40,91149040,9903.88.15,7.5
9114.90.50,91149050,9903.88.15,7.5
9201.10.00,92011000,9903.88.15,7.5
9201.20.00,92012000,9903.88.15,7.5
9201.90.00,92019000,9903.88.15,7.5
9202.90.20,92029020,9903.88.15,7.5
9202.90.40,92029040,9903.88.15,7.5
9205.10.00,92051000,9903.88.15,7.5
9205.90.12,92059012,9903.88.15,7.5
9205.90.14,92059014,9903.88.15,7.5
9205.90.15,92059015,9903.88.15,7.5
9205.90.18,92059018,9903.88.15,7.5
9205.90.19,92059019,9903.88.15,7.5
9205.90.20,92059020,9903.88.15,7.5
9205.90.40,92059040,9903.88.15,7.5
9205.90.60,92059060,9903.88.15,7.5
9206.00.20,92060020,9903.88.15,7.5
9206.00.40,92060040,9903.88.15,7.5
9206.00.60,92060060,9903.88.15,7.5
9206.00.80,92060080,9903.88.15,7.5
9207.10.00,92071000,9903.88.15,7.5
9207.90.00,92079000,9903.88.15,7.5
9208.90.00,92089000,9903.88.15,7.5
9209.30.00,92093000,9903.88.15,7.5
9209.91.40,92099140,9903.88.15,7.5
9209.91.80,92099180,9903.88.15,7.5
9209.92.40,92099240,9903.88.15,7.5
9209.92.60,92099260,9903.88.15,7.5
9209.92.80,92099280,9903.88.15,7.5
9209.94.80,92099480,9903.88.15,7.5
9209.99.05,92099905,9903.88.15,7.5
9209.99.10,92099910,9903.88.15,7.5
9209.99.16,92099916,9903.88.15,7.5
9209.99.18,92099918,9903.88.15,7.5
9209.99.20,92099920,9903.88.15,7.5
9209.99.40,92099940,9903.88.15,7.5
9209.99.61,92099961,9903.88.15,7.5
9209.99.80,92099980,9903.88.15,7.5
9301.10.00,93011000,9903.88.15,7.5
9301.20.00,93012000,9903.88.15,7.5
9301.90.30,93019030,9903.88.15,7.5
9301.90.60,93019060,9903.88.15,7.5
9301.90.90,93019090,9903.88.15,7.5
9302.00.00,93020000,9903.88.15,7.5
9303.10.00,93031000,9903.88.15,7.5
9303.20.00,93032000,9903.88.15,7.5
9303.30.40,93033040,9903.88.15,7.5
9303.30.80,93033080,9903.88.15,7.5
9303.90.40,93039040,9903.88.15,7.5
9303.90.80,93039080,9903.88.15,7.5
9304.00.20,93040020,9903.88.15,7.5
9304.00.40,93040040,9903.88.15,7.5
9304.00.60,93040060,9903.88.15,7.5
9305-10-20 00:00:00,9305-10-20 00:00:00,9903.88.15,7.5
9305.10.40,93051040,9903.88.15,7.5
9305.10.60,93051060,9903.88.15,7.5
9305.10.80,93051080,9903.88.15,7.5
9305.20.05,93052005,9903.88.15,7.5
9305.20.80,93052080,9903.88.15,7.5
9305.91.10,93059110,9903.88.15,7.5
9305.91.20,93059120,9903.88.15,7.5
9305.91.30,93059130,9903.88.15,7.5
9305.99.50,93059950,9903.88.15,7.5
9305.99.60,93059960,9903.88.15,7.5
9306.21.00,93062100,9903.88.15,7.5
9306.29.00,93062900,9903.88.15,7.5
9306.30.41,93063041,9903.88.15,7.5
9306.30.80,93063080,9903.88.15,7.5
9306.90.00,93069000,9903.88.15,7.5
9307.00.00,93070000,9903.88.15,7.5
9401.10.40,94011040,9903.88.15,7.5
9401.10.80,94011080,9903.88.15,7.5
9401.20.00,94012000,9903.88.03,25.0
9401.31.00,94013100,9903.88.03,25.0
9401.39.00,94013900,9903.88.03,25.0
9401.41.00,94014100,9903.88.03,25.0
9401.49.00,94014900,9903.88.03,25.0
9401.52.00,94015200,9903.88.03,25.0
9401.53.00,94015300,9903.88.03,25.0
9401.59.00,94015900,9903.88.03,25.0
9401.61.20,94016120,9903.88.03,25.0
9401.61.4011,9401614011,9903.88.04,25.0
9401.61.4031,9401614031,9903.88.04,25.0
9401.61.60,94016160,9903.88.03,25.0
9401.69.20,94016920,9903.88.03,25.0
9401.69.40,94016940,9903.88.03,25.0
9401.69.6001,9401696001,9903.88.15,7.5
9401.69.6011,9401696011,9903.88.04,25.0
9401.69.6031,9401696031,9903.88.04,25.0
9401.69.80,94016980,9903.88.03,25.0
9401.71.0007,9401710007,9903.88.15,7.5
9401.71.0008,9401710008,9903.88.04,25.0
9401.71.0011,9401710011,9903.88.04,25.0
9401.71.0031,9401710031,9903.88.04,25.0
9401.79.0006,9401790006,9903.88.04,25.0
9401.79.0011,9401790011,9903.88.04,25.0
9401.79.0015,9401790015,9903.88.04,25.0
9401.79.0025,9401790025,9903.88.04,25.0
9401.79.0035,9401790035,9903.88.04,25.0
9401.79.0046,9401790046,9903.88.04,25.0
9401.79.0050,9401790050,9903.88.04,25.0
9401.80.2005,9401802005,9903.88.04,25.0
9401.80.2011,9401802011,9903.88.04,25.0
9401.80.2031,9401802031,9903.88.04,25.0
9401.80.4004,9401804004,9903.88.04,25.0
9401.80.4006,9401804006,9903.88.04,25.0
9401.80.4015,9401804015,9903.88.04,25.0
9401.80.4026,9401804026,9903.88.04,25.0
9401.80.4035,9401804035,9903.88.04,25.0
9401.80.4046,9401804046,9903.88.04,25.0
9401.80.6024,9401806024,9903.88.04,25.0
9401.80.6025,9401806025,9903.88.04,25.0
9401.80.6028,9401806028,9903.88.04,25.0
9401.80.6030,9401806030,9903.88.04,25.0
9401.91.15,94019115,9903.88.15,7.5
9401.91.20,94019120,9903.88.15,7.5
9401.91.90,94019190,9903.88.03,25.0
9401.99.10,94019910,9903.88.15,7.5
9401.99.25,94019925,9903.88.15,7.5
9401.99.35,94019935,9903.88.03,25.0
9401.99.90,94019990,9903.88.03,25.0
9403.10.00,94031000,9903.88.03,25.0
9403.20.00,94032000,9903.88.03,25.0
9403.30.40,94033040,9903.88.03,25.0
9403.30.80,94033080,9903.88.03,25.0
9403.40.40,94034040,9903.88.03,25.0
9403.40.60,94034060,9903.88.03,25.0
9403.40.90,94034090,9903.88.03,25.0
9403.50.40,94035040,9903.88.03,25.0
9403.50.60,94035060,9903.88.03,25.0
9403.50.90,94035090,9903.88.03,25.0
9403.60.40,94036040,9903.88.03,25.0
9403.60.80,94036080,9903.88.03,25.0
9403.70.4001,9403704001,9903.88.04,25.0
9403.70.4002,9403704002,9903.88.04,25.0
9403.70.4015,9403704015,9903.88.04,25.0
9403.70.4020,9403704020,9903.88.04,25.0
9403.70.4031,9403704031,9903.88.04,25.0
9403.70.8001,9403708001,9903.88.04,25.0
9403.70.8002,9403708002,9903.88.04,25.0
9403.70.8015,9403708015,9903.88.04,25.0
9403.70.8020,9403708020,9903.88.04,25.0
9403.70.8031,9403708031,9903.88.04,25.0
9403.82.00,94038200,9903.88.03,25.0
9403.83.00,94038300,9903.88.03,25.0
9403.89.30,94038930,9903.88.03,25.0
9403.89.60,94038960,9903.88.03,25.0
9403.91.00,94039100,9903.88.03,25.0
9403.99.10,94039910,9903.88.03,25.0
9403.99.20,94039920,9903.88.03,25.0
9403.99.30,94039930,9903.88.03,25.0
9403.99.40,94039940,9903.88.03,25.0
9403.99.50,94039950,9903.88.03,25.0
9403.99.90,94039990,9903.88.03,25.0
9404.10.00,94041000,9903.88.03,25.0
9404.21.00,94042100,9903.88.03,25.0
9404.29.10,94042910,9903.88.03,25.0
9404.29.90,94042990,9903.88.03,25.0
9404.90.10,94049010,9903.88.15,7.5
9404.90.20,94049020,9903.88.15,7.5
9405.11.40,94051140,9903.88.03,25.0
9405.11.60,94051160,9903.88.03,25.0
9405.11.80,94051180,9903.88.03,25.0
9405.19.40,94051940,9903.88.03,25.0
9405.19.60,94051960,9903.88.03,25.0
9405.19.80,94051980,9903.88.03,25.0
9405.21.40,94052140,9903.88.03,25.0
9405.21.60,94052160,9903.88.03,25.0
9405.21.80,94052180,9903.88.03,25.0
9405.29.40,94052940,9903.88.03,25.0
9405.29.60,94052960,9903.88.03,25.0
9405.29.80,94052980,9903.88.03,25.0
9405.31.00,94053100,9903.88.03,25.0
9405.39.00,94053900,9903.88.03,25.0
9405.41.40,94054140,9903.88.03,25.0
9405.41.60,94054160,9903.88.03,25.0
9405.41.82,94054182,9903.88.03,25.0
9405.41.84,94054184,9903.88.03,25.0
9405.42.40,94054240,9903.88.03,25.0
9405.42.60,94054260,9903.88.03,25.0
9405.42.82,94054282,9903.88.03,25.0
9405.42.84,94054284,9903.88.03,25.0
9405.49.00,94054900,9903.88.03,25.0
9405.50.20,94055020,9903.88.03,25.0
9405.50.30,94055030,9903.88.03,25.0
9405.50.40,94055040,9903.88.03,25.0
9405.61.20,94056120,9903.88.03,25.0
9405.61.40,94056140,9903.88.03,25.0
9405.61.60,94056160,9903.88.03,25.0
9405.69.20,94056920,9903.88.03,25.0
9405.69.40,94056940,9903.88.03,25.0
9405.69.60,94056960,9903.88.03,25.0
9405.91.10,94059110,9903.88.03,25.0
9405.91.30,94059130,9903.88.03,25.0
9405.91.40,94059140,9903.88.03,25.0
9405.91.60,94059160,9903.88.03,25.0
9405.92.00,94059200,9903.88.03,25.0
9405.99.20,94059920,9903.88.03,25.0
9405.99.40,94059940,9903.88.03,25.0
9406.10.00,94061000,9903.88.03,25.0
9406.20.00,94062000,9903.88.03,25.0
9406.90.01,94069001,9903.88.03,25.0
9504.20.20,95042020,9903.88.15,7.5
9504.20.40,95042040,9903.88.15,7.5
9504.20.80,95042080,9903.88.15,7.5
9504.30.00,95043000,9903.88.15,7.5
9504.90.90,95049090,9903.88.15,7.5
9505-10-10 00:00:00,9505-10-10 00:00:00,9903.88.15,7.5
9506-11-20 00:00:00,9506-11-20 00:00:00,9903.88.15,7.5
9506.11.40,95061140,9903.88.15,7.5
9506.11.60,95061160,9903.88.15,7.5
9506.12.40,95061240,9903.88.15,7.5
9506.12.80,95061280,9903.88.15,7.5
9506.19.40,95061940,9903.88.15,7.5
9506.19.80,95061980,9903.88.15,7.5
9506.21.40,95062140,9903.88.15,7.5
9506.21.80,95062180,9903.88.15,7.5
9506.29.00,95062900,9903.88.15,7.5
9506.31.00,95063100,9903.88.15,7.5
9506.32.00,95063200,9903.88.15,7.5
9506.39.00,95063900,9903.88.15,7.5
9506.51.60,95065160,9903.88.15,7.5
9506.59.80,95065980,9903.88.15,7.5
9506.61.00,95066100,9903.88.15,7.5
9506.62.40,95066240,9903.88.15,7.5
9506.62.80,95066280,9903.88.15,7.5
9506.69.20,95066920,9903.88.15,7.5
9506.69.40,95066940,9903.88.15,7.5
9506.69.60,95066960,9903.88.15,7.5
9506.70.40,95067040,9903.88.15,7.5
9506.70.60,95067060,9903.88.15,7.5
9506.91.00,95069100,9903.88.15,7.5
9506.99.05,95069905,9903.88.15,7.5
9506.99.20,95069920,9903.88.15,7.5
9506.99.25,95069925,9903.88.15,7.5
9506.99.28,95069928,9903.88.15,7.5
9506.99.30,95069930,9903.88.15,7.5
9506.99.35,95069935,9903.88.15,7.5
9506.99.40,95069940,9903.88.15,7.5
9506.99.45,95069945,9903.88.15,7.5
9506.99.55,95069955,9903.88.15,7.5
9506.99.60,95069960,9903.88.15,7.5
9507.20.40,95072040,9903.88.15,7.5
9507.20.80,95072080,9903.88.15,7.5
9507.30.60,95073060,9903.88.15,7.5
9507.30.80,95073080,9903.88.15,7.5
9507.90.20,95079020,9903.88.15,7.5
9507.90.40,95079040,9903.88.15,7.5
9507.90.70,95079070,9903.88.15,7.5
9508.10.00,95081000,9903.88.15,7.5
9508.21.00,95082100,9903.88.15,7.5
9508.22.00,95082200,9903.88.15,7.5
9508.23.00,95082300,9903.88.15,7.5
9508.24.00,95082400,9903.88.15,7.5
9508.25.00,95082500,9903.88.15,7.5
9508.26.00,95082600,9903.88.15,7.5
9508.29.00,95082900,9903.88.15,7.5
9508.30.00,95083000,9903.88.15,7.5
9508.40.00,95084000,9903.88.15,7.5
9601.10.00,96011000,9903.88.15,7.5
9601.90.20,96019020,9903.88.15,7.5
9601.90.40,96019040,9903.88.15,7.5
9601.90.60,96019060,9903.88.15,7.5
9601.90.80,96019080,9903.88.15,7.5
9602.00.10,96020010,9903.88.15,7.5
9602.00.40,96020040,9903.88.15,7.5
9602.00.50,96020050,9903.88.15,7.5
9603-10-15 00:00:00,9603-10-15 00:00:00,9903.88.15,7.5
9603.10.35,96031035,9903.88.15,7.5
9603.10.40,96031040,9903.88.15,7.5
9603.10.50,96031050,9903.88.15,7.5
9603.10.60,96031060,9903.88.15,7.5
9603.10.90,96031090,9903.88.15,7.5
9603.21.00,96032100,9903.88.15,7.5
9603.30.20,96033020,9903.88.15,7.5
9603.30.40,96033040,9903.88.15,7.5
9603.50.00,96035000,9903.88.15,7.5
9603.90.40,96039040,9903.88.15,7.5
9603.90.80,96039080,9903.88.15,7.5
9604.00.00,96040000,9903.88.15,7.5
9606.10.40,96061040,9903.88.03,25.0
9606.10.80,96061080,9903.88.03,25.0
9606.21.20,96062120,9903.88.03,25.0
9606.21.40,96062140,9903.88.03,25.0
9606.21.60,96062160,9903.88.03,25.0
9606.22.00,96062200,9903.88.03,25.0
9606.29.20,96062920,9903.88.03,25.0
9606.29.40,96062940,9903.88.03,25.0
9606.29.60,96062960,9903.88.03,25.0
9606.30.40,96063040,9903.88.03,25.0
9606.30.80,96063080,9903.88.03,25.0
9607.11.00,96071100,9903.88.03,25.0
9607.19.00,96071900,9903.88.03,25.0
9607.20.00,96072000,9903.88.03,25.0
9608.10.00,96081000,9903.88.15,7.5
9608.20.00,96082000,9903.88.15,7.5
9608.30.00,96083000,9903.88.15,7.5
9608.40.40,96084040,9903.88.15,7.5
9608.40.80,96084080,9903.88.15,7.5
9608.50.00,96085000,9903.88.15,7.5
9608.60.00,96086000,9903.88.15,7.5
9608.91.00,96089100,9903.88.15,7.5
9608.99.20,96089920,9903.88.15,7.5
9608.99.30,96089930,9903.88.15,7.5
9608.99.40,96089940,9903.88.15,7.5
9608.99.60,96089960,9903.88.15,7.5
9609.10.00,96091000,9903.88.15,7.5
9609.20.20,96092020,9903.88.15,7.5
9609.20.40,96092040,9903.88.15,7.5
9609.90.40,96099040,9903.88.15,7.5
9609.90.80,96099080,9903.88.15,7.5
9611.00.00,96110000,9903.88.15,7.5
9612-10-10 00:00:00,9612-10-10 00:00:00,9903.88.15,7.5
9612.10.90,96121090,9903.88.15,7.5
9612.20.00,96122000,9903.88.15,7.5
9613.10.00,96131000,9903.88.15,7.5
9613.80.10,96138010,9903.88.15,7.5
9613.80.20,96138020,9903.88.15,7.5
9613.80.40,96138040,9903.88.15,7.5
9613.80.80,96138080,9903.88.15,7.5
9613.90.40,96139040,9903.88.15,7.5
9613.90.80,96139080,9903.88.15,7.5
9614.00.21,96140021,9903.88.15,7.5
9614.00.25,96140025,9903.88.15,7.5
9614.00.26,96140026,9903.88.15,7.5
9614.00.98,96140098,9903.88.15,7.5
9616.10.00,96161000,9903.88.15,7.5
9617.00.40,96170040,9903.88.15,7.5
9618.00.00,96180000,9903.88.15,7.5
9619.00.05,96190005,9903.88.15,7.5
9619.00.11,96190011,9903.88.15,7.5
9619.00.15,96190015,9903.88.15,7.5
9619.00.21,96190021,9903.88.15,7.5
9619.00.25,96190025,9903.88.15,7.5
9619.00.33,96190033,9903.88.15,7.5
9619.00.43,96190043,9903.88.15,7.5
9619.00.48,96190048,9903.88.15,7.5
9619.00.64,96190064,9903.88.15,7.5
9619.00.71,96190071,9903.88.15,7.5
9619.00.74,96190074,9903.88.15,7.5
9619.00.78,96190078,9903.88.15,7.5
9619.00.90,96190090,9903.88.15,7.5
9620.00.10,96200010,9903.88.03,25.0
9620.00.15,96200015,9903.88.03,25.0
9620.00.20,96200020,9903.88.03,25.0
9620.00.25,96200025,9903.88.03,25.0
9620.00.30,96200030,9903.88.03,25.0
9620.00.50,96200050,9903.88.03,25.0
9620.00.55,96200055,9903.88.03,25.0
9620.00.60,96200060,9903.88.03,25.0
9620.00.65,96200065,9903.88.03,25.0
9620.00.70,96200070,9903.88.03,25.0
9701.21.00,97012100,9903.88.15,7.5
9701.22.00,97012200,9903.88.15,7.5
9701.29.00,97012900,9903.88.15,7.5
9701.91.00,97019100,9903.88.15,7.5
9701.92.00,97019200,9903.88.15,7.5
9701.99.00,97019900,9903.88.15,7.5
9702.10.00,97021000,9903.88.15,7.5
9702.90.00,97029000,9903.88.15,7.5
9703.10.00,97031000,9903.88.15,7.5
9703.90.00,97039000,9903.88.15,7.5
9704.00.00,97040000,9903.88.15,7.5
9705.10.00,97051000,9903.88.15,7.5
9705.21.00,97052100,9903.88.15,7.5
9705.22.00,97052200,9903.88.15,7.5
9705.29.00,97052900,9903.88.15,7.5
9705.31.00,97053100,9903.88.15,7.5
9705.39.00,97053900,9903.88.15,7.5
9706.10.00,97061000,9903.88.15,7.5
9706.90.00,97069000,9903.88.15,7.5
